Date,Close,High,Low,Open,Volume
1990-01-02,2.0191311836242676,2.0191311836242676,1.9867733120918274,1.9997164607048035,12128000
1990-01-03,1.990007996559143,2.0158942768721513,1.983536426480891,2.0158942768721513,12976000
1990-01-04,1.980298638343811,1.9932417666989994,1.9544123816334344,1.9900061821066677,7841600
1990-01-05,1.9641225337982178,1.999715986547481,1.960886549915491,1.980301268231486,8305600
1990-01-08,2.0061864852905273,2.0061864852905273,1.957649912981733,1.964121482289122,10064000
1990-01-09,1.990007996559143,2.0126582943363798,1.9803004439451197,2.0061867242581277,7419200
1990-01-10,1.9770649671554565,1.9932436957607542,1.9576502558331115,1.9900081080370198,8865600
1990-01-11,1.9770649671554565,1.9964796784778014,1.9705933967146747,1.9770649671554565,6083200
1990-01-12,1.905877947807312,1.9544145351232936,1.9026419646564514,1.9544145351232936,11931200
1990-01-15,1.8735206127166748,1.9091140673225608,1.8735206127166748,1.9058784782645148,7740800
1990-01-16,1.889697790145874,1.889697790145874,1.844396815724569,1.8735190682062688,15332800
1990-01-17,1.8767545223236084,1.8929336381160629,1.8670473688426337,1.889697656960323,9076800
1990-01-18,1.8670481443405151,1.8799912843532975,1.8508690218278938,1.8767553018534586,13576000
1990-01-19,1.8799922466278076,1.8864638199466754,1.8702846891527618,1.8702846891527618,10728000
1990-01-22,1.8249822854995728,1.886462382684982,1.8249822854995728,1.8799908142966857,9236800
1990-01-23,1.837925910949707,1.8508690511676626,1.8023324728469754,1.8249827707317514,10224000
1990-01-24,1.8282184600830078,1.8346900291541102,1.7764459075141896,1.8346900291541102,15361600
1990-01-25,1.7796813249588013,1.8346898543177603,1.7635026013194082,1.8282182858633647,11276800
1990-01-26,1.7473245859146118,1.7893900049240916,1.7149667232124894,1.7796824486167342,10267200
1990-01-29,1.7667384147644043,1.7732099840492557,1.7279089990552965,1.7473237069098504,6878400
1990-01-30,1.7149659395217896,1.7602669266034972,1.6890796611893852,1.7602669266034972,17204800
1990-01-31,1.782917857170105,1.782917857170105,1.7279093108268988,1.7279093108268988,12382400
1990-02-01,1.7796813249588013,1.7990960303219883,1.7764457382281995,1.7829173066825952,8548800
1990-02-02,1.7958605289459229,1.821746803993841,1.7764458226599842,1.7796814095443687,9054400
1990-02-05,1.7893892526626587,1.8023323923021959,1.779681700436368,1.7958608224824273,5838400
1990-02-06,1.7796813249588013,1.7926244618675926,1.7732097565044058,1.7893888751369906,6806400
1990-02-07,1.7990955114364624,1.8120386446122643,1.7570305261116452,1.7796808116727596,10907200
1990-02-08,1.7958605289459229,1.8185108221162458,1.7829173914219638,1.7990961158303072,8243200
1990-02-09,1.7861522436141968,1.8088029224609008,1.7861522436141968,1.795859790260798,6374400
1990-02-12,1.7732096910476685,1.789388809083013,1.7602665546166634,1.7861528274786733,7777600
1990-02-13,1.7343811988830566,1.7764466120243014,1.731145610560938,1.7732106287087965,10747200
1990-02-14,1.7376161813735962,1.753794903652408,1.7343801999219386,1.7343801999219386,6832000
1990-02-15,1.7990955114364624,1.7990955114364624,1.7311442597600415,1.7376158263479424,12192000
1990-02-16,1.7732096910476685,1.812039100340683,1.7732096910476685,1.7990959639096782,18003200
1990-02-20,1.7732096910476685,1.7796812592631708,1.7505593997899984,1.7732096910476685,12427200
1990-02-21,1.7732096910476685,1.7861528274786733,1.7505593997899984,1.7732096910476685,9185600
1990-02-22,1.75379478931427,1.8023317429726704,1.75379478931427,1.7732094917790036,8985600
1990-02-23,1.7602671384811401,1.7796818495673292,1.747323997757014,1.753795568119077,7696000
1990-02-26,1.7926239967346191,1.7958599776187714,1.7635021437426952,1.7635021437426952,11713600
1990-02-27,1.8088035583496094,1.8120391450405882,1.7926244399151534,1.7926244399151534,8505600
1990-02-28,1.8249822854995728,1.8346898355786112,1.8055675803346838,1.8088035620254257,11028800
1990-03-01,1.8314540386199951,1.8508687457431754,1.821746882555019,1.8249824695789352,8774400
1990-03-02,1.8185102939605713,1.841160975545596,1.8152747080159082,1.831453427725415,7872000
1990-03-05,1.8185102939605713,1.8217462748983302,1.8023315742510642,1.8185102939605713,7692800
1990-03-06,1.8508695363998413,1.8508695363998413,1.8217476607713672,1.8217476607713672,8390400
1990-03-07,1.847632884979248,1.86057602114375,1.844396903441538,1.8508684715237889,8684800
1990-03-08,1.8735206127166748,1.8767562017747208,1.8476343202784027,1.8476343202784027,8859200
1990-03-09,1.8741708993911743,1.8774248669080231,1.861155823700958,1.8774248669080231,7550400
1990-03-12,1.8774248361587524,1.8839323738972775,1.8676633309566737,1.8741708686951988,5737600
1990-03-13,1.8709174394607544,1.8936936246683005,1.8644099012316537,1.877424977689855,7083200
1990-03-14,1.8839327096939087,1.8904402485923528,1.8709176318970204,1.8709176318970204,7619200
1990-03-15,1.8806767463684082,1.9001993423514714,1.8676616823796994,1.8839307109597014,11937600
1990-03-16,1.9067071676254272,1.9067071676254272,1.8611544366582669,1.8806770356441926,19692800
1990-03-19,1.962022304534912,1.962022304534912,1.893692977873088,1.9067080498859614,9969600
1990-03-20,1.939244270324707,1.9587668636501234,1.9294831722560877,1.9587668636501234,9228800
1990-03-21,1.9262299537658691,1.9522600882762187,1.9229763855462412,1.939245021021044,6934400
1990-03-22,1.8871848583221436,1.9294840278787135,1.8806773243279293,1.9262300622874293,11059200
1990-03-23,1.9294837713241577,1.9294837713241577,1.9001996736497877,1.9001996736497877,6980800
1990-03-26,1.93599271774292,1.9555153313813936,1.9327387502088786,1.9327387502088786,6377600
1990-03-27,1.962022304534912,1.965275873943892,1.9294846245027284,1.9359921605091652,4960000
1990-03-28,1.9750374555587769,1.978291025097915,1.9555148467584684,1.962022383025238,8868800
1990-03-29,1.9652748107910156,1.9750363081142412,1.9522597458188897,1.9750363081142412,4139200
1990-03-30,1.9457517862319946,1.9620208124701621,1.9392442551743625,1.9620208124701621,6723200
1990-04-02,1.978291392326355,1.978291392326355,1.932738630003051,1.9457537049525664,8150400
1990-04-03,2.010826587677002,2.020588080385976,1.9782889406272124,1.9782889406272124,7921600
1990-04-04,2.014082908630371,2.0270979826855315,2.004321404494731,2.0108289415223113,9377600
1990-04-05,2.0173354148864746,2.0336044474716592,2.0140818466824353,2.0140818466824353,10656000
1990-04-06,2.0270965099334717,2.0303500774891687,2.014081445334182,2.017335012889879,4737600
1990-04-09,2.062889337539673,2.062889337539673,2.023844113485294,2.0270980807507715,7606400
1990-04-10,2.085664749145508,2.092172282844576,2.0531270806501674,2.0628881826046013,8307200
1990-04-11,2.0824098587036133,2.1116939459357127,2.0824098587036133,2.0856638227019175,10440000
1990-04-12,2.0954270362854004,2.1019345736651687,2.082411961525864,2.082411961525864,6596800
1990-04-16,2.0921730995178223,2.114949277761003,2.08241159656468,2.095426669043209,7896000
1990-04-17,2.088918924331665,2.0986804263106182,2.0824113887418467,2.0921728907208,8779200
1990-04-18,2.062889337539673,2.0921734541747363,2.0563818001972765,2.0889194869092584,8091200
1990-04-19,2.014082908630371,2.053128130795853,2.0108289415223113,2.053128130795853,10492800
1990-04-20,1.9945590496063232,2.017335216358157,1.9782900186221926,2.0140816484743054,20001600
1990-04-23,2.0010669231414795,2.0043204915790844,1.9750367868872059,1.9945593890779112,9352000
1990-04-24,2.004321575164795,2.0173366503282026,2.0010680049682295,2.0010680049682295,6596800
1990-04-25,2.004321575164795,2.014083080131637,1.997814037583091,2.004321575164795,6534400
1990-04-26,2.004321575164795,2.014083080131637,1.991306500001387,2.004321575164795,4376000
1990-04-27,1.9587676525115967,2.0043203886165175,1.9555140842411285,2.0043203886165175,7225600
1990-04-30,1.9847975969314575,1.9978126631408442,1.9555138965544876,1.9587674645126845,5819200
1990-05-01,1.9978132247924805,2.0303508994633677,1.9847981549241256,1.9847981549241256,11180800
1990-05-02,2.014082908630371,2.0238440155774717,2.0010678345752106,2.0010678345752106,10331200
1990-05-03,2.030350923538208,2.040112424649427,2.0140822846040654,2.0140822846040654,10083200
1990-05-04,2.0368573665618896,2.0466188624398343,2.0270962678721487,2.0303498350393276,8049600
1990-05-07,2.0498743057250977,2.0531282730586273,2.036859230768113,2.036859230768113,9718400
1990-05-08,2.0726494789123535,2.0726494789123535,2.043365381538199,2.0498729146004226,10569600
1990-05-09,2.0791568756103516,2.088917975969344,2.059634277704096,2.072649342974933,10776000
1990-05-10,2.0824098587036133,2.0856638227019175,2.0693947970867157,2.0791562918934687,10272000
1990-05-11,2.167008638381958,2.1735161718305522,2.0856646688686875,2.0856646688686875,26448000
1990-05-14,2.1865317821502686,2.238592062677656,2.160501641886575,2.238592062677656,12905600
1990-05-15,2.1800246238708496,2.1995472324428276,2.160502015298872,2.186532160061509,9708000
1990-05-16,2.19303822517395,2.212560820650276,2.16050056604674,2.1800231615230663,6830400
1990-05-17,2.219069242477417,2.2320843113482525,2.199546639171164,2.199546639171164,7936000
1990-05-18,2.2125613689422607,2.2190689023803265,2.1930387686280643,2.2190689023803265,13655200
1990-05-21,2.264622449874878,2.2971601287523904,2.2060546278953552,2.2125621636708575,11081600
1990-05-22,2.264622449874878,2.303667664527893,2.2516073783238726,2.264622449874878,9773600
1990-05-23,2.3362042903900146,2.3362042903900146,2.2646214291245825,2.2646214291245825,8370400
1990-05-24,2.3622357845306396,2.381758394320149,2.336205638144627,2.336205638144627,10206400
1990-05-25,2.2841451168060303,2.3492204762591933,2.2776375808607137,2.3492204762591933,6554400
1990-05-29,2.3687429428100586,2.3817580139243995,2.2776374450096717,2.284144980566842,6836000
1990-05-30,2.342712640762329,2.38826538655493,2.329697570535872,2.3687427812152437,8861600
1990-05-31,2.34921932220459,2.368741920450057,2.329696723959122,2.3427117894561005,10946400
1990-06-01,2.355726957321167,2.375249556414989,2.336204358227345,2.349219424289893,9704800
1990-06-04,2.4208035469055176,2.4273110833219302,2.342713109908565,2.355728182741391,10760800
1990-06-05,2.3947722911834717,2.440325024983157,2.3752496909836065,2.4208024247832918,8819200
1990-06-06,2.3622357845306396,2.4012810041096584,2.3492207113376335,2.3947734675131556,10065600
1990-06-07,2.329697608947754,2.375250355491425,2.3101750032861803,2.3622352850503763,5696800
1990-06-08,2.303666591644287,2.3427117881128345,2.2906515261547713,2.3296967226233187,10308000
1990-06-11,2.3272011280059814,2.3402752916464644,2.3010528007250155,2.3141269643654985,7884000
1990-06-12,2.3729605674743652,2.38603473038056,2.3075897529433913,2.3272009973026835,9067200
1990-06-13,2.366422414779663,2.405644885742862,2.3598853362857968,2.37295949327353,8102400
1990-06-14,2.3468103408813477,2.3598844931982352,2.327199112406016,2.3598844931982352,4916800
1990-06-15,2.3533506393432617,2.3598877244525487,2.307591043578254,2.3468135542339748,17791200
1990-06-18,2.307589530944824,2.346812015890062,2.2945153692964118,2.346812015890062,6411200
1990-06-19,2.3010525703430176,2.3337379761717534,2.2749042456800286,2.307589651508765,7148800
1990-06-20,2.307589530944824,2.3272007734174434,2.2683670459995864,2.301052450120618,5858400
1990-06-21,2.3206634521484375,2.3272005322953344,2.2749038911201587,2.3075892918546437,4329600
1990-06-22,2.2683660984039307,2.3533481136179106,2.2552919422171644,2.320662723150995,8965600
1990-06-25,2.242218494415283,2.287978055525799,2.2160701737807025,2.2683668150498635,7290400
1990-06-26,2.2618303298950195,2.294515739286566,2.248756166138401,2.248756166138401,5352000
1990-06-27,2.3206634521484375,2.3337376124422318,2.2552926506794675,2.2618297308263644,6396800
1990-06-28,2.3533506393432617,2.3533506393432617,2.3272022989061143,2.3272022989061143,5472800
1990-06-29,2.3206634521484375,2.3729600933236137,2.3141263720015406,2.3533488528829225,5683200
1990-07-02,2.3337392807006836,2.3337392807006836,2.307590941421124,2.320665111060904,3917600
1990-07-03,2.3468103408813477,2.3468103408813477,2.320662036247572,2.3337361885644596,3346400
1990-07-05,2.314127206802368,2.3337384543176425,2.281441794276911,2.3337384543176425,6097600
1990-07-06,2.3402743339538574,2.3664226505343473,2.294514779938,2.314126017373367,6231200
1990-07-09,2.3206634521484375,2.3664230131767168,2.3141263720015406,2.3402746925891287,5697600
1990-07-10,2.3010525703430176,2.327200895006006,2.2945154891772703,2.320663813840259,3634400
1990-07-11,2.3272011280059814,2.333738209826223,2.3010528007250155,2.3010528007250155,5312800
1990-07-12,2.3533506393432617,2.3925731499989826,2.301053958468967,2.3272022989061143,7514400
1990-07-13,2.3468103408813477,2.386032797832011,2.327199112406016,2.3533474170397914,8222400
1990-07-16,2.3729605674743652,2.38603473038056,2.353349323115073,2.353349323115073,7784000
1990-07-17,2.471018075942993,2.477555160799985,2.3925730576590887,2.3925730576590887,12912000
1990-07-18,2.4775540828704834,2.5298507389732903,2.45140575481908,2.4710170008576324,13242400
1990-07-19,2.4971635341644287,2.4971635341644287,2.4187186063896298,2.4775523022207286,7619200
1990-07-20,2.4775540828704834,2.5233136569604397,2.45140575481908,2.497165328909036,11068800
1990-07-23,2.412182331085205,2.4644789669894913,2.353348615692883,2.4644789669894913,9453600
1990-07-24,2.405646324157715,2.4383317361707273,2.3598867473394973,2.412183406560317,6985600
1990-07-25,2.392571210861206,2.418719530105591,2.38603413105011,2.4056453704833984,5044000
1990-07-26,2.405646324157715,2.412183406560317,2.3598867473394973,2.3925721593525098,6570400
1990-07-27,2.386035442352295,2.4121837759671148,2.37949835894859,2.4056466925634097,6946400
1990-07-30,2.392571210861206,2.3991082906723022,2.353348731994629,2.38603413105011,6835200
1990-07-31,2.3729605674743652,2.3925718118336574,2.353349323115073,2.3925718118336574,5208000
1990-08-01,2.3729605674743652,2.38603473038056,2.3468122416619757,2.3729605674743652,5400000
1990-08-02,2.307589530944824,2.340274935065856,2.301052450120618,2.340274935065856,7282400
1990-08-03,2.2814419269561768,2.3141273413824828,2.170311517906735,2.3075902584972217,15926400
1990-08-06,2.17031192779541,2.2226086007543358,2.131089423076216,2.2226086007543358,10755200
1990-08-07,2.2160704135894775,2.2552928987857515,2.1833850092592493,2.1833850092592493,10503200
1990-08-08,2.3010525703430176,2.320663813840259,2.222607596354051,2.222607596354051,8628000
1990-08-09,2.3402743339538574,2.3468114130989797,2.2814406216477545,2.301051859083122,6508000
1990-08-10,2.287978172302246,2.340274816240583,2.2749040113176617,2.340274816240583,5182400
1990-08-13,2.3272011280059814,2.3272011280059814,2.261830309803566,2.287978637084532,6158400
1990-08-14,2.3272011280059814,2.346812373466706,2.3010528007250155,2.3272011280059814,6545600
1990-08-15,2.3337392807006836,2.353350535160353,2.3272021958807936,2.3272021958807936,7336800
1990-08-16,2.2552926540374756,2.3337376159170398,2.2552926540374756,2.3337376159170398,4498400
1990-08-17,2.1964588165283203,2.2356812953948975,2.1768475770950317,2.2356812953948975,16098400
1990-08-20,2.20953369140625,2.2356820191152,2.2029966094790123,2.2029966094790123,4609600
1990-08-21,2.1637730598449707,2.2160696896901664,2.1049393512691257,2.209532610959517,11303200
1990-08-22,2.065716505050659,2.189920978455604,2.052642349955402,2.1637726682650893,11397600
1990-08-23,1.9676607847213745,2.059179890987485,1.9480495476643507,2.059179890987485,11197600
1990-08-24,2.039569139480591,2.059180381206366,1.9676612531527495,1.9676612531527495,10428000
1990-08-27,2.1768484115600586,2.189922576194053,2.15070008229207,2.15070008229207,10866400
1990-08-28,2.1833856105804443,2.216071023912487,2.170311445247627,2.1768485279140357,7428800
1990-08-29,2.2356820106506348,2.268367420163071,2.1833853554307368,2.1833853554307368,7240000
1990-08-30,2.157236337661743,2.24875545501709,2.150699257850647,2.2356812953948975,4625600
1990-08-31,2.20953369140625,2.20953369140625,2.131088708279401,2.1572370359883504,4710400
1990-09-04,2.2356820106506348,2.2356820106506348,2.1572370278207877,2.2095336830406858,3635200
1990-09-05,2.2226078510284424,2.2356820148580216,2.1964595233692843,2.2356820148580216,4678400
1990-09-06,2.1506998538970947,2.2095335885021825,2.1506998538970947,2.2095335885021825,4591200
1990-09-07,2.202995538711548,2.2291438537110917,2.137624751212689,2.1506989087124606,6634400
1990-09-10,2.220074415206909,2.259484020210582,2.213506147706297,2.213506147706297,6900000
1990-09-11,2.2069380283355713,2.226642832159996,2.1872332245111465,2.220074564218521,4194400
1990-09-12,2.2135050296783447,2.23320982222741,2.1872319729462575,2.206936765495323,3696000
1990-09-13,2.167527437210083,2.2200735569000245,2.1543909072875977,2.2135052919387816,2884000
1990-09-14,2.141254425048828,2.1478226901563398,2.114981364618781,2.1478226901563398,5895200
1990-09-17,2.128117799758911,2.1609591238292647,2.1149812701307695,2.1412543293870527,5327200
1990-09-18,2.167527437210083,2.1740957021713254,2.088708257675171,2.1281178474426268,9506400
1990-09-19,2.0887093544006348,2.1806651121415435,2.0887093544006348,2.1675285753214135,6417600
1990-09-20,2.0361616611480713,2.0821395051094793,1.9967520806097214,2.0821395051094793,8954400
1990-09-21,2.0558664798736572,2.069003006901604,1.9836155812199505,2.0361616893317374,13014400
1990-09-24,2.01645827293396,2.0492996128840244,1.9770486649938825,2.0492996128840244,6928800
1990-09-25,2.0558664798736572,2.0624347433876307,1.990183844733924,2.016456898789817,6331200
1990-09-26,2.0361616611480713,2.075571241686421,2.00332034403278,2.055866451417246,5137600
1990-09-27,2.0427300930023193,2.0821396767901454,1.9639109254266671,2.0361618290376815,7120000
1990-09-28,2.0755720138549805,2.0755720138549805,1.9704797599889055,2.042730684521832,8072000
1990-10-01,2.18723201751709,2.193800281833958,2.095276317080936,2.095276317080936,12339200
1990-10-02,2.167527437210083,2.239778351783752,2.167527437210083,2.187232232093811,8141600
1990-10-03,2.1609585285186768,2.220072895560221,2.1543902655140608,2.1675267915232928,6508000
1990-10-04,2.1938018798828125,2.200370148984258,2.114982650665466,2.160960534375585,5352800
1990-10-05,2.220074415206909,2.259484020210582,2.1346869376989512,2.1938013452044607,7832800
1990-10-08,2.2463457584381104,2.2594822833412573,2.2332092335349634,2.2332092335349634,4568000
1990-10-09,2.1543896198272705,2.239777013296034,2.1543896198272705,2.239777013296034,6068000
1990-10-10,2.114980936050415,2.200368365145618,2.095276144720753,2.1543905187097394,6849600
1990-10-11,2.121549129486084,2.154390447279986,2.088707811692182,2.1149808659273037,7114400
1990-10-12,2.18723201751709,2.206936810467694,2.134685902982145,2.134685902982145,8716800
1990-10-15,2.220074415206909,2.2397792177087457,2.1149821351971148,2.1872330777038487,7488000
1990-10-16,2.1938018798828125,2.2594845708972677,2.187233610781367,2.2200749562885944,6931200
1990-10-17,2.18723201751709,2.233209867735167,2.141254167299013,2.193800281833958,7258400
1990-10-18,2.2791881561279297,2.285756421707549,2.2135055003317357,2.2135055003317357,14043200
1990-10-19,2.4039852619171143,2.4039852619171143,2.318597807258856,2.318597807258856,18340800
1990-10-22,2.371143341064453,2.3974163974751397,2.3448702846537666,2.3974163974751397,13159200
1990-10-23,2.371143341064453,2.3974163974751397,2.3448702846537666,2.371143341064453,7696000
1990-10-24,2.3974156379699707,2.403983899991806,2.351437803817122,2.3711425898826284,7243200
1990-10-25,2.3645761013031006,2.423690503835678,2.351439567406972,2.3974174360434217,7098400
1990-10-26,2.3251657485961914,2.364575337555449,2.3120292189431058,2.364575337555449,6645600
1990-10-29,2.298894166946411,2.3448720502853395,2.2726210907527378,2.3251672431400845,6715200
1990-10-30,2.3580057621002197,2.3580057621002197,2.292323150342553,2.29889141151832,7747200
1990-10-31,2.3580057621002197,2.384278806803286,2.31859619504562,2.3580057621002197,6865600
1990-11-01,2.371143341064453,2.371143341064453,2.325165492345752,2.35800681285911,5812800
1990-11-02,2.371143341064453,2.390848133372468,2.35800681285911,2.371143341064453,5260800
1990-11-05,2.3777127265930176,2.4039857953951502,2.3448713905903515,2.371144459392484,4985600
1990-11-06,2.3448705673217773,2.377711891794071,2.338302302427319,2.377711891794071,4175200
1990-11-07,2.3185982704162598,2.3383030715812705,2.312030003361256,2.3383030715812705,6584000
1990-11-08,2.3054616451263428,2.351439512692965,2.298893378331111,2.3185981787168064,5378400
1990-11-09,2.3580057621002197,2.3580057621002197,2.2857548891667867,2.3054596726940866,6849600
1990-11-12,2.3842804431915283,2.3842804431915283,2.338302583405466,2.3580073804566357,7772800
1990-11-13,2.3645761013031006,2.377712635199229,2.338303033510844,2.377712635199229,5712000
1990-11-14,2.3842804431915283,2.4105535059264214,2.364575646140359,2.364575646140359,8936800
1990-11-15,2.3777127265930176,2.390849260994084,2.358007924991418,2.384280993793551,5086400
1990-11-16,2.4039852619171143,2.4039852619171143,2.3777121989453422,2.3777121989453422,10712000
1990-11-19,2.449963092803955,2.4696678897970163,2.4171217644821863,2.4171217644821863,8644000
1990-11-20,2.4368274211883545,2.4696687610965533,2.430259153206715,2.449963957151634,5687200
1990-11-21,2.4105513095855713,2.4565291274795737,2.384278270788998,2.436824348382144,8036000
1990-11-23,2.4039852619171143,2.4433948563747716,2.3777121989453422,2.410553527660057,2296000
1990-11-26,2.368361473083496,2.381555687418223,2.3617643659161325,2.381555687418223,6999200
1990-11-27,2.434331178665161,2.434331178665161,2.3353746266869027,2.3683601440129887,9194400
1990-11-28,2.401345729827881,2.440928351748121,2.3947486261745077,2.434331248094747,4789600
1990-11-29,2.361762762069702,2.421136686255812,2.3419714540076657,2.4013453781937755,6990400
1990-11-30,2.4409284591674805,2.460719770998568,2.348569003955738,2.3617632118431295,12562400
1990-12-03,2.4673173427581787,2.48051155314726,2.434331816785476,2.4409289219800163,8604800
1990-12-04,2.47391414642334,2.480511250813802,2.4079431025187175,2.4673170420328776,5730400
1990-12-05,2.506899833679199,2.513496938504671,2.4541229950754264,2.473914309551841,6846400
1990-12-06,2.4805116653442383,2.55967693125948,2.4739145598513015,2.5069000873159855,8452000
1990-12-07,2.47391414642334,2.4871083552042643,2.4409286244710287,2.480511250813802,7092800
1990-12-10,2.487109422683716,2.5003036371276615,2.454123886573852,2.4739152082397706,4337600
1990-12-11,2.47391414642334,2.4937054595947266,2.4607199376424154,2.4871083552042643,3506400
1990-12-12,2.546483039855957,2.553080146176827,2.4673177640055126,2.473914870326383,8892000
1990-12-13,2.5398850440979004,2.5794676681617634,2.5266908360766123,2.5464821481085442,4800800
1990-12-14,2.506899833679199,2.5332882529810856,2.493705624028256,2.5332882529810856,5280800
1990-12-17,2.526690721511841,2.539884928934879,2.4739138918196875,2.5068994103772835,4386400
1990-12-18,2.572870969772339,2.5860651798737355,2.533288339468149,2.533288339468149,6528000
1990-12-19,2.526690721511841,2.5860646549155133,2.5134965140888026,2.572870447492475,7000800
1990-12-20,2.5398850440979004,2.553079252119188,2.473914003991461,2.5266908360766123,8549600
1990-12-21,2.559675455093384,2.572869658470154,2.5464812517166138,2.5464812517166138,14704800
1990-12-24,2.500303268432617,2.5596772246750805,2.500303268432617,2.5596772246750805,4334400
1990-12-26,2.500303268432617,2.5200945871801053,2.4937061621834546,2.500303268432617,3280800
1990-12-27,2.47391414642334,2.500302563985189,2.454122833251953,2.500302563985189,3064000
1990-12-28,2.4607205390930176,2.4739147510988784,2.447526327087157,2.4739147510988784,2795200
1990-12-31,2.4541218280792236,2.4673160314559937,2.4343305230140686,2.4607189297676086,2903200
1991-01-02,2.3881516456604004,2.4475255816022337,2.3881516456604004,2.4475255816022337,6984000
1991-01-03,2.32218074798584,2.4211373139511454,2.3155836435881527,2.38815179196271,10714400
1991-01-04,2.3815555572509766,2.3947497708645553,2.3155844891830824,2.3221815959898717,11523200
1991-01-07,2.3419716358184814,2.3881513582149023,2.3419716358184814,2.3815542550154136,7932000
1991-01-08,2.32218074798584,2.355166269974275,2.3089865391904656,2.341972061178901,9088000
1991-01-09,2.2694034576416016,2.394748416057853,2.2496121484179827,2.322180282237918,11512800
1991-01-10,2.3089866638183594,2.322180873325893,2.289195349557059,2.289195349557059,5851200
1991-01-11,2.3353750705718994,2.3485692800101585,2.3089866516953808,2.3089866516953808,5981600
1991-01-14,2.3419716358184814,2.355165842217459,2.289194810222572,2.3353745326189927,10391200
1991-01-15,2.3419716358184814,2.34856873901797,2.3221803262200154,2.3419716358184814,5276800
1991-01-16,2.368361473083496,2.3749585802508593,2.328778830079315,2.341973044414042,5833600
1991-01-17,2.5200939178466797,2.5266910223436607,2.4475257683798906,2.4475257683798906,15309600
1991-01-18,2.5662734508514404,2.5662734508514404,2.500302410983794,2.520093722944088,36192000
1991-01-21,2.5332887172698975,2.5464829293390117,2.5200945052007837,2.5464829293390117,5117600
1991-01-22,2.5332887172698975,2.5530800353735685,2.5069002931316695,2.5332887172698975,5416000
1991-01-23,2.5398850440979004,2.553079252119188,2.5134966280553246,2.5332879400872566,5496800
1991-01-24,2.5794677734375,2.5926619819972827,2.5464822520380435,2.5464822520380435,7860800
1991-01-25,2.5200939178466797,2.5860649628164882,2.513496813349699,2.579467858319507,5105600
1991-01-28,2.5134968757629395,2.546482399066915,2.5068997711021446,2.520093980423735,3941600
1991-01-29,2.500303268432617,2.5200945871801053,2.4805119496851296,2.5134974809309427,4832000
1991-01-30,2.572870969772339,2.572870969772339,2.487108604113261,2.5003028142146575,6149600
1991-01-31,2.572870969772339,2.572870969772339,2.5464825495695456,2.572870969772339,5119200
1991-02-01,2.493706226348877,2.566274396956913,2.4805120135110523,2.566274396956913,9326400
1991-02-04,2.546483039855957,2.5596772524976976,2.5003032956098643,2.5003032956098643,6572800
1991-02-05,2.6322455406188965,2.6454397538550816,2.5200947281113244,2.546483154583694,10334400
1991-02-06,2.7180068492889404,2.737798161298326,2.6124531852388846,2.63224449724827,9561600
1991-02-07,2.6124536991119385,2.72460448922533,2.6124536991119385,2.718007383924542,11042400
1991-02-08,2.665231704711914,2.671828812891894,2.619051947452054,2.619051947452054,5133600
1991-02-11,2.7377982139587402,2.7377982139587402,2.6718271726585296,2.6718271726585296,9625600
1991-02-12,2.6850204467773438,2.73120015962118,2.67842334494251,2.73120015962118,10092000
1991-02-13,2.7377982139587402,2.7443953180887615,2.6850213809185717,2.6850213809185717,5859200
1991-02-14,2.7180068492889404,2.770783681313968,2.698215537279555,2.737798161298326,7536000
1991-02-15,2.770782709121704,2.797171115875244,2.718005895614624,2.718005895614624,16798400
1991-02-19,2.764187812805176,2.770784919756978,2.7246051710943617,2.770784919756978,8104000
1991-02-20,2.7312004566192627,2.7443946617237036,2.711409148962601,2.7443946617237036,6200000
1991-02-21,2.777381181716919,2.7839782866616147,2.7180072372146573,2.731201447104049,6026400
1991-02-22,2.8103671073913574,2.8697410603644142,2.73779894264651,2.7773815779618816,9677600
1991-02-25,2.823560953140259,2.863143583324468,2.816963848109557,2.816963848109557,6764000
1991-02-26,2.8037710189819336,2.816965235541849,2.783979694142061,2.816965235541849,4819200
1991-02-27,2.823560953140259,2.849949373263065,2.810366743078856,2.810366743078856,4764000
1991-02-28,2.764187812805176,2.849950203178606,2.744396491949769,2.8235617753713966,6904800
1991-03-01,2.783978223800659,2.783978223800659,2.6982158614560894,2.764186909413451,6161600
1991-03-04,2.7312004566192627,2.7905743795892466,2.7312004566192627,2.783977277037026,5211200
1991-03-05,2.8103671073913574,2.830158425049043,2.7180076249888243,2.731201836760615,7505600
1991-03-06,2.764187812805176,2.8169646684195944,2.7509935989015712,2.810367561467792,10966400
1991-03-07,2.7575912475585938,2.8169652217883243,2.7575912475585938,2.7641883558063416,4901600
1991-03-08,2.7575912475585938,2.797173897045081,2.750994139310846,2.7575912475585938,6270400
1991-03-11,2.75705885887146,2.7835690402067623,2.7504313135376344,2.770313949539111,4197600
1991-03-12,2.7371771335601807,2.763687323715727,2.730549586021294,2.7570597761768405,6292800
1991-03-13,2.81670880317688,2.8233363533020017,2.730550651550293,2.737178201675415,5283200
1991-03-14,2.8432185649871826,2.8962389578074563,2.82333591767958,2.82333591767958,8900800
1991-03-15,2.8432185649871826,2.8498461140897167,2.803453270371977,2.8432185649871826,15984800
1991-03-18,2.863100290298462,2.8829829312033124,2.823335008488761,2.8432176493936114,5065600
1991-03-19,2.823335647583008,2.8829835837995503,2.8100805506459983,2.863100938394036,6990400
1991-03-20,2.896238088607788,2.942630918402421,2.8564728059266744,2.8564728059266744,8073600
1991-03-21,2.863100290298462,2.9227482130130134,2.849845196361895,2.8962380251398794,5676000
1991-03-22,2.863100290298462,2.8697278372667454,2.8167074615204775,2.863100290298462,6255200
1991-03-25,2.81670880317688,2.876356754302978,2.8100812530517576,2.863101654052734,5024000
1991-03-26,2.863100290298462,2.876355384235029,2.8034523675839105,2.8167074615204775,8988000
1991-03-27,2.876354932785034,2.9094926624254147,2.8564722950008057,2.8630998409288817,6595200
1991-03-28,2.876354932785034,2.9161202083534907,2.869727386856958,2.876354932785034,3955200
1991-04-01,2.9028642177581787,2.909491761634339,2.8697264983773776,2.876354042253538,6373600
1991-04-02,2.995650291442871,2.995650291442871,2.909492207839426,2.909492207839426,7321600
1991-04-03,2.955885887145996,3.0089062618033235,2.9492583403138304,2.9956511681389917,5346400
1991-04-04,2.94262957572937,2.9823948402662537,2.9227469434609286,2.955884663908331,5715200
1991-04-05,2.8697292804718018,2.936004783485007,2.8631017301704813,2.936004783485007,8764000
1991-04-08,2.8498454093933105,2.8829831467118376,2.8233352195384893,2.869728051784427,5510400
1991-04-09,2.803452253341675,2.8498450802291257,2.7968247066434673,2.8498450802291257,6700800
1991-04-10,2.803452253341675,2.816707346738089,2.7769420665488456,2.803452253341675,7590400
1991-04-11,2.796826124191284,2.8299638744779108,2.790198574133959,2.8034536742486096,8280800
1991-04-12,2.8432185649871826,2.8432185649871826,2.770315524859306,2.796825721269443,7653600
1991-04-15,2.8697292804718018,2.896239481677084,2.8432190792665195,2.8432190792665195,5885600
1991-04-16,2.94262957572937,2.9492571198188506,2.856471502566123,2.869726590745084,7089600
1991-04-17,2.969139575958252,3.0022772944399287,2.916119226387569,2.9426294011729106,9420800
1991-04-18,2.9161200523376465,2.942630234631625,2.909492506764152,2.942630234631625,7506400
1991-04-19,2.876354932785034,2.9094926624254147,2.8630998409288817,2.9094926624254147,12960800
1991-04-22,2.876354932785034,2.88298247871311,2.8498447490727297,2.876354932785034,6692000
1991-04-23,2.863100290298462,2.8829829312033124,2.849845196361895,2.876355384235029,7520000
1991-04-24,2.8498454093933105,2.8763555992481322,2.8365903144659,2.8631005043207214,7461600
1991-04-25,2.823335647583008,2.8498458414570265,2.8034530021774935,2.8498458414570265,7715200
1991-04-26,2.8100807666778564,2.8100807666778564,2.7769430217877877,2.8100807666778564,5967200
1991-04-29,2.723923444747925,2.8167091581943264,2.723923444747925,2.8100816072338692,6931200
1991-04-30,2.796826124191284,2.810081224305935,2.743805723732682,2.743805723732682,13637600
1991-05-01,2.876354932785034,2.876354932785034,2.7901968357200446,2.7968243816481206,7298400
1991-05-02,2.8829829692840576,2.9293757986748354,2.876355422228232,2.876355422228232,8173600
1991-05-03,2.9227488040924072,2.9227488040924072,2.8763559659322104,2.88298351424081,3240000
1991-05-06,2.9293761253356934,2.949258768720325,2.8962383863613077,2.9227485775408164,4995200
1991-05-07,2.9028642177581787,2.9426294810151403,2.876354042253538,2.92937439326282,4047200
1991-05-08,2.9028642177581787,2.909491761634339,2.8299612351204164,2.9028642177581787,3489600
1991-05-09,2.969139575958252,2.9757671196545874,2.896236595298563,2.9028641389948984,7231200
1991-05-10,2.9028642177581787,2.969139656519781,2.8962366738820187,2.969139656519781,6131200
1991-05-13,2.8829829692840576,2.9094931575073595,2.8697278751724067,2.902865610451534,3727200
1991-05-14,2.8564741611480713,2.876356811921724,2.836591510374419,2.876356811921724,4739200
1991-05-15,2.8498454093933105,2.889610694175543,2.8100801246110785,2.856472956857016,6129600
1991-05-16,2.9161200523376465,2.929375143484636,2.856472142176195,2.856472142176195,6307200
1991-05-17,2.9094936847686768,2.9293763295393056,2.8763559434842954,2.916121233025553,14728800
1991-05-20,2.9227488040924072,2.929376352401007,2.8763559659322104,2.909493707475208,6214400
1991-05-21,2.962514638900757,2.9956523865394677,2.9227493417343036,2.9227493417343036,7788800
1991-05-22,2.969139575958252,2.9757671196545874,2.949256944869246,2.9625120322619165,5528800
1991-05-23,2.9161200523376465,3.002278144793077,2.9028649611906574,2.9691404169256037,5888800
1991-05-24,2.962514638900757,2.9890248370117254,2.929376891262046,2.929376891262046,3540800
1991-05-28,2.995650291442871,2.995650291442871,2.955885022087435,2.9625125669800076,4583200
1991-05-29,2.995650291442871,2.995650291442871,2.9625125669800076,2.995650291442871,5548800
1991-05-30,3.042043924331665,3.0751816577121844,2.9956510975989383,2.9956510975989383,9415200
1991-05-31,3.035416603088379,3.0486716974250094,2.9890237729101723,3.042044150256694,6398400
1991-06-03,2.995650291442871,3.028788015905735,2.982395201657726,3.028788015905735,3892800
1991-06-04,2.982396125793457,2.9956512196858722,2.975768578847249,2.9956512196858722,4304800
1991-06-05,2.9293761253356934,2.9757689598998334,2.9227485775408164,2.9757689598998334,6820000
1991-06-06,2.9094936847686768,2.936003877796182,2.896238588254924,2.9293763295393056,5696000
1991-06-07,2.9094936847686768,2.942631426053058,2.9028661365118005,2.9094936847686768,5256000
1991-06-10,2.93558669090271,2.93558669090271,2.9156167134135758,2.9222733725766203,3992000
1991-06-11,2.9555587768554688,2.968872104679142,2.9289321212081223,2.935588785119959,4732800
1991-06-12,2.908961534500122,2.955558172352527,2.888991546849091,2.955558172352527,4011200
1991-06-13,2.9489004611968994,2.9489004611968994,2.9023038399138787,2.9089605000971672,4829600
1991-06-14,2.988839864730835,3.0088098415553173,2.9688698879063526,2.9688698879063526,6188800
1991-06-17,2.9821836948394775,3.002153674938849,2.9688703747732297,2.9888403548726012,3927200
1991-06-18,2.93558669090271,2.995496623370112,2.9222733725766203,2.982183305044023,5197600
1991-06-19,2.928929328918457,2.928929328918457,2.8889893835241147,2.928929328918457,5550400
1991-06-20,2.9555587768554688,2.968872104679142,2.935588785119959,2.935588785119959,5080800
1991-06-21,2.9555587768554688,2.9555587768554688,2.9222754572962852,2.9555587768554688,12892800
1991-06-24,2.93558669090271,2.955556668391844,2.93558669090271,2.955556668391844,4656000
1991-06-25,2.908961534500122,2.948901509802183,2.888991546849091,2.935588184701496,6441600
1991-06-26,2.928929328918457,2.955555959181352,2.8823327259583906,2.9089593562212857,6470400
1991-06-27,2.9156155586242676,2.968868810836583,2.9089589020977282,2.9289288716773463,7284800
1991-06-28,2.902303695678711,2.915617015383659,2.855707076711392,2.915617015383659,7011200
1991-07-01,2.9821836948394775,2.9821836948394775,2.9023037744419913,2.9023037744419913,8772800
1991-07-02,2.975526809692383,2.988840128751409,2.955556831103843,2.982183469221896,6374400
1991-07-03,2.9622128009796143,2.9622128009796143,2.9355861690606964,2.9622128009796143,4249600
1991-07-05,2.975526809692383,2.975526809692383,2.94890017157433,2.9622134906333564,2895200
1991-07-08,3.008810043334961,3.008810043334961,2.9355867900679598,2.9755267463954147,5604800
1991-07-09,2.968870162963867,3.015466779871372,2.9555568438474373,3.0088101203131568,4683200
1991-07-10,2.9489004611968994,3.015467063029787,2.9289304806470335,2.9688704417467657,7272000
1991-07-11,2.975526809692383,2.975526809692383,2.9289301929857907,2.94890017157433,5744000
1991-07-12,3.0753774642944336,3.0886907866506865,2.995497530156916,2.995497530156916,7077600
1991-07-15,3.0687222480773926,3.0886922410149897,3.048752255139796,3.075378912389925,4330400
1991-07-16,3.0753774642944336,3.0953474478288134,3.0620641419381807,3.068720803116307,5164800
1991-07-17,3.1020047664642334,3.1352880794091287,3.082034778697296,3.082034778697296,5624800
1991-07-18,3.188539981842041,3.188539981842041,3.1219733851438773,3.1219733851438773,7239200
1991-07-19,3.1685702800750732,3.1951969210841074,3.1486002993182973,3.1885402608318487,9734400
1991-07-22,3.135287284851074,3.181883911165209,3.1153173021450162,3.1685705893611704,3737600
1991-07-23,3.1086604595184326,3.1552570831086446,3.102003799005545,3.135287101569982,4256000
1991-07-24,3.1020047664642334,3.1352880794091287,3.1020047664642334,3.1086614290532126,4487200
1991-07-25,3.1020047664642334,3.1153180916421914,3.082034778697296,3.1020047664642334,4695200
1991-07-26,3.0820324420928955,3.1020024147198475,3.068719127008261,3.1020024147198475,3217600
1991-07-29,3.1153175830841064,3.1153175830841064,3.0753776140702076,3.082034275572524,3764000
1991-07-30,3.1619138717651367,3.1685705325478,3.115317246286492,3.115317246286492,5444800
1991-07-31,3.201854705810547,3.2085113684005897,3.155258067680248,3.1619147302702904,5164800
1991-08-01,3.2417948246002197,3.248451487484409,3.188541521526705,3.2018548472950834,5954400
1991-08-02,3.2950470447540283,3.3017037054505014,3.248450419878719,3.248450419878719,9049600
1991-08-05,3.3083608150482178,3.321674138247607,3.255107522250661,3.2950474918488286,7994400
1991-08-06,3.381584405899048,3.408211054764395,3.3083611215193445,3.3083611215193445,9585600
1991-08-07,3.3749258518218994,3.4082091442461784,3.3682691933370434,3.381582510306755,6037600
1991-08-08,3.3549561500549316,3.3948961042222523,3.3349861729712713,3.374926127138592,7388000
1991-08-09,3.3483023643493652,3.3882423527909085,3.334989034868851,3.3549590290896227,4715200
1991-08-12,3.3682687282562256,3.3682687282562256,3.334985440427607,3.3482987555590547,2996000
1991-08-13,3.381584405899048,3.428181041413405,3.3682710814663746,3.3682710814663746,5688800
1991-08-14,3.3948934078216553,3.441489984007443,3.3882367540808285,3.3882367540808285,6452000
1991-08-15,3.4015543460845947,3.4414943188370555,3.388241021833774,3.3948976839591842,6915200
1991-08-16,3.3416430950164795,3.4015530309829103,3.328329775912828,3.4015530309829103,11050400
1991-08-19,3.2950470447540283,3.3216736875399198,3.2284804377893006,3.3216736875399198,12988000
1991-08-20,3.3682687282562256,3.3749253858219497,3.321672125296159,3.321672125296159,6068000
1991-08-21,3.468120574951172,3.468120574951172,3.414867283973035,3.414867283973035,11986400
1991-08-22,3.454808235168457,3.481434888233339,3.4481515719022364,3.468121561700898,6764000
1991-08-23,3.461466073989868,3.4947494016243863,3.4414960774091576,3.454809408462965,6757600
1991-08-26,3.454808235168457,3.468121561700898,3.441494908636016,3.4614648984346776,2820000
1991-08-27,3.441492795944214,3.461462773483542,3.421522818404886,3.454806114303766,5784000
1991-08-28,3.5346896648406982,3.5413463308761797,3.4281830082729936,3.4414963403439565,5426400
1991-08-29,3.5147171020507812,3.5280304244070346,3.494747118516402,3.5280304244070346,4911200
1991-08-30,3.501406192779541,3.5080628585452818,3.48809286124806,3.5080628585452818,3175200
1991-09-03,3.461466073989868,3.541346060312711,3.461466073989868,3.5014060671512897,3880000
1991-09-04,3.4215245246887207,3.474777824683876,3.4015545371905374,3.461464499685087,5228000
1991-09-05,3.4215245246887207,3.448151174686298,3.408211199689932,3.4215245246887207,5053600
1991-09-06,3.468120574951172,3.481433897695706,3.408210622600768,3.421523945345302,6240000
1991-09-09,3.4475417137145996,3.4742668432782784,3.4408604313236797,3.4742668432782784,4108000
1991-09-10,3.4007744789123535,3.447543479604665,3.394093193099166,3.447543479604665,7043200
1991-09-11,3.4274957180023193,3.434176996205053,3.400770605191385,3.400770605191385,5141600
1991-09-12,3.460905075073242,3.460905075073242,3.427498655429678,3.427498655429678,3620800
1991-09-13,3.4475417137145996,3.454222996105519,3.394091454587241,3.454222996105519,4693600
1991-09-16,3.494312286376953,3.494312286376953,3.440862002837726,3.4475432882801296,5277600
1991-09-17,3.4809486865997314,3.514355103937541,3.4809486865997314,3.494311253534855,4330400
1991-09-18,3.5009937286376953,3.5009937286376953,3.4675872999293205,3.4809498714126703,1933600
1991-09-19,3.474268913269043,3.507675345127399,3.474268913269043,3.500994058755728,4171200
1991-09-20,3.460905075073242,3.4876302107880934,3.4542237911445293,3.4742676429306676,9328800
1991-09-23,3.4274957180023193,3.4675833872187205,3.4274957180023193,3.4609021090159873,4756000
1991-09-24,3.440861940383911,3.460905796347313,3.4274993697416436,3.4274993697416436,5363200
1991-09-25,3.440861940383911,3.460905796347313,3.4341806550627774,3.440861940383911,4158400
1991-09-26,3.4341790676116943,3.4609041965425247,3.4274977853789865,3.4408603498444017,2556000
1991-09-27,3.4341790676116943,3.467585478775232,3.4274977853789865,3.4341790676116943,4689600
1991-09-30,3.4475417137145996,3.4742668432782784,3.4274978665418403,3.4341791489327598,4232800
1991-10-01,3.474268913269043,3.4943127723840566,3.4675876268973718,3.4675876268973718,3372000
1991-10-02,3.4675869941711426,3.5210372753915067,3.460905709018597,3.474268279323688,5482400
1991-10-03,3.420816659927368,3.460904355160892,3.420816659927368,3.460904355160892,4056000
1991-10-04,3.4141361713409424,3.4609051599894483,3.4074548872482984,3.420817455433586,3705600
1991-10-07,3.4007744789123535,3.414137050538728,3.3874119072859785,3.414137050538728,3461600
1991-10-08,3.4341790676116943,3.454222914309817,3.394091374215449,3.4007726564481566,4704800
1991-10-09,3.4141361713409424,3.4609051599894483,3.4141361713409424,3.4341800236188735,5059200
1991-10-10,3.4074501991271973,3.4274940238279457,3.3940876493266985,3.4141314740274464,5519200
1991-10-11,3.367365598678589,3.4074532843771435,3.354003036779071,3.4074532843771435,5650400
1991-10-14,3.420816659927368,3.427497942466289,3.367366399616003,3.367366399616003,4215200
1991-10-15,3.3807270526885986,3.4141334464898696,3.3807270526885986,3.4141334464898696,4396800
1991-10-16,3.3606863021850586,3.374048871975059,3.3339611626050583,3.374048871975059,5815200
1991-10-17,3.3606863021850586,3.374048871975059,3.3339611626050583,3.3606863021850586,6658400
1991-10-18,3.387408971786499,3.4007715318329943,3.360683851693509,3.360683851693509,8678400
1991-10-21,3.374049186706543,3.3874117577430045,3.34732404463362,3.3874117577430045,4240800
1991-10-22,3.354003667831421,3.387410078865598,3.3406411034177497,3.3740475144519273,5229600
1991-10-23,3.367365598678589,3.4007720034273845,3.3406404748795526,3.354003036779071,6470400
1991-10-24,3.354003667831421,3.3740475144519273,3.3406411034177497,3.3673662322450917,4211200
1991-10-25,3.387408971786499,3.3940902518097467,3.3540025716702613,3.3540025716702613,4188000
1991-10-28,3.4675869941711426,3.4675869941711426,3.387411572340596,3.387411572340596,5356800
1991-10-29,3.5076730251312256,3.507673025131226,3.420816359747024,3.4675853334154403,7612000
1991-10-30,3.5744853019714355,3.5878478638479643,3.5009912116505277,3.507672492588792,6825600
1991-10-31,3.561124086380005,3.5678053698441325,3.52103638559524,3.5678053698441325,4979200
1991-11-01,3.5343973636627197,3.6145727291900407,3.5210348027414997,3.56112248550516,5687200
1991-11-04,3.521036386489868,3.5343989534215186,3.500992536092393,3.5343989534215186,3093600
1991-11-05,3.494312286376953,3.5611251408009865,3.4876310009345497,3.5210374281465664,3200800
1991-11-06,3.5076730251312256,3.5143543070838565,3.4675853334154403,3.494310461225964,3370400
1991-11-07,3.5076730251312256,3.5143543070838565,3.487629179273333,3.507673025131226,4030400
1991-11-08,3.5076730251312256,3.5343981529417494,3.507673025131226,3.507673025131226,2972000
1991-11-11,3.5477638244628906,3.5544451122679055,3.5143573854378163,3.5143573854378163,2246400
1991-11-12,3.581166982650757,3.587848264334807,3.5678044192826572,3.5678044192826572,4654400
1991-11-13,3.6279358863830566,3.6279358863830566,3.5477605076784586,3.5811669154720414,4314400
1991-11-14,3.654661178588867,3.654661178588867,3.614573487416046,3.6279360511403196,4463200
1991-11-15,3.460905075073242,3.7147938643643292,3.460905075073242,3.654662309005914,10913600
1991-11-18,3.587850332260132,3.587850332260132,3.4609059070963655,3.4609059070963655,10196800
1991-11-19,3.5477638244628906,3.57448897568295,3.4943135220227717,3.57448897568295,7606400
1991-11-20,3.554443836212158,3.5678064070249857,3.480949696741606,3.547762550805744,7040000
1991-11-21,3.6747047901153564,3.6747047901153564,3.574485568566756,3.574485568566756,7332000
1991-11-22,3.7143967151641846,3.734510776798648,3.6339404686263324,3.687577966318234,8075200
1991-11-25,3.6741678714752197,3.6942819291657774,3.6272350701972513,3.6942819291657774,6917600
1991-11-26,3.781442880630493,3.7948522525476225,3.647349161459199,3.674167905293458,10404800
1991-11-27,3.747922420501709,3.7948552593988683,3.7345130379596636,3.7814458768568224,5062400
1991-11-29,3.721102476119995,3.747921232704644,3.721102476119995,3.747921232704644,2163200
1991-12-02,3.855196714401245,3.861901404339334,3.6607607061966605,3.7211029156394626,7852800
1991-12-03,3.8350822925567627,3.8753104284926727,3.8216729139114594,3.8551963605247175,4532800
1991-12-04,3.8417861461639404,3.8484908340281008,3.808262706843138,3.8350814582997796,5521600
1991-12-05,3.8820152282714844,3.908833986325173,3.8082636436238393,3.841787091190951,6180000
1991-12-06,3.8350822925567627,3.895424496460628,3.828377603234111,3.8820151178153246,7234400
1991-12-09,3.8820152282714844,3.9155386758385955,3.861901159731217,3.861901159731217,5047200
1991-12-10,3.8417861461639404,3.9088330248055447,3.8350814582997796,3.882014273348903,4741600
1991-12-11,3.868605375289917,3.8753100639819276,3.814967865753835,3.841786620521876,7676000
1991-12-12,3.8484904766082764,3.9222420362645325,3.8417857893667984,3.86860453833271,4531200
1991-12-13,3.8619003295898438,3.908833146095276,3.8619003295898438,3.8619003295898438,4179200
1991-12-16,3.935654401779175,3.9490637864530393,3.848493401399057,3.861902786072921,4871200
1991-12-17,4.009401321411133,4.009401321411133,3.955763845539412,3.955763845539412,5586400
1991-12-18,4.016108512878418,4.022813201547664,3.9423569375167107,4.009403824209172,6470400
1991-12-19,4.022812366485596,4.029517053763072,3.9892889300982155,4.01610767920812,6190400
1991-12-20,4.069748401641846,4.089862479409433,4.016110860928279,4.022815553517475,18774400
1991-12-23,4.223953723907471,4.237363100808764,4.063041201091948,4.069745889542594,9701600
1991-12-24,4.277590274810791,4.311113709566362,4.223952779201878,4.223952779201878,6116800
1991-12-26,4.324522972106934,4.344637032442314,4.290999538214631,4.290999538214631,4068000
1991-12-27,4.304410934448242,4.3580484538806195,4.297706244519195,4.324525004235384,5634400
1991-12-30,4.358047008514404,4.384865759336031,4.2775907560495225,4.30440950687115,11324800
1991-12-31,4.304410934448242,4.364753143809666,4.2641827948739595,4.3580484538806195,8571200
1992-01-02,4.304410934448242,4.304410934448242,4.1971358955834885,4.304410934448242,7871200
1992-01-03,4.465322017669678,4.472026705383897,4.304409512528428,4.304409512528428,10770400
1992-01-06,4.4519124031066895,4.465321777814842,4.411684278982231,4.465321777814842,11944000
1992-01-07,4.411685466766357,4.431799534244016,4.38486671012948,4.431799534244016,7460000
1992-01-08,4.331226825714111,4.391568995112605,4.3245221402253895,4.391568995112605,9102400
1992-01-09,4.291003704071045,4.344641250371933,4.284299010783434,4.33123186379671,9599200
1992-01-10,4.250772953033447,4.291001088235657,4.190430750230133,4.291001088235657,7660800
1992-01-13,4.230658531188965,4.244067908466901,4.21054446527206,4.244067908466901,5785600
1992-01-14,4.277590274810791,4.304409022615247,4.21054340529965,4.2306574661529925,7460800
1992-01-15,4.130089282989502,4.304411233245552,4.1233845925950385,4.277592471667698,10460000
1992-01-16,3.969175100326538,4.103268853715948,3.955765724987597,4.103268853715948,17836800
1992-01-17,3.9758806228637695,4.022813446405163,3.9557665556317434,3.9691759337864276,18062400
1992-01-20,3.895423650741577,3.9356517779437277,3.882014275007527,3.9356517779437277,11082400
1992-01-21,3.935654401779175,3.9624731711269034,3.88872155542065,3.895426247757582,10336800
1992-01-22,4.016108512878418,4.016108512878418,3.9423569375167107,3.9423569375167107,9313600
1992-01-23,3.995992422103882,4.0429252190077865,3.9892877368318955,4.016106477919841,9172000
1992-01-24,4.016108512878418,4.02951789021691,3.9892897582014335,3.9959944468706796,8289600
1992-01-27,3.9624686241149902,4.036220155189889,3.955763939471818,4.0161061012603705,5784000
1992-01-28,3.935654401779175,3.989291940474632,3.88872155542065,3.9624731711269034,7054400
1992-01-29,3.8350822925567627,3.975880768332448,3.8149682245888075,3.935652632396538,9663200
1992-01-30,4.136790752410889,4.15020012275906,3.9021267713178887,3.9021267713178887,20052800
1992-01-31,4.156905651092529,4.230657202966752,4.143496278024489,4.143496278024489,14565600
1992-02-03,4.230658531188965,4.237363219827933,4.177021022077219,4.177021022077219,8401600
1992-02-04,4.237360954284668,4.264179694501659,4.203837529013429,4.23065626923042,9514400
1992-02-05,4.190430641174316,4.257477531433105,4.177021263122558,4.237363464355469,8784800
1992-02-06,4.217247009277344,4.223951694506719,4.190428268359841,4.190428268359841,6037600
1992-02-07,4.190430641174316,4.250772842407227,4.177021263122558,4.217249397277832,7205600
1992-02-10,4.223953723907471,4.2306584123581175,4.197134970104884,4.197134970104884,4960000
1992-02-11,4.170315742492676,4.2172485563149404,4.156906367114886,4.2172485563149404,5952000
1992-02-12,4.210545539855957,4.223954920556135,4.170317397755422,4.170317397755422,7458400
1992-02-13,4.156905651092529,4.203838456830671,4.130086904956449,4.203838456830671,7588000
1992-02-14,4.130089282989502,4.2038408773286,4.130089282989502,4.156908044567356,5382400
1992-02-18,4.069748401641846,4.130090634944608,4.042929631285062,4.130090634944608,8317600
1992-02-19,4.130089282989502,4.136793973383965,4.042928307861477,4.06974706943933,7134400
1992-02-20,4.244070529937744,4.257479915498369,4.0965672887708715,4.130090752672434,8597600
1992-02-21,4.244070529937744,4.250775222718056,4.210547066036182,4.244070529937744,10445600
1992-02-24,4.264182090759277,4.264182090759277,4.223953957827586,4.244068024293432,6914400
1992-02-25,4.270888805389404,4.270888805389404,4.230660653376317,4.264184113387223,6710400
1992-02-26,4.398274898529053,4.398274898529053,4.284295213658635,4.284295213658635,12094400
1992-02-27,4.37816047668457,4.425093284244742,4.351341729507329,4.3982745370675005,7948800
1992-02-28,4.384866237640381,4.438503745134453,4.3714568607668625,4.378161549203622,6268800
1992-03-02,4.364752292633057,4.41168511298395,4.344638226768389,4.384866358497725,7392800
1992-03-03,4.371459007263184,4.411687157636771,4.3513449320763895,4.3647543155342525,7059200
1992-03-04,4.317818641662598,4.371456140316791,4.2977045796672755,4.371456140316791,6328000
1992-03-05,4.311112880706787,4.311112880706787,4.264180081072343,4.311112880706787,6616800
1992-03-06,4.230658531188965,4.3379335494124565,4.223953842549997,4.311114794856584,7290400
1992-03-09,4.313015937805176,4.319744511811112,4.198630179704258,4.245730197745813,5384800
1992-03-10,4.373573303222656,4.413944749098557,4.299558985783503,4.313016134408804,6896800
1992-03-11,4.353387832641602,4.42067357966852,4.333202108533526,4.373573556749677,8258400
1992-03-12,4.366844654083252,4.373573228280606,4.299558912109704,4.353387505688542,7833600
1992-03-13,4.380302906036377,4.413945785499021,4.36011717835879,4.366845754251319,5007200
1992-03-16,4.400486946105957,4.400486946105957,4.346658359609248,4.380301226169691,4744800
1992-03-17,4.434131145477295,4.440859720811859,4.407216844139041,4.407216844139041,5261600
1992-03-18,4.380302906036377,4.434131513176609,4.373574330143848,4.434131513176609,5022400
1992-03-19,4.33992862701416,4.413942913676418,4.306285769440407,4.380300056102664,7393600
1992-03-20,4.360118389129639,4.366846966890641,4.306289767041618,4.339932655846631,12390400
1992-03-23,4.400486946105957,4.407215519418046,4.3399297862971595,4.360115506233425,4636000
1992-03-24,4.387031555175781,4.427403011205007,4.353388675151427,4.400488707185523,4421600
1992-03-25,4.427403450012207,4.434132026683958,4.393760566653452,4.393760566653452,4547200
1992-03-26,4.440859317779541,4.454316467227358,4.407216444159999,4.427402168331724,4729600
1992-03-27,4.454315185546875,4.487958049486051,4.43412946718337,4.4408580399712045,7035200
1992-03-30,4.4206743240356445,4.481231506556681,4.407217172364303,4.454317203213998,4933600
1992-03-31,4.400486946105957,4.447586959290578,4.3870297994817795,4.420672666042223,6117600
1992-04-01,4.41394567489624,4.427402826344094,4.346659917656968,4.400488523448386,7190400
1992-04-02,4.353387832641602,4.434130729073903,4.319744959128143,4.413945004965828,7392000
1992-04-03,4.467773914337158,4.474502489509352,4.339930986065462,4.353388136409851,7824000
1992-04-06,4.487959861755371,4.541788465794416,4.47450271074561,4.47450271074561,6860000
1992-04-07,4.353387832641602,4.481230751992746,4.353387832641602,4.481230751992746,5520800
1992-04-08,4.3062896728515625,4.3264754056930546,4.27264678478241,4.3264754056930546,10428800
1992-04-09,4.373573303222656,4.380301877535306,4.259187539907602,4.306287560096154,9497600
1992-04-10,4.434131145477295,4.440859720811859,4.407216844139041,4.407216844139041,6074400
1992-04-13,4.407217502593994,4.467774689652538,4.393760349914318,4.434131807953347,5295200
1992-04-14,4.41394567489624,4.447588553515876,4.387031372000531,4.407217099172313,6371200
1992-04-15,4.487959861755371,4.494688437260252,4.36011692716264,4.413945531201684,7294400
1992-04-16,4.47450065612793,4.49468637337362,4.42740064922132,4.48795780095839,11262400
1992-04-20,4.380302906036377,4.447588664961667,4.339931450681203,4.447588664961667,10166400
1992-04-21,4.373573303222656,4.413944749098557,4.353387580284705,4.380301877535306,8170400
1992-04-22,4.373573303222656,4.400487600473257,4.333201857346754,4.373573303222656,5633600
1992-04-23,4.434131145477295,4.434131145477295,4.333202515458844,4.373573967466224,6593600
1992-04-24,4.360118389129639,4.454318477783674,4.353389811368636,4.434132744500666,5064000
1992-04-27,4.326472282409668,4.38702943721789,4.326472282409668,4.360115146192014,5955200
1992-04-28,4.326472282409668,4.333200855166137,4.286100845870853,4.326472282409668,6930400
1992-04-29,4.393759250640869,4.4206735492665405,4.313016354763855,4.326473504076691,6432800
1992-04-30,4.467773914337158,4.467773914337158,4.393759587443019,4.393759587443019,8743200
1992-05-01,4.461045265197754,4.481230990379644,4.407216664712713,4.467773840258384,6888000
1992-05-04,4.494687557220459,4.521601853970282,4.474501834658091,4.474501834658091,7102400
1992-05-05,4.454315185546875,4.514872340637392,4.44758661275904,4.494686622273886,6573600
1992-05-06,4.447587490081787,4.508144657117696,4.427401767736484,4.454316064196888,4621600
1992-05-07,4.487959861755371,4.501417012765132,4.440859833221206,4.447588408726087,4366400
1992-05-08,4.548515319824219,4.5552438927825385,4.46777244432438,4.48795816319934,5790400
1992-05-11,4.595614910125732,4.602343482468522,4.5485149037262005,4.5485149037262005,7666400
1992-05-12,4.615801811218262,4.6427161074935865,4.575430366805274,4.6427161074935865,7776400
1992-05-13,4.71000337600708,4.763831986018589,4.629260460989816,4.629260460989816,12088800
1992-05-14,4.642716407775879,4.736916450832201,4.6158021097597866,4.710002152816109,9318800
1992-05-15,4.66963005065918,4.69654434489929,4.629258609299014,4.642715756419069,11466000
1992-05-18,4.763830661773682,4.790744959297827,4.683087769201246,4.683087769201246,5677600
1992-05-19,4.8580322265625,4.8580322265625,4.777289308669495,4.777289308669495,8549600
1992-05-20,4.790742874145508,4.858028588670024,4.777285731240605,4.858028588670024,6520400
1992-05-21,4.777288913726807,4.777288913726807,4.723460306248195,4.777288913726807,5401200
1992-05-22,4.763830661773682,4.8176592568219725,4.763830661773682,4.777287810535754,3148000
1992-05-26,4.66963005065918,4.763830080499567,4.6158014621789585,4.763830080499567,7412000
1992-05-27,4.7503743171691895,4.7907457702896075,4.696545713008632,4.696545713008632,6306800
1992-05-28,4.790742874145508,4.790742874145508,4.696542873811186,4.750371445430798,4652400
1992-05-29,4.736916542053223,4.817659437656403,4.736916542053223,4.790745139122009,5310800
1992-06-01,4.817660331726074,4.831117483490672,4.683088814080095,4.736917421138486,6213200
1992-06-02,4.763830661773682,4.831116405584044,4.763830661773682,4.8176592568219725,5227600
1992-06-03,4.736916542053223,4.844573736190796,4.736916542053223,4.763830840587616,4259200
1992-06-04,4.602344512939453,4.7638302853232934,4.5888873652408,4.736915989925987,10068800
1992-06-05,4.723457336425781,4.723457336425781,4.588885902339577,4.6023430457481975,6161600
1992-06-08,4.696544170379639,4.750372756859635,4.6696298771396405,4.723458463619637,4330000
1992-06-09,4.657662868499756,4.725165228912796,4.644162396417148,4.711664756830188,4434000
1992-06-10,4.603661060333252,4.671163421921716,4.590160588015559,4.657662949604023,4842000
1992-06-11,4.617162227630615,4.6306627019804125,4.563160330231427,4.603661753280818,5511600
1992-06-12,4.563160419464111,4.684664690988304,4.5361594702365124,4.617162317919307,6833200
1992-06-15,4.536159515380859,4.576660939625331,4.495658091136387,4.563160464877174,6991600
1992-06-16,4.401155471801758,4.576661671597534,4.401155471801758,4.536160240875431,9550800
1992-06-17,4.252651214599609,4.387656015063089,4.225650254506913,4.387656015063089,17241200
1992-06-18,4.279651641845703,4.306652598576591,4.1986487716530405,4.252650685114816,12634000
1992-06-19,4.360652446746826,4.3741529187181785,4.266149142947359,4.2796496149187115,14308000
1992-06-22,4.347153186798096,4.347153186798096,4.279650808121107,4.347153186798096,581600
1992-06-23,4.333652496337891,4.401154871670256,4.320152021271417,4.3471529714043635,5327200
1992-06-24,4.306650638580322,4.347152055244087,4.293150166359068,4.333651583022832,4128000
1992-06-25,4.360652446746826,4.3741529187181785,4.320151030832769,4.320151030832769,3696000
1992-06-26,4.293148994445801,4.37415180566176,4.279648525909808,4.360651337125766,4201200
1992-06-29,4.360652446746826,4.360652446746826,4.306650558861416,4.306650558861416,4936000
1992-06-30,4.32015323638916,4.3741551518440245,4.293152278661728,4.360654672980309,3972000
1992-07-01,4.4551568031311035,4.468657278292107,4.293151101199063,4.32015205152107,8560400
1992-07-02,4.522660732269287,4.549661691864925,4.387655934291099,4.455158333280193,8150000
1992-07-06,4.5901618003845215,4.603662276268005,4.536159896850585,4.536159896850585,6894800
1992-07-07,4.536159515380859,4.617162363869803,4.509158565884545,4.590161414373489,4671600
1992-07-08,4.5901618003845215,4.5901618003845215,4.4956584692001345,4.536159896850585,4862000
1992-07-09,4.657662868499756,4.671163340582364,4.5631595639214995,4.590160508086716,8372000
1992-07-10,4.603661060333252,4.684663894239409,4.590160588015559,4.657662949604023,4772000
1992-07-13,4.549662113189697,4.630664999477941,4.522661151093616,4.60366403738186,3673200
1992-07-14,4.482158184051514,4.5361600898834595,4.414655801761581,4.5361600898834595,7342000
1992-07-15,4.374154090881348,4.495658371183607,4.320152188524788,4.482157895594468,11973200
1992-07-16,4.374154090881348,4.401155042059628,4.320152188524788,4.374154090881348,8704800
1992-07-17,4.414654731750488,4.428155204936269,4.3336518926358005,4.374153312193144,8518800
1992-07-20,4.428155422210693,4.468656843755303,4.387654000666084,4.4146549483624895,6200800
1992-07-21,4.468654632568359,4.509156034072,4.455154165400479,4.455154165400479,4220400
1992-07-22,4.3876543045043945,4.441656203636756,4.374153829721304,4.441656203636756,5290400
1992-07-23,4.3876543045043945,4.401154779287485,4.333652405372033,4.3876543045043945,4091600
1992-07-24,4.374154090881348,4.401155042059628,4.347153139703067,4.387654566470488,2548400
1992-07-27,4.360652446746826,4.387653390689531,4.333651502804122,4.3741529187181785,3038000
1992-07-28,4.428155422210693,4.468656843755303,4.37415352681788,4.37415352681788,4565200
1992-07-29,4.522660732269287,4.522660732269287,4.455158333280193,4.455158333280193,5964800
1992-07-30,4.482158184051514,4.5361600898834595,4.455157231135541,4.522659613425473,6687200
1992-07-31,4.522660732269287,4.576662651460562,4.4821592928758305,4.4821592928758305,3997200
1992-08-03,4.644163608551025,4.644163608551025,4.509158852488496,4.522659328094749,5848400
1992-08-04,4.603661060333252,4.64416247728633,4.549659171062481,4.64416247728633,3861600
1992-08-05,4.5901618003845215,4.603662276268005,4.563160848617554,4.603662276268005,3182800
1992-08-06,4.5901618003845215,4.630663228034973,4.536159896850585,4.5901618003845215,2938000
1992-08-07,4.603661060333252,4.711664838874794,4.590160588015559,4.590160588015559,5808000
1992-08-10,4.657662868499756,4.671163340582364,4.576660036004108,4.603660980169324,2618400
1992-08-11,4.630661964416504,4.671163381014899,4.576660075618643,4.657662908815434,3771600
1992-08-12,4.644163608551025,4.644163608551025,4.590161706126014,4.630663132944773,2642000
1992-08-13,4.67116117477417,4.698162106420264,4.617159311481983,4.644160243128077,4018400
1992-08-14,4.684664249420166,4.684664249420166,4.617161882713823,4.671163776078897,3529600
1992-08-17,4.684664249420166,4.73866614278524,4.671163776078897,4.684664249420166,3140800
1992-08-18,4.6981658935546875,4.725166846965921,4.684665416849071,4.684665416849071,3448800
1992-08-19,4.657662868499756,4.725165228912796,4.657662868499756,4.6981642847475795,2800000
1992-08-20,4.711667537689209,4.725168017739895,4.671166097537153,4.671166097537153,3366000
1992-08-21,4.617162227630615,4.738666496778789,4.590161278931021,4.711665548079195,7987600
1992-08-24,4.603661060333252,4.603661060333252,4.522658226427095,4.603661060333252,4204400
1992-08-25,4.603661060333252,4.630662004968638,4.563159643380174,4.603661060333252,4332800
1992-08-26,4.617162227630615,4.6306627019804125,4.563160330231427,4.603661753280818,2546400
1992-08-27,4.630661964416504,4.671163381014899,4.617161492217039,4.617161492217039,3587200
1992-08-28,4.684664249420166,4.684664249420166,4.603661409372555,4.630662356055092,2359200
1992-08-31,4.644163608551025,4.725166462188543,4.61716265733852,4.684665035369784,3156400
1992-09-01,4.725166320800781,4.725166320800781,4.630662994384766,4.6441634695870535,3492400
1992-09-02,4.711667537689209,4.73866849779058,4.684666577587838,4.725168017739895,3947200
1992-09-03,4.711667537689209,4.752168977841265,4.684666577587838,4.711667537689209,3790800
1992-09-04,4.711667537689209,4.752168977841265,4.684666577587838,4.711667537689209,2826800
1992-09-08,4.711667537689209,4.725168017739895,4.684666577587838,4.711667537689209,3127200
1992-09-09,4.781010150909424,4.781010150909424,4.726834398491187,4.726834398491187,5597600
1992-09-10,4.781010150909424,4.808098027118542,4.753922274700305,4.781010150909424,5715200
1992-09-11,4.794553756713867,4.808097693879725,4.740378008050434,4.781009819548009,3801200
1992-09-14,4.808099269866943,4.835187153077461,4.7539235034459075,4.794555328261684,5069600
1992-09-15,4.794553756713867,4.8487295053773005,4.781009819548009,4.808097693879725,4585200
1992-09-16,4.848730087280273,4.902905842445416,4.767466454532559,4.794554332115131,5621600
1992-09-17,4.8351874351501465,4.88936320473166,4.821643492754768,4.8487313775455245,3363200
1992-09-18,4.875819206237793,4.9164510329564415,4.8351873795191445,4.8351873795191445,9993600
1992-09-21,4.848730087280273,4.862274026071559,4.8351861484889875,4.862274026071559,3053200
1992-09-22,4.57785177230835,4.83518663524876,4.57785177230835,4.83518663524876,13536000
1992-09-23,4.415324687957764,4.51013227328201,4.361148924915337,4.51013227328201,18865600
1992-09-24,4.483041286468506,4.483041286468506,4.415321629573211,4.415321629573211,7568000
1992-09-25,4.455957412719727,4.496589243230849,4.428869525712312,4.4830452997271415,6002800
1992-09-28,4.469499588012695,4.57785109317664,4.388235959139737,4.455955649867202,5755200
1992-09-29,4.415324687957764,4.4559565102395835,4.401780747197157,4.4559565102395835,4642000
1992-09-30,4.388237953186035,4.428869786085905,4.388237953186035,4.415325841785949,5256000
1992-10-01,4.3340606689453125,4.401780366897583,4.306972789764404,4.388236427307129,10548400
1992-10-02,4.2527971267700195,4.347604706029224,4.225709246981675,4.334060766135051,7023200
1992-10-05,4.266341209411621,4.266341209411621,4.063182104201544,4.252797269064283,13808400
1992-10-06,4.198619842529297,4.279883452384703,4.185075907553396,4.2663395174088015,5376000
1992-10-07,4.063183784484863,4.185079298019409,4.009008000691732,4.185079298019409,11218800
1992-10-08,4.076724052429199,4.117355853616201,4.022548317513197,4.063180118700198,10790000
1992-10-09,4.009004592895508,4.076724265072797,3.99546065846005,4.076724265072797,9359600
1992-10-12,3.9954609870910645,4.04963672928891,3.9548291804426805,4.009004922640526,6099600
1992-10-13,4.103816032409668,4.130903927013032,3.9954644539962114,3.9954644539962114,7318400
1992-10-14,4.171532154083252,4.239251831909279,4.11735641182243,4.11735641182243,8840400
1992-10-15,4.2527971267700195,4.2934289464525355,4.157989547510815,4.171533487404988,8709200
1992-10-16,4.374691009521484,4.374691009521484,4.266339529409497,4.266339529409497,8850800
1992-10-19,4.455957412719727,4.455957412719727,4.361149808193775,4.374693751697483,7592000
1992-10-20,4.415324687957764,4.483044391760797,4.401780747197157,4.4559565102395835,11336000
1992-10-21,4.388237953186035,4.442413730385863,4.388237953186035,4.415325841785949,7141600
1992-10-22,4.388237953186035,4.428869786085905,4.361150064586122,4.388237953186035,4636800
1992-10-23,4.3340606689453125,4.415324306488038,4.320516729354859,4.388236427307129,5762000
1992-10-26,4.415324687957764,4.415324687957764,4.306973161872911,4.334061043394124,5287600
1992-10-27,4.483041286468506,4.483041286468506,4.3611459040569756,4.415321629573211,5722000
1992-10-28,4.483041286468506,4.510129149226624,4.442409492331329,4.483041286468506,4528000
1992-10-29,4.4965901374816895,4.4965901374816895,4.4424143526927535,4.483046191284456,3564800
1992-10-30,4.401780605316162,4.49658818758451,4.401780605316162,4.49658818758451,4192000
1992-11-02,4.4965901374816895,4.4965901374816895,4.388238567903818,4.401782514101051,4886400
1992-11-03,4.415324687957764,4.51013227328201,4.3882368064365505,4.496588332521403,4812400
1992-11-04,4.361149311065674,4.4288690208648305,4.361149311065674,4.415325078904999,3514400
1992-11-05,4.42887020111084,4.442414146679986,4.361150473265108,4.361150473265108,3420800
1992-11-06,4.42887020111084,4.455958092249133,4.374694418834255,4.42887020111084,4127200
1992-11-09,4.455957412719727,4.4830452997271415,4.401781638704897,4.428869525712312,4367200
1992-11-10,4.42887020111084,4.455958092249133,4.401782309972547,4.455958092249133,3778000
1992-11-11,4.537220478057861,4.550764419783407,4.44241288597904,4.44241288597904,4757200
1992-11-12,4.442414283752441,4.537221905661792,4.428870337765391,4.537221905661792,4110400
1992-11-13,4.4965901374816895,4.4965901374816895,4.388238567903818,4.4424143526927535,4553600
1992-11-16,4.42887020111084,4.455958092249133,4.415326255541694,4.455958092249133,2804800
1992-11-17,4.415324687957764,4.42886862871837,4.3882368064365505,4.42886862871837,3855200
1992-11-18,4.415324687957764,4.4559565102395835,4.3882368064365505,4.415324687957764,5709200
1992-11-19,4.415324687957764,4.415324687957764,4.374692865675944,4.415324687957764,4380800
1992-11-20,4.42887020111084,4.42887020111084,4.374694418834255,4.415326255541694,10044400
1992-11-23,4.415324687957764,4.442412569478977,4.401780747197157,4.42886862871837,3779200
1992-11-24,4.403364658355713,4.498499079986854,4.403364658355713,4.430545921678896,6152800
1992-11-25,4.416954517364502,4.4305451466487,4.3897732587961045,4.403363888080303,3517200
1992-11-27,4.389773368835449,4.4441358873349595,4.389773368835449,4.416954628085205,2527200
1992-11-30,4.321819305419922,4.376181812406336,4.213094291447094,4.376181812406336,6829200
1992-12-01,4.308231830596924,4.321822467286504,4.226688010459442,4.321822467286504,8078000
1992-12-02,4.294638156890869,4.349000665205943,4.213094394418257,4.308228783969637,8476800
1992-12-03,4.294638156890869,4.321819411048406,4.2538662756545635,4.294638156890869,6240800
1992-12-04,4.308231830596924,4.308231830596924,4.267459920528183,4.294641193907344,4904400
1992-12-07,4.349002361297607,4.362592993676663,4.240277302265167,4.3082304641604425,4974000
1992-12-08,4.362593650817871,4.362593650817871,4.335412381965424,4.349003016391647,5963600
1992-12-09,4.335411548614502,4.349002180428341,4.308230284986825,4.349002180428341,4108400
1992-12-10,4.321819305419922,4.335409932166526,4.281047425180112,4.335409932166526,4171600
1992-12-11,4.335411548614502,4.349002180428341,4.308230284986825,4.321820916800664,3222400
1992-12-14,4.294638156890869,4.362591292284712,4.294638156890869,4.335410038127175,5935200
1992-12-15,4.416954517364502,4.457726405217097,4.25386696595412,4.294638853806715,8208000
1992-12-16,4.416954517364502,4.498498293069693,4.3897732587961045,4.416954517364502,5788800
1992-12-17,4.51209020614624,4.51209020614624,4.41695577408894,4.41695577408894,5662800
1992-12-18,4.756721496582031,4.756721496582031,4.552862003871373,4.552862003871373,21651200
1992-12-21,4.729539394378662,4.797492546596747,4.715948763935046,4.756720655265896,5383600
1992-12-22,4.743130683898926,4.7567213162310145,4.70235878690266,4.729540051566837,4357200
1992-12-23,4.743130683898926,4.7567213162310145,4.70235878690266,4.743130683898926,4088800
1992-12-24,4.729539394378662,4.7703112857095125,4.715948763935046,4.743130024822279,1766400
1992-12-28,4.729539394378662,4.756720655265896,4.715948763935046,4.729539394378662,2787200
1992-12-29,4.675179481506348,4.838267137837964,4.675179481506348,4.7295420336168865,5940000
1992-12-30,4.647995948791504,4.715949105937578,4.634405317362289,4.675177211649934,3839600
1992-12-31,4.552860736846924,4.675176398433856,4.552860736846924,4.6479951403034265,3716400
1993-01-04,4.566452503204346,4.607224400554385,4.53927123830432,4.552861870754333,5599600
1993-01-05,4.47131872177124,4.580043797072668,4.457728087358562,4.56645316265999,5303200
1993-01-06,4.498497009277344,4.512087634683016,4.471315758466,4.471315758466,5133600
1993-01-07,4.416954517364502,4.552860810206487,4.376182629511907,4.498498293069693,6296000
1993-01-08,4.376184463500977,4.430547003420243,4.36259382852116,4.4169563684404265,5178800
1993-01-11,4.430546283721924,4.4441369164940765,4.349002487089005,4.376183752633311,4223200
1993-01-12,4.45772647857666,4.484907737592371,4.389773331037381,4.4305452195609485,3807600
1993-01-13,4.498497009277344,4.512087634683016,4.416953256843313,4.457725133060328,4834800
1993-01-14,4.702355861663818,4.702355861663818,4.580040246765049,4.580040246765049,9866800
1993-01-15,4.702355861663818,4.797490228807306,4.6887652377861775,4.702355861663818,12236400
1993-01-18,4.688767910003662,4.702358541626861,4.634405383510866,4.702358541626861,3996800
1993-01-19,4.566452503204346,4.661586930354436,4.566452503204346,4.661586930354436,6984400
1993-01-20,4.539270401000977,4.593632920773443,4.539270401000977,4.56645166088721,3926000
1993-01-21,4.552860736846924,4.552860736846924,4.512088849651279,4.539270107781709,4049600
1993-01-22,4.45772647857666,4.580042144147361,4.45772647857666,4.55286088513165,5011600
1993-01-25,4.539270401000977,4.552861030944093,4.457726621342276,4.457726621342276,5174000
1993-01-26,4.580043792724609,4.593634427124385,4.53927188952528,4.53927188952528,5815200
1993-01-27,4.51209020614624,4.620815271354584,4.51209020614624,4.580043371901455,3444400
1993-01-28,4.484910011291504,4.51209128408721,4.457728738495797,4.51209128408721,5980400
1993-01-29,4.607222557067871,4.63440381109187,4.512088167983873,4.512088167983873,4676800
1993-02-01,4.675179481506348,4.675179481506348,4.620816929395809,4.620816929395809,5124000
1993-02-02,4.580043792724609,4.647996964723491,4.580043792724609,4.647996964723491,3710800
1993-02-03,4.552860736846924,4.620813882172997,4.539270107781709,4.580041994977353,5129600
1993-02-04,4.539270401000977,4.60722355071656,4.512089141114743,4.552861030944093,5781600
1993-02-05,4.484910011291504,4.539272556882916,4.444138102097945,4.539272556882916,8323200
1993-02-08,4.47131872177124,4.512090625009276,4.457728087358562,4.484909356183919,5872800
1993-02-09,4.430546283721924,4.471318182038383,4.41695565094977,4.471318182038383,4934800
1993-02-10,4.403364658355713,4.45772718500208,4.389774026694121,4.430545921678896,4782400
1993-02-11,4.416954517364502,4.498498293069693,4.416954517364502,4.416954517364502,5831200
1993-02-12,4.403364658355713,4.4441365533404875,4.3761833950325295,4.416955290017304,3587600
1993-02-16,4.416954517364502,4.471317034501295,4.349001370943509,4.403363888080303,9508800
1993-02-17,4.444137096405029,4.484908996372048,4.403365196438011,4.41695582976035,7169600
1993-02-18,4.484910011291504,4.525681920485063,4.430547465700092,4.444138102097945,7348800
1993-02-19,4.539270401000977,4.552861030944093,4.4849078812285095,4.4849078812285095,9060800
1993-02-22,4.484910011291504,4.607225738872181,4.471319374893651,4.539272556882916,5621600
1993-02-23,4.498497009277344,4.525678260088687,4.430543882248985,4.484906383871672,5737600
1993-02-24,4.566452503204346,4.580043135654359,4.4713180760542555,4.498499340954281,5016400
1993-02-25,4.593633651733398,4.620814915944838,4.539271123310518,4.5664523875219585,5907600
1993-02-26,4.607222557067871,4.63440381109187,4.5528600490198725,4.593631930055872,4832000
1993-03-01,4.580043792724609,4.647996964723491,4.580043792724609,4.607225061524162,4890800
1993-03-02,4.688767910003662,4.688767910003662,4.552861593771672,4.58004285701807,7120000
1993-03-03,4.647995948791504,4.715949105937578,4.647995948791504,4.688767843079148,6086400
1993-03-04,4.688767910003662,4.71594917325006,4.607224120264468,4.647996015134065,4088400
1993-03-05,4.661587238311768,4.743131038398854,4.634405971616072,4.688768505007463,5971200
1993-03-08,4.756721496582031,4.770312129429409,4.661587066650391,4.661587066650391,5798000
1993-03-09,4.70705509185791,4.775273281594981,4.70705509185791,4.775273281594981,4176400
1993-03-10,4.679771423339844,4.693415071804392,4.625196829481653,4.693415071804392,4682000
1993-03-11,4.666128635406494,4.720703239329377,4.652484984425773,4.679772286387215,3821600
1993-03-12,4.61155366897583,4.652484618700467,4.597910019067617,4.652484618700467,4424000
1993-03-15,4.693414211273193,4.693414211273193,4.611552335495173,4.611552335495173,3888000
1993-03-16,4.70705509185791,4.734342367752738,4.666124178015667,4.693411453910496,3624000
1993-03-17,4.652482032775879,4.707056602075303,4.652482032775879,4.707056602075303,3804000
1993-03-18,4.679771423339844,4.720702368733487,4.666127774875296,4.666127774875296,4481600
1993-03-19,4.6251935958862305,4.693411790515821,4.597906318034394,4.679768151589903,10848800
1993-03-22,4.584265232086182,4.6115525251343135,4.584265232086182,4.6115525251343135,3830000
1993-03-23,4.52969217300415,4.597910428621683,4.52969217300415,4.5842667774981765,3664800
1993-03-24,4.570621013641357,4.584264658458197,4.516046434373998,4.529690079190838,5128800
1993-03-25,4.652482032775879,4.666125675100735,4.5706201788267435,4.5706201788267435,4346400
1993-03-26,4.543333530426025,4.679769972781161,4.5160462419549985,4.652482684310134,4915200
1993-03-29,4.570621013641357,4.597908303275037,4.543333724007677,4.543333724007677,4227600
1993-03-30,4.693414211273193,4.693414211273193,4.570621397606162,4.570621397606162,5480000
1993-03-31,4.652482032775879,4.720700244400159,4.638838390451023,4.693412959750447,6323600
1993-04-01,4.679771423339844,4.70705872026894,4.638840477946201,4.652484126410749,5425200
1993-04-02,4.584265232086182,4.652483464706512,4.570621585562115,4.652483464706512,8182400
1993-04-05,4.475117206573486,4.5979100567538564,4.475117206573486,4.584266406733815,8706000
1993-04-06,4.365968227386475,4.4478301316499715,4.270462672412395,4.4478301316499715,16148000
1993-04-07,4.311391830444336,4.325035475477388,4.243173605279077,4.325035475477388,14530800
1993-04-08,4.338680267333984,4.338680267333984,4.093094591824514,4.311392970055154,21676400
1993-04-12,4.297748565673828,4.420541381835937,4.284104919433593,4.338679504394531,7745600
1993-04-13,4.2704620361328125,4.365967576876997,4.2431747387773315,4.2977493334882935,9020000
1993-04-14,4.352322578430176,4.352322578430176,4.22952977841177,4.270460711751238,6595200
1993-04-15,4.325037479400635,4.379612084818939,4.325037479400635,4.352324782109787,7868400
1993-04-16,4.14766788482666,4.365966194554379,4.120380596110696,4.325035261480432,23216400
1993-04-19,4.16131067276001,4.188597955860075,4.120379748109912,4.147667031209977,12998800
1993-04-20,4.202242374420166,4.2158860184929585,4.12038050998341,4.161311442201788,14060000
1993-04-21,4.256816387176514,4.338678240776062,4.147667249043783,4.202241818110148,12823200
1993-04-22,4.243171215057373,4.338676676489532,4.202240303015019,4.256814852404824,9444800
1993-04-23,4.243171215057373,4.270458489752276,4.21588394036247,4.243171215057373,5913200
1993-04-26,4.325037479400635,4.325037479400635,4.243175571273178,4.243175571273178,5545200
1993-04-27,4.325037479400635,4.338681130755211,4.229531919918602,4.325037479400635,5495200
1993-04-28,4.297748565673828,4.352323150634765,4.2704612731933596,4.325035858154297,4962400
1993-04-29,4.338680267333984,4.338680267333984,4.243174726858079,4.297749321415739,3701600
1993-04-30,4.297748565673828,4.352323150634765,4.2704612731933596,4.338679504394531,4988400
1993-05-03,4.325037479400635,4.338681130755211,4.27046287398233,4.2977501766914825,3405200
1993-05-04,4.297748565673828,4.311392211914062,4.2704612731933596,4.311392211914062,3987600
1993-05-05,4.28410530090332,4.325036243268639,4.270461653448215,4.297748948358427,5770800
1993-05-06,4.243171215057373,4.284102127099727,4.229527577709922,4.284102127099727,4273600
1993-05-07,4.229530334472656,4.2704612731933596,4.202243041992188,4.24317398071289,4297200
1993-05-10,4.2704620361328125,4.311392982166034,4.229531090099591,4.229531090099591,5518000
1993-05-11,4.379612445831299,4.393256098310524,4.229532268559821,4.270463225997497,6678400
1993-05-12,4.338680267333984,4.393254861891644,4.311392970055154,4.37961121325223,6487200
1993-05-13,4.28410530090332,4.325036243268639,4.270461653448215,4.325036243268639,5184000
1993-05-14,4.352322578430176,4.352322578430176,4.256817067304749,4.284104356197728,5056400
1993-05-17,4.379612445831299,4.40689975078975,4.338681488393623,4.352325140872848,5271600
1993-05-18,4.365968227386475,4.4478301316499715,4.352324576675892,4.379611878097058,5640800
1993-05-19,4.51604700088501,4.5569779404700705,4.379610535601475,4.379610535601475,11489200
1993-05-20,4.597909927368164,4.597909927368164,4.51604802955152,4.51604802955152,8936400
1993-05-21,4.475117206573486,4.570622756713774,4.461473556553445,4.570622756713774,10250400
1993-05-24,4.475117206573486,4.51604815663361,4.434186256513363,4.475117206573486,6106400
1993-05-25,4.4887614250183105,4.529692380261639,4.475117773270535,4.475117773270535,4676800
1993-05-26,4.52969217300415,4.52969217300415,4.461473917386618,4.488761219633631,6214800
1993-05-27,4.502404689788818,4.529691990939053,4.488761039213701,4.529691990939053,6024400
1993-05-28,4.52969217300415,4.52969217300415,4.461473917386618,4.502404870757138,3551200
1993-06-01,4.52969217300415,4.57062312637467,4.502404870757138,4.52969217300415,5788000
1993-06-02,4.543333530426025,4.570620818897052,4.5296898861905115,4.5296898861905115,4066400
1993-06-03,4.502404689788818,4.5433356415141715,4.488761039213701,4.5433356415141715,2768800
1993-06-04,4.4887614250183105,4.502405076766086,4.461474121522758,4.502405076766086,2713600
1993-06-07,4.475117206573486,4.51604815663361,4.475117206573486,4.488760856593528,2739600
1993-06-08,4.434187412261963,4.475118372990535,4.420543758685772,4.475118372990535,3890800
1993-06-09,4.370611667633057,4.452817529720199,4.370611667633057,4.452817529720199,6311200
1993-06-10,4.493920803070068,4.521322759186349,4.384312978604944,4.384312978604944,6468800
1993-06-11,4.576124668121338,4.576124668121338,4.50761980782012,4.50761980782012,6292800
1993-06-14,4.589827537536621,4.589827537536621,4.521322648916672,4.576126559812631,4742400
1993-06-15,4.589827537536621,4.603528515260611,4.521322648916672,4.589827537536621,6231600
1993-06-16,4.603529930114746,4.630931893984477,4.548726002375285,4.589828948179881,5181200
1993-06-17,4.630931377410889,4.64463235781743,4.576127455784724,4.603529416597806,5865600
1993-06-18,4.548727989196777,4.658335892550917,4.548727989196777,4.630933916712381,10905600
1993-06-21,4.521325588226318,4.603531508012251,4.480222628333352,4.548727561488295,5352400
1993-06-22,4.507623195648193,4.548726142720973,4.4939222132906,4.521324178005786,4149200
1993-06-23,4.576124668121338,4.617227584302068,4.50761980782012,4.50761980782012,6595600
1993-06-24,4.672031879425049,4.685732852678495,4.576125066650928,4.576125066650928,7824400
1993-06-25,4.672031879425049,4.685732852678495,4.658330906171603,4.672031879425049,4626000
1993-06-28,4.740539073944092,4.740539073944092,4.685735154014102,4.685735154014102,4872400
1993-06-29,4.754240989685059,4.781642955043473,4.699437058968228,4.74054000700585,5256400
1993-06-30,4.713135242462158,4.781640115172364,4.699434267920117,4.754238166088282,4131600
1993-07-01,4.713135242462158,4.740537191546241,4.685733293378076,4.713135242462158,5030000
1993-07-02,4.685735702514648,4.740539628859849,4.672034720928348,4.713137665687249,4583600
1993-07-06,4.589827537536621,4.685734381604551,4.589827537536621,4.685734381604551,3747600
1993-07-07,4.699435710906982,4.7131366896559825,4.617229838412983,4.617229838412983,3788800
1993-07-08,4.781641960144043,4.781641960144043,4.672034121516099,4.6994360811730855,5280400
1993-07-09,4.754240989685059,4.767941972364266,4.7131380416474355,4.767941972364266,4403200
1993-07-12,4.850146293640137,4.863847271870759,4.7405384677951625,4.7542394460257835,5790800
1993-07-13,4.795342922210693,4.863847821099418,4.795342922210693,4.850146841321672,4696400
1993-07-14,4.8638482093811035,4.8775491902526,4.822745266766615,4.822745266766615,5143600
1993-07-15,4.877549648284912,4.8912506304430154,4.795343755336289,4.863848666126808,4863600
1993-07-16,4.836447715759277,4.9049526409116755,4.822746730728798,4.877550670850716,7439200
1993-07-19,4.8638482093811035,4.891250171124096,4.836446247638111,4.836446247638111,3201600
1993-07-20,4.891251564025879,4.90495254879906,4.836447624933152,4.8638495944795155,5370400
1993-07-21,4.850146293640137,4.904950206562624,4.850146293640137,4.891249228332002,3821600
1993-07-22,4.795342922210693,4.863847821099418,4.781641942432948,4.850146841321672,4509600
1993-07-23,4.822744369506836,4.836445347829299,4.7816414345394485,4.795342412861911,3208000
1993-07-26,4.795342922210693,4.822744881766183,4.795342922210693,4.822744881766183,3126400
1993-07-27,4.767941951751709,4.795343916991661,4.72683900389178,4.795343916991661,5114800
1993-07-28,4.781641960144043,4.795342939972536,4.726838040830072,4.76794098031555,3611200
1993-07-29,4.822744369506836,4.850146326151761,4.7816414345394485,4.7816414345394485,3944000
1993-07-30,4.740539073944092,4.850146913804071,4.713137113979097,4.822744953839076,4688000
1993-08-02,4.767941951751709,4.809044899611638,4.754240969131732,4.754240969131732,3730000
1993-08-03,4.754240989685059,4.767941972364266,4.7131380416474355,4.767941972364266,3285600
1993-08-04,4.685735702514648,4.740539628859849,4.685735702514648,4.740539628859849,3281600
1993-08-05,4.72683572769165,4.72683572769165,4.672031835196675,4.685732808320418,3088400
1993-08-06,4.672031879425049,4.7131347991853865,4.644629932918157,4.7131347991853865,3581600
1993-08-09,4.72683572769165,4.754237673939138,4.672031835196675,4.672031835196675,3701200
1993-08-10,4.685735702514648,4.713137665687249,4.658333739342048,4.713137665687249,2641200
1993-08-11,4.795342922210693,4.795342922210693,4.685735083988734,4.685735083988734,3546000
1993-08-12,4.658333778381348,4.809044577093686,4.658333778381348,4.795343595392564,4347200
1993-08-13,4.685735702514648,4.713137665687249,4.658333739342048,4.658333739342048,2906400
1993-08-16,4.603529930114746,4.685735821723938,4.603529930114746,4.685735821723938,4313600
1993-08-17,4.658333778381348,4.685735741783591,4.576127888174618,4.6035298515768615,4258000
1993-08-18,4.685735702514648,4.726838647273548,4.630931776169448,4.658333739342048,6411600
1993-08-19,4.795342922210693,4.809043901988438,4.672034104210989,4.685735083988734,7322000
1993-08-20,4.767941951751709,4.809044899611638,4.740539986511757,4.795343916991661,9014000
1993-08-23,4.781641960144043,4.809043919801029,4.740539020658565,4.76794098031555,4479600
1993-08-24,4.836447715759277,4.850148700789757,4.754241805576401,4.7816437756373595,6108400
1993-08-25,4.72683572769165,4.836443512681602,4.699433781444163,4.836443512681602,5775600
1993-08-26,4.699435710906982,4.754239625902982,4.685734732157982,4.726837668404982,4553200
1993-08-27,4.699435710906982,4.726837668404982,4.672033753408982,4.699435710906982,3319600
1993-08-30,4.72683572769165,4.72683572769165,4.672031835196675,4.699433781444163,2512800
1993-08-31,4.754240989685059,4.754240989685059,4.699437058968228,4.726839024326643,3708000
1993-09-01,4.672031879425049,4.726835772438832,4.672031879425049,4.726835772438832,4331200
1993-09-02,4.672031879425049,4.699433825931941,4.644629932918157,4.672031879425049,4030800
1993-09-03,4.72683572769165,4.740536700815395,4.644629888949187,4.672031835196675,3853200
1993-09-07,4.713135242462158,4.781640115172364,4.699434267920117,4.726836217004199,4352800
1993-09-08,4.72683572769165,4.754237673939138,4.685732808320418,4.713134754567907,6254800
1993-09-09,4.745543003082275,4.759298200192659,4.690522214640742,4.745543003082275,5762400
1993-09-10,4.841830730438232,4.869341132315722,4.731789122928272,4.745544323867017,8276400
1993-09-13,4.896852970123291,4.910608175095548,4.841832150234265,4.841832150234265,9878800
1993-09-14,4.855588912963867,4.910609750504534,4.828078494193534,4.896854541119367,5386800
1993-09-15,4.828076362609863,4.8693419725466995,4.745545142736191,4.855586769234421,8896400
1993-09-16,4.759300231933594,4.814321043863462,4.759300231933594,4.814321043863462,7738800
1993-09-17,4.786811828613281,4.800567035017343,4.704280590188914,4.759301415805159,18802800
1993-09-20,4.704280853271484,4.828077717831261,4.690525646098176,4.786812096311335,4826400
1993-09-21,4.676770210266113,4.731791036269244,4.649259797264548,4.704280623267679,6914800
1993-09-22,4.704280853271484,4.731791267618101,4.663015231751559,4.676770438924867,5592000
1993-09-23,4.704280853271484,4.74554647479141,4.704280853271484,4.704280853271484,2931600
1993-09-24,4.690521240234375,4.704276434487262,4.663010851728601,4.704276434487262,3402400
1993-09-27,4.7317891120910645,4.759299513905547,4.704278710276581,4.704278710276581,3636400
1993-09-28,4.704280853271484,4.759301681964718,4.690525646098176,4.731791267618101,2476800
1993-09-29,4.663012981414795,4.704278583020235,4.649257780879648,4.704278583020235,3215200
1993-09-30,4.649259090423584,4.676769499242658,4.635503886014047,4.663014294833121,2752800
1993-10-01,4.621748924255371,4.676769744782221,4.594238513991947,4.6492593345187965,5605200
1993-10-04,4.635505676269531,4.635505676269531,4.539219208216455,4.621750466547663,5578800
1993-10-05,4.607992172241211,4.676768174811976,4.580481771212905,4.635502573269517,4607200
1993-10-06,4.552971839904785,4.607992647637774,4.552971839904785,4.607992647637774,4762800
1993-10-07,4.525463104248047,4.566728725259427,4.5117078972442535,4.552973518255634,3983200
1993-10-08,4.539218425750732,4.594239255153772,4.511708011049213,4.525463218399972,4660000
1993-10-11,4.621748924255371,4.663014539650509,4.580483308860234,4.580483308860234,2696400
1993-10-12,4.635505676269531,4.676771305435135,4.635505676269531,4.635505676269531,3925200
1993-10-13,4.635505676269531,4.6905265151570035,4.607995256825795,4.635505676269531,3900000
1993-10-14,4.855588912963867,4.869344122349034,4.580484725260532,4.635505562801199,12983600
1993-10-15,4.841830730438232,4.869341132315722,4.800565127621997,4.855585931376977,10667600
1993-10-18,4.80056619644165,4.828076604444181,4.786810992440385,4.828076604444181,4299200
1993-10-19,4.80056619644165,4.841831808445447,4.759300584437854,4.80056619644165,4714800
1993-10-20,4.841830730438232,4.841830730438232,4.759299524805763,4.800565127621997,3564400
1993-10-21,4.80056619644165,4.855587012446712,4.786810992440385,4.841831808445447,8122800
1993-10-22,4.704280853271484,4.828077717831261,4.704280853271484,4.800567303484644,5038000
1993-10-25,4.718034744262695,4.718034744262695,4.621748320910395,4.7042795409266525,5892000
1993-10-26,4.718034744262695,4.718034744262695,4.649258727582481,4.718034744262695,4500800
1993-10-27,4.7317891120910645,4.7317891120910645,4.676768308462099,4.718033911183823,3518000
1993-10-28,4.7317891120910645,4.773054714812789,4.718033911183823,4.7317891120910645,4274800
1993-10-29,4.7730560302734375,4.786811234971632,4.745545620877049,4.745545620877049,3413200
1993-11-01,4.745543003082275,4.773053397303042,4.7317878059718925,4.773053397303042,2970000
1993-11-02,4.690521240234375,4.745542017245922,4.663010851728601,4.745542017245922,4971200
1993-11-03,4.621748924255371,4.676769744782221,4.607993719123659,4.676769744782221,6324800
1993-11-04,4.5667290687561035,4.635505108948213,4.552973860717682,4.6217499009097915,5166800
1993-11-05,4.5667290687561035,4.580484276794525,4.5117082366024155,4.5667290687561035,5569600
1993-11-08,4.5667290687561035,4.594239484832947,4.5667290687561035,4.5667290687561035,3731600
1993-11-09,4.525463104248047,4.594239139267014,4.5117078972442535,4.566728725259427,6266800
1993-11-10,4.470442771911621,4.525463606027457,4.442932354853704,4.525463606027457,8494800
1993-11-11,4.415419578552246,4.484195584448699,4.401664377372956,4.470440383269408,7596000
1993-11-12,4.484195232391357,4.484195232391357,4.415419231894558,4.415419231894558,5691200
1993-11-15,4.552971839904785,4.552971839904785,4.48419583023855,4.48419583023855,3954400
1993-11-16,4.635505676269531,4.663016095713267,4.580484837382059,4.580484837382059,6825200
1993-11-17,4.663012981414795,4.676768181949941,4.607992179274207,4.635502580344501,6767600
1993-11-18,4.621748924255371,4.6492593345187965,4.580483308860234,4.6492593345187965,6400000
1993-11-19,4.690521240234375,4.690521240234375,4.580479686211281,4.621745268969941,9716800
1993-11-22,4.635505676269531,4.6905265151570035,4.607995256825795,4.6905265151570035,6589600
1993-11-23,4.649259090423584,4.676769499242658,4.607993477194972,4.635503886014047,3932800
1993-11-24,4.640417575836182,4.681849875620434,4.61279604264668,4.668039109025683,3315600
1993-11-26,4.668041229248047,4.681852002115645,4.640419683512851,4.640419683512851,1788000
1993-11-29,4.668041229248047,4.70947354785084,4.654230456380449,4.668041229248047,3206000
1993-11-30,4.640417575836182,4.681849875620434,4.640417575836182,4.668039109025683,4680000
1993-12-01,4.668041229248047,4.723284320718438,4.668041229248047,4.668041229248047,5650800
1993-12-02,4.695664405822754,4.723285961151123,4.668042850494385,4.668042850494385,2251200
1993-12-03,4.737094879150391,4.750905651392812,4.695662562423128,4.695662562423128,3380000
1993-12-06,4.806151390075684,4.819962169932223,4.750908270649527,4.750908270649527,6279200
1993-12-07,4.861391544342041,4.861391544342041,4.792337687178091,4.806148458610881,5055600
1993-12-08,4.83376932144165,4.8890123994009835,4.83376932144165,4.861390860421317,5978400
1993-12-09,4.819960117340088,4.88901398721602,4.806149343364901,4.833770891315274,6423200
1993-12-10,4.806151390075684,4.833772949788762,4.792340610219144,4.819962169932223,3820800
1993-12-13,4.83376932144165,4.83376932144165,4.79233701297215,4.806147782461984,3720800
1993-12-14,4.778526306152344,4.847580154507146,4.7509047668104225,4.833769384836185,6410000
1993-12-15,4.70947265625,4.792337277767595,4.70947265625,4.778526507514663,6924400
1993-12-16,4.792337417602539,4.819958958914369,4.723283564322964,4.723283564322964,5932000
1993-12-17,4.70947265625,4.833769588526393,4.695661885997067,4.792337277767595,10581600
1993-12-20,4.737094879150391,4.737094879150391,4.695662562423128,4.709473334665549,3674400
1993-12-21,4.806151390075684,4.806151390075684,4.709475931079909,4.737097490792987,4787600
1993-12-22,4.861391544342041,4.875202315774831,4.806148458610881,4.806148458610881,6561200
1993-12-23,4.806151390075684,4.87520528935838,4.7647190505060655,4.8613945095018405,6054800
1993-12-27,4.889013767242432,4.889013767242432,4.819959900473471,4.819959900473471,3681600
1993-12-28,4.930449962615967,4.944260746824975,4.847585257361917,4.889017609988942,5963200
1993-12-29,4.9718804359436035,4.985691214932336,4.944258877966139,4.944258877966139,7512800
1993-12-30,4.95806884765625,4.971879624390668,4.930447294187412,4.971879624390668,4135600
1993-12-31,4.930449962615967,4.971882315242992,4.930449962615967,4.958071531033983,3664400
1994-01-03,4.916635990142822,4.944257540649242,4.902825214889612,4.930446765396032,5416800
1994-01-04,4.875203609466553,4.91663593475947,4.861392834368914,4.91663593475947,4499200
1994-01-05,4.750906944274902,4.875203928282095,4.737096168274103,4.875203928282095,7404800
1994-01-06,4.654231071472168,4.806149593092921,4.640420296779372,4.750906494321739,11023200
1994-01-07,4.70947265625,4.737094196755865,4.65422957523827,4.65422957523827,9138400
1994-01-10,4.792337417602539,4.8061481882584545,4.6818512523552185,4.709472793667048,6259600
1994-01-11,4.72328519821167,4.792339075378507,4.709474422778302,4.792339075378507,5394400
1994-01-12,4.778526306152344,4.792337075823304,4.709472457797541,4.723283227468501,4326000
1994-01-13,4.70947265625,4.750904967008798,4.70947265625,4.750904967008798,3869600
1994-01-14,4.695664405822754,4.723285961151123,4.668042850494385,4.709475183486938,6550800
1994-01-17,4.5989861488342285,4.668039994912821,4.5989861488342285,4.668039994912821,5205600
1994-01-18,4.529932975769043,4.571365289571808,4.447068348163512,4.571365289571808,12035200
1994-01-19,4.585177421569824,4.612798972302173,4.50231276937278,4.529934320105128,6890400
1994-01-20,4.5713653564453125,4.6127976708541825,4.5299330420364425,4.585176127914935,4580000
1994-01-21,4.557556629180908,4.585178184509277,4.516124296188354,4.571367406845092,9374400
1994-01-24,4.474691390991211,4.543745270481816,4.46088061509309,4.543745270481816,5110000
1994-01-25,4.502312183380127,4.5299337305174285,4.433258315536873,4.474690636242825,5650400
1994-01-26,4.529932975769043,4.598986832106986,4.4885006619662775,4.502311433233866,5676800
1994-01-27,4.612798690795898,4.626609465319239,4.543744818179193,4.543744818179193,7210400
1994-01-28,4.557556629180908,4.598988962173462,4.502313518524169,4.598988962173462,8208400
1994-01-31,4.5161237716674805,4.543745323787771,4.474691443487044,4.543745323787771,8174800
1994-02-01,4.585177421569824,4.585177421569824,4.488501994006605,4.516123544738954,7287600
1994-02-02,4.585177421569824,4.626609747668347,4.57136664620365,4.585177421569824,5357600
1994-02-03,4.612798690795898,4.668041788889262,4.571366367225875,4.585177141749216,6431600
1994-02-04,4.502312183380127,4.612798371929332,4.474690636242825,4.612798371929332,7599600
1994-02-07,4.502312183380127,4.502312183380127,4.460879862674175,4.502312183380127,9894800
1994-02-08,4.44706916809082,4.502312263346607,4.44706916809082,4.502312263346607,5724000
1994-02-09,4.474691390991211,4.488502166889332,4.447069839194969,4.447069839194969,5275200
1994-02-10,4.502312183380127,4.543744504086079,4.474690636242825,4.474690636242825,5341600
1994-02-11,4.585177421569824,4.585177421569824,4.50231276937278,4.50231276937278,5823600
1994-02-14,4.529932975769043,4.598986832106986,4.460879119431101,4.585176060839397,4597200
1994-02-15,4.5161237716674805,4.612799204088497,4.5161237716674805,4.529934547727626,7434400
1994-02-16,4.5713653564453125,4.598986899384559,4.516122270566819,4.516122270566819,6146000
1994-02-17,4.612798690795898,4.612798690795898,4.557555592702534,4.571366367225875,8977200
1994-02-18,4.585177421569824,4.640420523034521,4.57136664620365,4.612798972302173,8777600
1994-02-22,4.695664405822754,4.695664405822754,4.585178184509277,4.585178184509277,7760800
1994-02-23,4.70947265625,4.737094196755865,4.668040345491202,4.695661885997067,6690000
1994-02-24,4.640417575836182,4.709471408809934,4.640417575836182,4.709471408809934,5659600
1994-02-25,4.640417575836182,4.681849875620434,4.626606809241431,4.640417575836182,5167600
1994-02-28,4.70947265625,4.778526507514663,4.65422957523827,4.65422957523827,6970400
1994-03-01,4.681849479675293,4.737092541382376,4.6542279488217515,4.709471010528834,6560400
1994-03-02,4.654231071472168,4.68185262085776,4.626609522086577,4.68185262085776,6402400
1994-03-03,4.5989861488342285,4.654229225697102,4.58517537961851,4.654229225697102,4341600
1994-03-04,4.5989861488342285,4.640418456481384,4.58517537961851,4.5989861488342285,4234000
1994-03-07,4.5989861488342285,4.640418456481384,4.571364610402791,4.5989861488342285,3406000
1994-03-08,4.529932975769043,4.612797603374575,4.529932975769043,4.598986832106986,3946800
1994-03-09,4.537705898284912,4.551582674732266,4.496075568942849,4.551582674732266,5715600
1994-03-10,4.5238261222839355,4.537702889530205,4.496072587791396,4.537702889530205,4548400
1994-03-11,4.537705898284912,4.579336227626976,4.4821987924954945,4.523829121837558,4369600
1994-03-14,4.620964050292969,4.620964050292969,4.537703436774176,4.537703436774176,5485200
1994-03-15,4.565460205078125,4.648720877511161,4.537706647600446,4.620967320033483,8253200
1994-03-16,4.565460205078125,4.579336983816964,4.509953090122768,4.565460205078125,8538000
1994-03-17,4.607089996337891,4.634843550532697,4.579336442143084,4.579336442143084,8094000
1994-03-18,4.648719310760498,4.66259608482247,4.57933544045064,4.607088988574583,19380800
1994-03-21,4.662595748901367,4.662595748901367,4.607088656652541,4.648718975839161,4937600
1994-03-22,4.676473617553711,4.7181039464933585,4.634843288614063,4.662596841240495,4993200
1994-03-23,4.648719310760498,4.718103181070356,4.634842536698526,4.676472858884441,4178000
1994-03-24,4.648719310760498,4.690349632946413,4.607088988574583,4.648719310760498,6102000
1994-03-25,4.634840488433838,4.676470792222166,4.620963720504395,4.64871725636328,3752400
1994-03-28,4.676473617553711,4.676473617553711,4.565459407047984,4.634843288614063,3468800
1994-03-29,4.648719310760498,4.690349632946413,4.634842536698526,4.676472858884441,5724400
1994-03-30,4.55157995223999,4.662594097416576,4.55157995223999,4.648717329269503,7094000
1994-03-31,4.509950637817383,4.579334493783804,4.454443553044245,4.551580951397235,8483600
1994-04-04,4.468321323394775,4.551581969172318,4.412814226209747,4.509951646283547,9710800
1994-04-05,4.496077537536621,4.537707885106404,4.426693624920316,4.468323972490099,10740400
1994-04-06,4.55157995223999,4.565456720387063,4.496072879651698,4.496072879651698,7534400
1994-04-07,4.579336643218994,4.579336643218994,4.509952754685373,4.551583087805546,5778800
1994-04-08,4.565460205078125,4.565460205078125,4.523829868861608,4.565460205078125,4316800
1994-04-11,4.482196807861328,4.579334199982162,4.468320037558352,4.565457429679186,5814000
1994-04-12,4.412812232971191,4.496072841140459,4.39893546494298,4.482196073112248,6884800
1994-04-13,4.496077537536621,4.496077537536621,4.398940059873793,4.412816842397054,4280400
1994-04-14,4.371184349060059,4.468321779039171,4.371184349060059,4.468321779039171,5882800
1994-04-15,4.371184349060059,4.385061124771361,4.315677246214851,4.371184349060059,9112800
1994-04-18,4.371184349060059,4.468321779039171,4.343430797637455,4.371184349060059,7663600
1994-04-19,4.398937225341797,4.412813998923316,4.343430131015717,4.371183678178757,4928400
1994-04-20,4.426689147949219,4.4405659164380875,4.385058842482612,4.39893561097148,7248000
1994-04-21,4.496077537536621,4.551584667629666,4.426693624920316,4.426693624920316,8278400
1994-04-22,4.4405670166015625,4.523827648162842,4.426690244674683,4.496074104309082,5394400
1994-04-25,4.509950637817383,4.509950637817383,4.440566781850961,4.440566781850961,4340400
1994-04-26,4.496077537536621,4.537707885106404,4.468323972490099,4.509954320059882,4504000
1994-04-28,4.579336643218994,4.593213420925718,4.551583087805546,4.551583087805546,7325200
1994-04-29,4.634840488433838,4.64871725636328,4.565456648786625,4.579333416716067,5494800
1994-05-02,4.648719310760498,4.676472858884441,4.57933544045064,4.634842536698526,8360000
1994-05-03,4.607089996337891,4.662597104727504,4.5654596650456805,4.648720327630101,4974800
1994-05-04,4.607089996337891,4.648720327630101,4.5932132192404875,4.607089996337891,3755600
1994-05-05,4.565460205078125,4.620967320033483,4.551583426339286,4.607090541294643,2895200
1994-05-06,4.468321323394775,4.551581969172318,4.454444549098518,4.551581969172318,4527600
1994-05-09,4.385058403015137,4.426688704309584,4.343428101720689,4.426688704309584,8494000
1994-05-10,4.412812232971191,4.440565769027614,4.3850586969147685,4.3850586969147685,4866000
1994-05-11,4.4405670166015625,4.496074104309082,4.398936700820923,4.412813472747803,7268400
1994-05-12,4.468321323394775,4.49607487198729,4.440567774802261,4.440567774802261,5386000
1994-05-13,4.385058403015137,4.482195772702181,4.385058403015137,4.468319005604032,7726000
1994-05-16,4.412812232971191,4.440565769027614,4.3850586969147685,4.3850586969147685,3740800
1994-05-17,4.496077537536621,4.509954320059882,4.412816842397054,4.412816842397054,5128000
1994-05-18,4.509950637817383,4.523827409010667,4.482197095430815,4.496073866624099,4827600
1994-05-19,4.565460205078125,4.607090541294643,4.509953090122768,4.509953090122768,4159600
1994-05-20,4.537705898284912,4.579336227626976,4.509952345390203,4.565459451179621,10610000
1994-05-23,4.482196807861328,4.537703889073233,4.468320037558352,4.537703889073233,4077200
1994-05-24,4.454445838928223,4.523829730500313,4.440569060613805,4.482199395557059,5317600
1994-05-25,4.468321323394775,4.49607487198729,4.454444549098518,4.454444549098518,3307600
1994-05-26,4.5238261222839355,4.5238261222839355,4.454442286052587,4.468319053298856,4283200
1994-05-27,4.509950637817383,4.565457722590519,4.482197095430815,4.523827409010667,3641200
1994-05-31,4.468321323394775,4.537705194876061,4.468321323394775,4.509951646283547,4033200
1994-06-01,4.55157995223999,4.579333488534137,4.454442575210479,4.468319343357551,6335200
1994-06-02,4.620964050292969,4.648717588132566,4.551580205693975,4.551580205693975,7053600
1994-06-03,4.662595748901367,4.676472521963574,4.607088656652541,4.620965429714748,5920000
1994-06-06,4.676473617553711,4.704227170180142,4.620966512300848,4.662596841240495,6412400
1994-06-07,4.690347194671631,4.704223961519771,4.648716894127208,4.67647042782349,4182800
1994-06-08,4.648719310760498,4.704226407008385,4.620965762636555,4.690349632946413,4312400
1994-06-09,4.531050682067871,4.5868174596933216,4.489225598848783,4.5868174596933216,14229200
1994-06-10,4.489226818084717,4.550221747678259,4.489226818084717,4.531051912663146,4948800
1994-06-13,4.391634941101074,4.461343432229662,4.377693242875356,4.461343432229662,12744000
1994-06-14,4.447399139404297,4.447399139404297,4.391632379035591,4.391632379035591,8522000
1994-06-15,4.447399139404297,4.47528251958865,4.419515759219944,4.447399139404297,6812400
1994-06-16,4.5449934005737305,4.5449934005737305,4.433459820191553,4.447401517739325,6586000
1994-06-17,4.461341857910156,4.531050324440002,4.447400164604187,4.531050324440002,18045200
1994-06-20,4.489226818084717,4.517110214470336,4.433460025313479,4.461343421699098,6587600
1994-06-21,4.475285053253174,4.531051845194024,4.461343355267962,4.4892267512383865,6830400
1994-06-22,4.5449934005737305,4.572876795669275,4.475284912834869,4.475284912834869,6135600
1994-06-23,4.517110824584961,4.54499422473672,4.489227424433202,4.54499422473672,5796000
1994-06-24,4.475285053253174,4.503168449223598,4.447401657282749,4.503168449223598,6758800
1994-06-27,4.517110824584961,4.53105252466084,4.461344024281443,4.475285724357322,4138800
1994-06-28,4.503169059753418,4.531052459504213,4.461343960127225,4.517110759628816,5272800
1994-06-29,4.558933258056641,4.586816641897966,4.517108182294653,4.517108182294653,7315200
1994-06-30,4.531050682067871,4.614700848506048,4.531050682067871,4.558934070880596,5797600
1994-07-01,4.642581462860107,4.670464835009417,4.572873032486832,4.572873032486832,7388000
1994-07-05,4.628642559051514,4.642584253506488,4.5868174756865905,4.642584253506488,4550000
1994-07-06,4.628642559051514,4.642584253506488,4.572875781231616,4.628642559051514,4933600
1994-07-07,4.642581462860107,4.656523148934762,4.600756404636142,4.628639776785453,4946800
1994-07-08,4.670468807220459,4.670468807220459,4.614702015492453,4.642585411356456,5437600
1994-07-11,4.684407711029053,4.698349400645211,4.628640952564421,4.670466021412895,5868800
1994-07-12,4.684407711029053,4.698349400645211,4.628640952564421,4.684407711029053,3582000
1994-07-13,4.670468807220459,4.68441050515246,4.628643713424455,4.68441050515246,4333600
1994-07-14,4.698352336883545,4.740177431870639,4.656527241896451,4.670468940225482,12867600
1994-07-15,4.726232051849365,4.740173739317948,4.698348676912201,4.698348676912201,9638400
1994-07-18,4.726232051849365,4.740173739317948,4.670465301975036,4.726232051849365,4985200
1994-07-19,4.740175247192383,4.75411693909589,4.712291863385369,4.726233555288876,5230000
1994-07-20,4.7122907638549805,4.754115829806357,4.698349075204522,4.740174141155898,4770800
1994-07-21,4.740175247192383,4.823825398613424,4.698350171481862,4.712291863385369,7400800
1994-07-22,4.754116058349609,4.781999436990956,4.7262326797082626,4.740174369028936,5017600
1994-07-25,4.823823928833008,4.851707304144181,4.754115490555074,4.754115490555074,4592000
1994-07-26,4.7959442138671875,4.823827610459438,4.782002515571062,4.823827610459438,3666400
1994-07-27,4.837768077850342,4.837768077850342,4.740176214608404,4.795942993603797,3505600
1994-07-28,4.921417236328125,4.921417236328125,4.809883701227204,4.837767085002435,10840400
1994-07-29,4.949304103851318,4.963245805552308,4.89353729704736,4.92142070044934,6703600
1994-08-01,4.949304103851318,4.977187507253298,4.935362402150329,4.949304103851318,6283600
1994-08-02,4.921417236328125,4.977184003878585,4.90747554444051,4.949300620103355,6383200
1994-08-03,4.893533229827881,4.92141661005482,4.865649849600941,4.92141661005482,3712400
1994-08-04,4.893533229827881,4.92141661005482,4.865649849600941,4.893533229827881,4172400
1994-08-05,4.893533229827881,4.893533229827881,4.837766469374001,4.893533229827881,3328400
1994-08-08,4.893533229827881,4.90747491994135,4.865649849600941,4.893533229827881,2623600
1994-08-09,4.893533229827881,4.90747491994135,4.837766469374001,4.893533229827881,5011200
1994-08-10,4.907476425170898,4.9493015083399685,4.865651342001828,4.893534730781209,9024400
1994-08-11,4.8656535148620605,4.907478616709012,4.85171181424641,4.907478616709012,3783600
1994-08-12,4.963243007659912,4.963243007659912,4.8656511507677225,4.8656511507677225,5595200
1994-08-15,4.935361385345459,5.032953277146076,4.921419686516799,4.963244783002778,8099200
1994-08-16,5.088718891143799,5.116602282328148,4.949301935222051,4.949301935222051,8934000
1994-08-17,5.144484519958496,5.186309597356533,5.04689267269641,5.088717750094447,9415200
1994-08-18,5.311783790588379,5.311783790588379,5.172366893197608,5.172366893197608,16713200
1994-08-19,5.214194297790527,5.311786169674307,5.20025260180713,5.311786169674307,12590000
1994-08-22,5.186307430267334,5.214190803548341,5.186307430267334,5.214190803548341,5007200
1994-08-23,5.186307430267334,5.228132490188845,5.17236574362683,5.186307430267334,6678400
1994-08-24,5.158427715301514,5.186311108357197,5.1026609291901455,5.186311108357197,7124400
1994-08-25,5.158427715301514,5.228136197940723,5.144486018773671,5.158427715301514,6272800
1994-08-26,5.20025110244751,5.2281344863748425,5.172367718520177,5.172367718520177,5436000
1994-08-29,5.158427715301514,5.214194501412881,5.13054432224583,5.200252804885039,5805600
1994-08-30,5.144484519958496,5.17236790489052,5.130542827492484,5.158426212424508,3777200
1994-08-31,5.130544662475586,5.186311452285103,5.130544662475586,5.144486359927965,4301200
1994-09-01,5.130544662475586,5.144486359927965,5.1166029650232066,5.130544662475586,3058400
1994-09-02,5.158427715301514,5.172369411829355,5.116602625717988,5.13054432224583,3388400
1994-09-06,5.11660099029541,5.186309450653658,5.11660099029541,5.158426066510359,2768400
1994-09-07,5.158427715301514,5.158427715301514,5.088719232662304,5.116602625717988,4658000
1994-09-08,5.144484519958496,5.158426212424508,5.116601135026472,5.158426212424508,3684400
1994-09-09,5.0823211669921875,5.138324706022405,5.068320282234634,5.138324706022405,4711600
1994-09-12,5.0823211669921875,5.12432382126485,5.0823211669921875,5.0823211669921875,3660400
1994-09-13,5.152327060699463,5.152327060699463,5.110324394443761,5.110324394443761,3547200
1994-09-14,5.2783331871032715,5.2783331871032715,5.110322581678234,5.152325233034493,6890800
1994-09-15,5.43234395980835,5.446344846302701,5.2923350948648356,5.2923350948648356,9420800
1994-09-16,5.348337173461914,5.376338938767997,5.320335408155831,5.376338938767997,16332000
1994-09-19,5.488347053527832,5.5303497095497285,5.362339085462142,5.362339085462142,11783200
1994-09-20,5.43234395980835,5.544351051763161,5.43234395980835,5.488347505785756,11714800
1994-09-21,5.446345329284668,5.460346217020618,5.376340890604916,5.432344441548717,7314400
1994-09-22,5.4603424072265625,5.47434328519381,5.390338017390325,5.446341529259315,4704800
1994-09-23,5.4603424072265625,5.502345041128305,5.432340651292067,5.4603424072265625,4680400
1994-09-26,5.572351932525635,5.586352816778212,5.4743457427575954,5.4743457427575954,4840400
1994-09-27,5.530352592468262,5.6003570556640625,5.488349914550781,5.572355270385742,7714800
1994-09-28,5.502346992492676,5.572351407155432,5.474345226627573,5.530348758357778,5841200
1994-09-29,5.47434663772583,5.5023484108088265,5.446344864642834,5.5023484108088265,5402800
1994-09-30,5.446345329284668,5.516349767964419,5.446345329284668,5.474347104756569,5398000
1994-10-03,5.516348838806152,5.544350609561513,5.432343526540069,5.4463444119177495,6155600
1994-10-04,5.418343544006348,5.530350645691233,5.4043426562957375,5.516349757980623,7279200
1994-10-05,5.446345329284668,5.460346217020618,5.376340890604916,5.418343553812767,6377600
1994-10-06,5.4603424072265625,5.488344163161058,5.432340651292067,5.446341529259315,4388800
1994-10-07,5.446345329284668,5.474347104756569,5.418343553812767,5.460346217020618,6135200
1994-10-10,5.488347053527832,5.488347053527832,5.446344397505936,5.446344397505936,4172000
1994-10-11,5.642355918884277,5.6563568020576875,5.544349736670407,5.544349736670407,9326400
1994-10-12,5.58635139465332,5.656355798095091,5.58635139465332,5.642354917406737,6422400
1994-10-13,5.684359073638916,5.698359958056746,5.6283555359675965,5.6283555359675965,7466800
1994-10-14,5.670357704162598,5.698359470602907,5.6283550545021335,5.684358587382752,4912400
1994-10-17,5.642355918884277,5.670357685231098,5.614354152537458,5.670357685231098,4049200
1994-10-18,5.684359073638916,5.698359958056746,5.600353767131937,5.642356420385426,5404800
1994-10-19,5.670357704162598,5.726361237043216,5.6423559377222885,5.684358587382752,9315600
1994-10-20,5.6003546714782715,5.656358218193054,5.57235289812088,5.656358218193054,10509600
1994-10-21,5.628354072570801,5.65635583412588,5.572350549460643,5.6003523110157225,8708400
1994-10-24,5.530352592468262,5.642359733581543,5.516351699829102,5.628358840942383,6386000
1994-10-25,5.628354072570801,5.628354072570801,5.530347907128026,5.530347907128026,5132400
1994-10-26,5.6003546714782715,5.642357331514359,5.57235289812088,5.628356444835663,5523200
1994-10-27,5.670357704162598,5.670357704162598,5.58635240484167,5.600353288061824,4208400
1994-10-28,5.6563568115234375,5.740362110704479,5.6563568115234375,5.670357694720278,6453200
1994-10-31,5.642355918884277,5.740362101098149,5.628355035710867,5.6563568020576875,5527200
1994-11-01,5.670357704162598,5.698359470602907,5.614354171281979,5.6423559377222885,5485200
1994-11-02,5.628354072570801,5.7123593572360365,5.628354072570801,5.670356714903419,6961200
1994-11-03,5.58635139465332,5.670356678783445,5.572350513964966,5.628354036718383,5618800
1994-11-04,5.6003546714782715,5.67035910487175,5.57235289812088,5.5863537847995755,6031600
1994-11-07,5.628354072570801,5.670356714903419,5.6003523110157225,5.6003523110157225,5116800
1994-11-08,5.670357704162598,5.698359470602907,5.656356820942443,5.656356820942443,5677200
1994-11-09,5.670357704162598,5.726361237043216,5.6423559377222885,5.670357704162598,5918000
1994-11-10,5.6563568115234375,5.6983594611139585,5.6563568115234375,5.670357694720278,4196800
1994-11-11,5.6563568115234375,5.670357694720278,5.642355928326597,5.6563568115234375,3880800
1994-11-14,5.754363536834717,5.754363536834717,5.670358229727641,5.670358229727641,5122800
1994-11-15,5.768362998962402,5.817366082691452,5.740361236831517,5.754362117896959,6028800
1994-11-16,5.85236930847168,5.85236930847168,5.768364007393139,5.768364007393139,5701600
1994-11-17,5.824367046356201,5.852368811002145,5.768363517064315,5.852368811002145,7351200
1994-11-18,5.88037109375,5.894371977306547,5.810366675967262,5.824367559523809,12910400
1994-11-21,5.950374603271484,5.992377247529871,5.922372840432559,5.922372840432559,5462400
1994-11-22,5.85236930847168,5.992378143602581,5.838368424958589,5.95037549306331,8660800
1994-11-23,5.796365737915039,5.852369271614701,5.740362204215376,5.852369271614701,9977200
1994-11-25,5.8323445320129395,5.8463983742587535,5.804236847521311,5.818290689767125,2404800
1994-11-28,5.860452175140381,5.8745060172870005,5.776129122260663,5.832344490847142,4730000
1994-11-29,5.846397876739502,5.846397876739502,5.77612867149023,5.846397876739502,4000000
1994-11-30,5.748022556304932,5.86045331535246,5.73396871142399,5.846399470471519,6785200
1994-12-01,5.6777520179748535,5.762075067746757,5.6777520179748535,5.748021226118107,6180000
1994-12-02,5.7901835441589355,5.804237387712719,5.677752795728665,5.677752795728665,3929600
1994-12-05,5.7901835441589355,5.818291231266503,5.748022013497584,5.7901835441589355,3905200
1994-12-06,5.748022556304932,5.790184090947755,5.691807176781166,5.790184090947755,5281200
1994-12-07,5.719912528991699,5.762074046404415,5.691804850716555,5.748020207266842,5961600
1994-12-08,5.691803932189941,5.733965442798755,5.677750095320336,5.719911605929151,4102400
1994-12-09,5.621537685394287,5.691806906461716,5.593429996967315,5.691806906461716,6738400
1994-12-12,5.607483386993408,5.635591073143751,5.593429543918236,5.621537230068579,6651600
1994-12-13,5.635590076446533,5.67775159821546,5.593428554677606,5.607482395267248,5999600
1994-12-14,5.719912528991699,5.733966368129271,5.649643333303841,5.649643333303841,6950400
1994-12-15,5.733966827392578,5.77612834818223,5.6918053066029275,5.719912987129361,7789600
1994-12-16,5.804234981536865,5.804234981536865,5.733965792898404,5.733965792898404,21001200
1994-12-19,5.776129722595215,5.80423740980979,5.762075878987927,5.80423740980979,5346800
1994-12-20,5.860452175140381,5.8745060172870005,5.804236806553902,5.804236806553902,6661600
1994-12-21,5.930718898773193,5.944772735026211,5.874503553761126,5.874503553761126,6763600
1994-12-22,5.748022556304932,5.902614849995284,5.748022556304932,5.902614849995284,11082000
1994-12-23,5.804234981536865,5.83234265699225,5.762073468353789,5.762073468353789,3908800
1994-12-27,5.874504089355469,5.874504089355469,5.818288739218096,5.818288739218096,3012400
1994-12-28,5.874504089355469,5.902611764424155,5.846396414286782,5.874504089355469,3588000
1994-12-29,5.8885579109191895,5.8885579109191895,5.846396398430508,5.874504073422962,3500400
1994-12-30,5.7901835441589355,5.902614292589206,5.7901835441589355,5.888560449035422,3295200
1995-01-03,5.8182902336120605,5.832344074756051,5.762074869036098,5.790182551324079,5140400
1995-01-04,5.691803932189941,5.818288464016384,5.663696258450732,5.818288464016384,6486000
1995-01-05,5.663696765899658,5.705858280286008,5.607481413384526,5.691804442157225,8465600
1995-01-06,5.663696765899658,5.691804442157225,5.621535251513309,5.663696765899658,5403200
1995-01-09,5.579376220703125,5.649645442626339,5.565322376318482,5.649645442626339,5883600
1995-01-10,5.523160457611084,5.607483518032628,5.509106614207494,5.5793758312254464,7449600
1995-01-11,5.53721284866333,5.5653205280981695,5.509105169228491,5.52315900894591,7812400
1995-01-12,5.593428134918213,5.607481974453183,5.48099741863845,5.537212776778332,8340400
1995-01-13,5.593428134918213,5.677751172128035,5.579374295383243,5.593428134918213,9859200
1995-01-16,5.691803932189941,5.719911605929151,5.635588584711522,5.635588584711522,5756800
1995-01-17,5.719912528991699,5.762074046404415,5.691804850716555,5.691804850716555,5141200
1995-01-18,5.6777520179748535,5.705859701232154,5.649644334717552,5.705859701232154,4547600
1995-01-19,5.719912528991699,5.748020207266842,5.621535655028697,5.677751011578984,6010400
1995-01-20,5.719912528991699,5.733966368129271,5.691804850716555,5.719912528991699,10706800
1995-01-23,5.719912528991699,5.762074046404415,5.691804850716555,5.719912528991699,5020800
1995-01-24,5.663696765899658,5.719912118414792,5.649642927770875,5.719912118414792,5836800
1995-01-25,5.691803932189941,5.733965442798755,5.6496424215811265,5.663696258450732,6080000
1995-01-26,5.8182902336120605,5.8182902336120605,5.691805663316146,5.691805663316146,4964000
1995-01-27,5.8885579109191895,5.930719423407871,5.818288723438053,5.818288723438053,7456000
1995-01-30,5.916667461395264,5.930721303346321,5.846398251639975,5.888559777493148,5830400
1995-01-31,5.902614593505859,5.930722282046363,5.888560749235607,5.916668437776111,5863200
1995-02-01,5.874504089355469,5.944773277027185,5.874504089355469,5.902611764424155,4682000
1995-02-02,5.8885579109191895,5.8885579109191895,5.804234885941827,5.874504073422962,4794000
1995-02-03,5.97288179397583,5.97288179397583,5.916666435914881,5.916666435914881,5730800
1995-02-06,5.986934661865234,6.029096173568511,5.944773150161958,5.972880824630809,5790800
1995-02-07,6.029098033905029,6.057205717046778,5.9728826676215325,5.9869365091924065,4474800
1995-02-08,5.986934661865234,6.085311522506212,5.986934661865234,6.029096173568511,4912000
1995-02-09,5.902614593505859,6.000991503397624,5.888560749235607,5.9869376591273715,4352000
1995-02-10,5.97288179397583,5.9869356334910675,5.846397238338695,5.902612596399644,5887600
1995-02-13,5.8885579109191895,5.98693477339278,5.874504073422962,5.972880935896552,4449200
1995-02-14,5.860452175140381,5.916667543726859,5.832344490847142,5.88855985943362,5996400
1995-02-15,5.944774150848389,5.9728818300486175,5.860451113247702,5.860451113247702,6121600
1995-02-16,6.071258544921875,6.071258544921875,5.930720152678313,5.944773991902669,6071200
1995-02-17,6.000992298126221,6.071261528783436,6.000992298126221,6.071261528783436,12989200
1995-02-21,6.029098033905029,6.057205717046778,5.9728826676215325,6.000990350763281,5260000
1995-02-22,6.04315185546875,6.057205696993096,5.986936489371367,6.029098013944404,6856000
1995-02-23,6.071258544921875,6.127473901819299,6.043150866473162,6.043150866473162,5518000
1995-02-24,6.155581951141357,6.169635791212456,6.071258910714763,6.071258910714763,4967200
1995-02-27,6.127470970153809,6.197740132655572,6.127470970153809,6.155578635154514,4788800
1995-02-28,6.183689594268799,6.183689594268799,6.085312714359977,6.127474234320901,5686800
1995-03-01,6.211797714233398,6.211797714233398,6.1415285093212555,6.183690032268541,5937600
1995-03-02,6.169634819030762,6.239904008313572,6.1555809811742,6.211796332600448,3712400
1995-03-03,6.19774055480957,6.239902055182425,6.141525220979098,6.169632887894334,4786000
1995-03-06,6.282066822052002,6.296120662817218,6.141528414399832,6.197743777460699,5340400
1995-03-07,6.225852966308594,6.282068342979552,6.197745277973115,6.282068342979552,7058000
1995-03-08,6.23990535736084,6.268013039150754,6.225851516465883,6.225851516465883,6709600
1995-03-09,6.208301067352295,6.278849943117661,6.1800815170461485,6.264740167964589,5717600
1995-03-10,6.405835151672363,6.419944920728911,6.208298384880705,6.208298384880705,7529200
1995-03-13,6.419944763183594,6.448164300604181,6.377615457052713,6.4058349944733,4592400
1995-03-14,6.419944763183594,6.462274069314474,6.4058349944733,6.419944763183594,4772400
1995-03-15,6.4481658935546875,6.46227566575065,6.405836576966801,6.419946349162764,4292000
1995-03-16,6.603373050689697,6.631592593641362,6.434055792979705,6.448165564455538,6750800
1995-03-17,6.575154781341553,6.6174841039682155,6.561045007132665,6.603374329759328,13594800
1995-03-20,6.518714427947998,6.575153513904258,6.504604656458933,6.575153513904258,5820000
1995-03-21,6.603373050689697,6.702141451020526,6.518714421834701,6.518714421834701,7289600
1995-03-22,6.659811019897461,6.702140327227318,6.617481712567605,6.617481712567605,6744800
1995-03-23,6.546937942504883,6.591031005156451,6.476389042262373,6.591031005156451,17843200
1995-03-24,6.518714427947998,6.575153513904258,6.504604656458933,6.546933970926128,8181200
1995-03-27,6.476381778717041,6.504601307164609,6.405832957598119,6.504601307164609,7771200
1995-03-28,6.434056282043457,6.49049537223682,6.434056282043457,6.47638559968848,5079600
1995-03-29,6.504603862762451,6.575152711599355,6.391725704623407,6.434055013925549,9080800
1995-03-30,6.405835151672363,6.5187133041247405,6.3917253826158165,6.504603535068193,5494000
1995-03-31,6.363508224487305,6.448166870489353,6.349398450153631,6.405837547488329,7028800
1995-04-03,6.518714427947998,6.532824199437063,6.335287398590154,6.363506941568284,6577200
1995-04-04,6.589263916015625,6.589263916015625,6.532824824657889,6.532824824657889,6312800
1995-04-05,6.575154781341553,6.58926455555044,6.532825458714891,6.58926455555044,4466000
1995-04-06,6.603373050689697,6.603373050689697,6.5328241933105335,6.575153507738031,4118000
1995-04-07,6.631590366363525,6.645700133100469,6.532821999204919,6.603370832889638,4659600
1995-04-10,6.603373050689697,6.645702365117195,6.589263279213864,6.631592593641362,3836400
1995-04-11,6.532820224761963,6.631588565093137,6.51871046185751,6.603369039284231,4266000
1995-04-12,6.589263916015625,6.589263916015625,6.518715051818456,6.532824824657889,4249200
1995-04-13,6.561042308807373,6.645700919243597,6.561042308807373,6.589261845619448,3522400
1995-04-17,6.4481658935546875,6.589263615514309,6.4481658935546875,6.561044071122384,5425200
1995-04-18,6.589263916015625,6.603373688855059,6.448166187621286,6.448166187621286,4948400
1995-04-19,6.532820224761963,6.603369039284231,6.448161647335242,6.589259276379777,7298400
1995-04-20,6.462277412414551,6.532826292462745,6.462277412414551,6.532826292462745,3889200
1995-04-21,6.561042308807373,6.561042308807373,6.462273929965112,6.462273929965112,8422400
1995-04-24,6.589263916015625,6.603373688855059,6.518715051818456,6.561044370336758,3816400
1995-04-25,6.575154781341553,6.603374329759328,6.532825458714891,6.58926455555044,3542000
1995-04-26,6.561042308807373,6.617481382431523,6.546932540401336,6.575152077213411,5839200
1995-04-27,6.546937942504883,6.589267282650389,6.546937942504883,6.5610477225533845,4389200
1995-04-28,6.561042308807373,6.575152077213411,6.5046032351832235,6.546932540401336,6223200
1995-05-01,6.504603862762451,6.546933172064593,6.504603862762451,6.546933172064593,6298400
1995-05-02,6.546937942504883,6.575157502601886,6.490498822310875,6.504608602359377,5975600
1995-05-03,6.617483615875244,6.617483615875244,6.5610445232025345,6.5610445232025345,8095600
1995-05-04,6.659811019897461,6.702140327227318,6.6033719434576525,6.617481712567605,10088800
1995-05-05,6.716251850128174,6.758581168511335,6.659812758950626,6.659812758950626,5188000
1995-05-08,6.857346057891846,6.871455823443064,6.716248402379668,6.716248402379668,6488400
1995-05-09,6.885569095611572,6.9137886410853895,6.829130004663936,6.857349550137754,6095200
1995-05-10,6.9278998374938965,6.970229164403228,6.885570510584565,6.885570510584565,8253600
1995-05-11,6.871457099914551,6.942005940776096,6.8573473317422415,6.927896172603788,6382000
1995-05-12,6.659811019897461,6.84323801832684,6.645701250787509,6.84323801832684,11292800
1995-05-15,6.532820224761963,6.688027616710952,6.504600698953056,6.659808090902044,15693200
1995-05-16,6.476381778717041,6.532820835612179,6.419942721821903,6.532820835612179,14427200
1995-05-17,6.546937942504883,6.575157502601886,6.476389042262373,6.476389042262373,12747600
1995-05-18,6.462277412414551,6.5892653965012995,6.462277412414551,6.546936068472384,8800000
1995-05-19,6.589263916015625,6.589263916015625,6.434056414781852,6.46227596046072,13620000
1995-05-22,6.631590366363525,6.631590366363525,6.57515129941575,6.5892610661526945,4430400
1995-05-23,6.758579254150391,6.758579254150391,6.631591334970111,6.631591334970111,7442000
1995-05-24,6.73036003112793,6.772689339499803,6.673920953298764,6.758579570042512,6097600
1995-05-25,6.772693634033203,6.81502296924591,6.71625452041626,6.730364298820495,6060400
1995-05-26,6.73036003112793,6.786799108957094,6.7021404922133465,6.772689339499803,6882800
1995-05-30,6.786801815032959,6.786801815032959,6.730362714700044,6.730362714700044,4012400
1995-05-31,6.956116676330566,6.984336216599656,6.772689664581485,6.78679943471603,7300400
1995-06-01,6.885569095611572,6.984337504769934,6.829130004663936,6.956117959296117,6048000
1995-06-02,6.871457099914551,6.970225477120715,6.829127795397623,6.88556686808686,5143600
1995-06-05,6.8150200843811035,6.8714591741068265,6.75858099465538,6.8714591741068265,4532000
1995-06-06,6.800908088684082,6.871456927778316,6.786798320865236,6.815017856502929,3978400
1995-06-07,6.829128265380859,6.857347803667557,6.758579419664115,6.8009087270941615,2508000
1995-06-08,6.857346057891846,6.8855655889942815,6.8150167612381924,6.829126526789411,3702000
1995-06-09,6.772693634033203,6.857352304458618,6.758583855628967,6.857352304458618,5911600
1995-06-12,6.800908088684082,6.829127624321775,6.7585787852275425,6.772688553046389,4702800
1995-06-13,6.854158878326416,6.868320363612214,6.8258359077548185,6.8258359077548185,4248800
1995-06-14,6.896640777587891,6.939125217696235,6.825833377407316,6.854156337479546,4628800
1995-06-15,6.9532880783081055,6.99577252685174,6.8966421469165935,6.8966421469165935,4476800
1995-06-16,7.0665764808654785,7.0807379567790365,6.953284673557014,6.953284673557014,14975600
1995-06-19,7.109061241149902,7.123222717725898,7.038253858269924,7.066576811421915,4116000
1995-06-20,7.165711402893066,7.1798728878790214,7.080742492977339,7.109065462949248,5641600
1995-06-21,7.250678062438965,7.279001023620367,7.165709178894758,7.165709178894758,7338400
1995-06-22,7.349808216094971,7.392292656650433,7.293162295354354,7.293162295354354,5820000
1995-06-23,7.4064531326293945,7.463099045689658,7.349807219569132,7.349807219569132,4465600
1995-06-26,7.448940277099609,7.477263243932687,7.406455826849991,7.406455826849991,4096000
1995-06-27,7.3356428146362305,7.448934595557254,7.293158396790846,7.448934595557254,7443200
1995-06-28,7.307324409484863,7.3639703351397845,7.250678483829942,7.335647372312324,6949200
1995-06-29,7.250678062438965,7.349808426573873,7.2081936206668615,7.307323984801769,6576800
1995-06-30,7.222357273101807,7.363972121593998,7.222357273101807,7.250680242800245,4618000
1995-07-03,7.307324409484863,7.321485890898594,7.2223555210024815,7.2223555210024815,1792400
1995-07-05,7.23651647567749,7.378131279506795,7.22235499529456,7.307323877592142,6891200
1995-07-06,7.307324409484863,7.307324409484863,7.208194039588751,7.236517002416211,5729200
1995-07-07,7.165711402893066,7.3498107077104775,7.151549917907112,7.307326252752613,7645600
1995-07-10,7.222357273101807,7.279003212498683,7.194034303403368,7.194034303403368,7407600
1995-07-11,7.250678062438965,7.250678062438965,7.179870659485459,7.222355101257563,4734000
1995-07-12,7.378129005432129,7.378129005432129,7.2223527692329865,7.250675721269194,4381200
1995-07-13,7.321486473083496,7.392293885782563,7.236517577844617,7.37813240324275,4482400
1995-07-14,7.23651647567749,7.335646838358004,7.23651647567749,7.321485357975074,4589600
1995-07-17,7.250678062438965,7.279001023620367,7.19403214007616,7.236516581848264,5247200
1995-07-18,7.307324409484863,7.321485890898594,7.2223555210024815,7.250678483829942,4444000
1995-07-19,7.378129005432129,7.406451957468337,7.278998673305401,7.30732162534161,6855600
1995-07-20,7.279001712799072,7.406455050182713,7.22235578507301,7.378132086319682,5752800
1995-07-21,7.378129005432129,7.378129005432129,7.23651424525109,7.278998673305401,12502400
1995-07-24,7.392293930053711,7.434778377927582,7.349809482179839,7.378132447429087,3861200
1995-07-25,7.434780120849609,7.434780120849609,7.363972691127232,7.392295663016183,3397600
1995-07-26,7.533912658691406,7.576397128571245,7.420620739011836,7.434782228971782,5338400
1995-07-27,7.533912658691406,7.576397128571245,7.505589678771513,7.533912658691406,4396000
1995-07-28,7.477260589599609,7.562229459935969,7.463099111210217,7.533906503157183,2989200
1995-07-31,7.434780120849609,7.4772645786830365,7.378134177071708,7.4772645786830365,3956800
1995-08-01,7.533912658691406,7.562235638611298,7.40645924905189,7.434782228971782,5228000
1995-08-02,7.463099956512451,7.604714756446273,7.434776996525686,7.533907356479362,5776800
1995-08-03,7.448940277099609,7.519747694182305,7.420617310266531,7.463101760516148,4850800
1995-08-04,7.491425037384033,7.5055865213866495,7.448940585376184,7.448940585376184,2689600
1995-08-07,7.448940277099609,7.505586210765766,7.392294343433452,7.4914247273492265,2959200
1995-08-08,7.477260589599609,7.477260589599609,7.420614676042037,7.448937632820823,3415600
1995-08-09,7.5622334480285645,7.576394933886296,7.448941561166714,7.4772645328821765,3360400
1995-08-10,7.5622334480285645,7.604717905601759,7.505587504597639,7.5622334480285645,4860800
1995-08-11,7.477260589599609,7.548067981546575,7.43477615443143,7.548067981546575,6809600
1995-08-14,7.519746780395508,7.533908262091168,7.420616408525888,7.477262335308528,3816400
1995-08-15,7.420620441436768,7.4772663990049875,7.378135973260603,7.4772663990049875,7271200
1995-08-16,7.307324409484863,7.3639703351397845,7.279001446657403,7.3639703351397845,10228000
1995-08-17,7.293163299560547,7.307324781695616,7.194032924615064,7.307324781695616,10762000
1995-08-18,7.13738489151001,7.250676715184772,7.094900457631974,7.250676715184772,15233200
1995-08-21,7.151545524597168,7.222352906028823,7.123222572024506,7.137384048310837,8257200
1995-08-22,7.165711402893066,7.1940343728649765,7.109065462949248,7.151549917907112,8584800
1995-08-23,7.123226165771484,7.194033582926271,7.123226165771484,7.165710616064356,5272000
1995-08-24,7.222357273101807,7.222357273101807,7.137388364006491,7.137388364006491,5158800
1995-08-25,7.307324409484863,7.335647372312324,7.250678483829942,7.250678483829942,6627600
1995-08-28,7.3356428146362305,7.3498042872513585,7.278996924175719,7.307319869405974,4306800
1995-08-29,7.321486473083496,7.349809438163123,7.279002025464057,7.33564795562331,3684000
1995-08-30,7.279001712799072,7.335647640525135,7.279001712799072,7.321486158593619,4794800
1995-08-31,7.279001712799072,7.335647640525135,7.250678748936041,7.279001712799072,5545600
1995-09-01,7.2648420333862305,7.321487975167019,7.250680547941033,7.279003518831428,4201600
1995-09-05,7.222357273101807,7.250680242800245,7.1798728185541485,7.250680242800245,5315600
1995-09-06,7.307324409484863,7.321485890898594,7.2223555210024815,7.2223555210024815,5516000
1995-09-07,7.23651647567749,7.307323877592142,7.22235499529456,7.307323877592142,5791600
1995-09-08,7.208195209503174,7.264841144351922,7.1940337257909865,7.2365181769275475,6103200
1995-09-11,7.222357273101807,7.264841727649464,7.222357273101807,7.222357273101807,4402800
1995-09-12,7.321486473083496,7.321486473083496,7.236517577844617,7.236517577844617,6072800
1995-09-13,7.488590717315674,7.488590717315674,7.289652823497041,7.346492221730936,6682400
1995-09-14,7.545434951782227,7.559644810448483,7.431756082452174,7.4885955171172,7926400
1995-09-15,7.573849201202393,7.61647874642492,7.517009807572356,7.545429504387374,14606800
1995-09-18,7.602270126342773,7.616479977046217,7.531220872825551,7.573850424935884,4293200
1995-09-19,7.673323154449463,7.673323154449463,7.588064008288914,7.602273865982339,4229600
1995-09-20,7.858053207397461,7.9006827908010635,7.673325012648515,7.673325012648515,8595200
1995-09-21,7.900679588317871,7.943309154441889,7.801210600695164,7.858050022193854,5928400
1995-09-22,8.028572082519531,8.028572082519531,7.801214289032252,7.900683323682936,5979600
1995-09-25,7.971729278564453,8.014358846899022,7.9148898541183605,8.014358846899022,4671200
1995-09-26,7.9290971755981445,7.943307027167317,7.829628214613939,7.943307027167317,4724000
1995-09-27,7.971729278564453,7.985939134675976,7.843840573560746,7.929099710229884,5108000
1995-09-28,7.8154191970825195,7.985937434109775,7.7869994909113105,7.97172758102417,5733200
1995-09-29,7.843838691711426,7.886468249818552,7.7159500173900435,7.815418986306674,6300800
1995-10-02,7.82962703704834,7.9006762842084886,7.772787639320222,7.84383688648037,5473600
1995-10-03,8.056988716125488,8.071198572767685,7.872260579776933,7.872260579776933,5711200
1995-10-04,8.14224910736084,8.14224910736084,8.000150519099742,8.056989954404182,5485200
1995-10-05,8.028572082519531,8.17067070344908,7.985942496240666,8.14225097926317,6158800
1995-10-06,8.042778015136719,8.085407580587972,8.000148449685463,8.0285681599863,2790400
1995-10-09,8.14224910736084,8.213298401491388,8.000150519099742,8.042780095578072,4142800
1995-10-10,8.113825798034668,8.156455355642557,8.01435683028293,8.142245503106594,6683200
1995-10-11,8.085408210754395,8.14224763578606,8.02856878572273,8.113827923270227,4237600
1995-10-12,8.042778015136719,8.128037146039228,8.042778015136719,8.085407580587972,2575200
1995-10-13,8.056988716125488,8.170667569263061,8.056988716125488,8.056988716125488,3372000
1995-10-16,8.14224910736084,8.184878683839168,8.056989954404182,8.056989954404182,3349200
1995-10-17,8.056988716125488,8.142247855978669,8.014359146198899,8.142247855978669,3501200
1995-10-18,8.156452178955078,8.170662025956743,8.028563555940103,8.05698324994343,4730400
1995-10-19,8.355396270751953,8.355396270751953,8.04277940347892,8.156458264305478,10838000
1995-10-20,8.227508544921875,8.398026856733727,8.21329868560422,8.355397278780764,13272400
1995-10-23,8.184879302978516,8.227508882681528,8.156459583176506,8.227508882681528,5838000
1995-10-24,8.241721153259277,8.270140881373965,8.170671832972559,8.184881697029903,5394400
1995-10-25,8.156452178955078,8.156452178955078,8.099612790948422,8.156452178955078,10221600
1995-10-26,8.071198463439941,8.227506884386841,8.042778750540505,8.15645760213825,9260800
1995-10-27,8.14224910736084,8.149354036773895,8.028570236751962,8.07119981323029,6468400
1995-10-30,8.184879302978516,8.213299022780523,8.142249723275501,8.142249723275501,4279200
1995-10-31,8.170665740966797,8.270134715204653,8.170665740966797,8.184875594429347,5702800
1995-11-01,8.156452178955078,8.213291566961734,8.128032484951751,8.170662025956743,4869600
1995-11-02,8.14224910736084,8.184878683839168,8.09961953088251,8.15645896618695,4910800
1995-11-03,8.085408210754395,8.199087060817725,8.085408210754395,8.14224763578606,6625600
1995-11-06,8.000146865844727,8.113825684542343,8.000146865844727,8.08540597986794,4516400
1995-11-07,8.099617004394531,8.099617004394531,8.00014802363881,8.00014802363881,5918800
1995-11-08,8.270137786865234,8.270137786865234,8.113829340721734,8.113829340721734,6779600
1995-11-09,8.156452178955078,8.298550648971718,8.156452178955078,8.270130954968389,5708000
1995-11-10,8.270137786865234,8.270137786865234,8.14224905820237,8.156458916942688,3973600
1995-11-13,8.39802074432373,8.412230593298897,8.241712405596893,8.270132103547228,5506400
1995-11-14,8.412232398986816,8.440652103037447,8.341183138860238,8.398022546961501,5934000
1995-11-15,8.440653800964355,8.454863655848134,8.326974961894129,8.4122340911968,5509200
1995-11-16,8.4974946975708,8.540124269632193,8.440655268155611,8.440655268155611,6279200
1995-11-17,8.525911331176758,8.540121183395387,8.469071922302247,8.497491626739503,9172000
1995-11-20,8.554333686828613,8.554333686828613,8.483284403715418,8.525913973583336,4393200
1995-11-21,8.724852561950684,8.739062419543437,8.540124413244888,8.554334270837641,5382400
1995-11-22,8.525911331176758,8.71063941001892,8.525911331176758,8.71063941001892,4871200
1995-11-24,8.554333686828613,8.58275340007389,8.525913973583336,8.525913973583336,972000
1995-11-27,8.483283996582031,8.568543132226072,8.454864284700685,8.554333276285398,5248000
1995-11-28,8.568546295166016,8.596966017538042,8.469077266863922,8.483287128049936,5060800
1995-11-29,8.607879638671875,8.607879638671875,8.536622356894789,8.593628182316458,3523200
1995-11-30,8.636380195617676,8.679134553021724,8.593625838213628,8.607877290681643,4748400
1995-12-01,8.639938354492188,8.707632716857281,8.607872603898196,8.636375493315077,4114800
1995-12-04,8.693384170532227,8.693384170532227,8.565121125393226,8.639941235057643,5209600
1995-12-05,8.821647644042969,8.86440199449875,8.650630242219842,8.693384592675622,5074400
1995-12-06,9.049667358398438,9.049667358398438,8.821644243856115,8.821644243856115,7152400
1995-12-07,8.935659408569336,9.035419561456075,8.892905057332161,9.035419561456075,5218800
1995-12-08,8.949910163879395,9.021167410407097,8.907155815962774,8.935658714573854,3580000
1995-12-11,9.049667358398438,9.135176026351807,8.935655801127275,8.949907245786171,5690000
1995-12-12,9.135181427001953,9.149432880086199,9.035421255412228,9.049672708496475,4158000
1995-12-13,9.120929718017578,9.163684076070785,9.106678265333176,9.135181170701982,4852000
1995-12-14,8.97841739654541,9.120931958395337,8.97841739654541,9.120931958395337,6360800
1995-12-15,8.964157104492188,9.049665757317232,8.94990566235468,8.978408546629696,19741200
1995-12-18,8.85014820098877,8.921405432880789,8.835896754610365,8.921405432880789,6014800
1995-12-19,8.80739688873291,8.878654145114243,8.62212802214144,8.85015124256171,9596800
1995-12-20,8.465359687805176,8.807394422665991,8.465359687805176,8.807394422665991,8376800
1995-12-21,8.294347763061523,8.664885635638155,8.166084653323459,8.465365242712277,27332800
1995-12-22,8.208836555480957,8.322848174307081,8.052070579595036,8.29434526960055,14698800
1995-12-26,8.508115768432617,8.536618668829377,8.208835314266645,8.208835314266645,8573600
1995-12-27,8.508115768432617,8.593624469622894,8.508115768432617,8.508115768432617,8964000
1995-12-28,8.536619186401367,8.565122088526246,8.46536193108917,8.508116284276488,5162400
1995-12-29,8.465359687805176,8.565119818806247,8.39410245137584,8.536616924234512,5038000
1996-01-02,8.550869941711426,8.57937284151713,8.422606892585755,8.46536124229431,7598800
1996-01-03,8.6221284866333,8.650631390721346,8.565122678457213,8.565122678457213,7097200
1996-01-04,8.550869941711426,8.664881540934244,8.493864142100016,8.622127191225687,8546400
1996-01-05,8.508115768432617,8.607875919821273,8.451109967639098,8.550870119027756,6228400
1996-01-08,8.56512451171875,8.579375966813124,8.508118691341254,8.508118691341254,1896800
1996-01-09,8.451111793518066,8.607877779569835,8.436860340240633,8.565123419737535,6684000
1996-01-10,8.308600425720215,8.422612095369892,8.294348967014004,8.422612095369892,7148000
1996-01-11,8.3941011428833,8.3941011428833,8.223083802111486,8.308592472497393,8260000
1996-01-12,8.294347763061523,8.451113786074714,8.251593393148836,8.394107959524463,7219200
1996-01-15,8.3941011428833,8.408352587947618,8.294341027433076,8.294341027433076,4016800
1996-01-16,8.536619186401367,8.536619186401367,8.337098871527212,8.39410467577697,4967200
1996-01-17,8.337093353271484,8.593619302602916,8.32284191164196,8.53661353608482,7014400
1996-01-18,8.365598678588867,8.379850124378628,8.223084220691272,8.337095787009348,6645600
1996-01-19,8.365598678588867,8.422604461747905,8.29434144964007,8.365598678588867,8391200
1996-01-22,8.294347763061523,8.365605046249337,8.237341936511273,8.365605046249337,5954400
1996-01-23,8.379854202270508,8.408357107720407,8.237339675021008,8.29434548592081,5876800
1996-01-24,8.56512451171875,8.56512451171875,8.42260996077501,8.42260996077501,6524000
1996-01-25,8.3941011428833,8.579369928719435,8.337095362626028,8.565118483655118,7552800
1996-01-26,8.493864059448242,8.493864059448242,8.351349561806494,8.394103911099018,4814800
1996-01-29,8.465359687805176,8.522365476948645,8.451108240519309,8.49386258237691,3785200
1996-01-30,8.57936954498291,8.607872433836674,8.493860878421618,8.493860878421618,6600000
1996-01-31,8.593628883361816,8.636383255915856,8.508120138253739,8.579377425843804,5199600
1996-02-01,8.607879638671875,8.622131095027292,8.550873813250206,8.593628182316458,6909600
1996-02-02,8.56512451171875,8.664884697379367,8.536621601530001,8.607878877001871,6744400
1996-02-05,8.693384170532227,8.693384170532227,8.536618226473449,8.565121125393226,5068000
1996-02-06,8.736137390136719,8.750388837755212,8.622125809188768,8.693383047281237,8264800
1996-02-07,8.892911911010742,8.907163372406593,8.750397297052237,8.750397297052237,9185600
1996-02-08,9.149431228637695,9.206437030685283,8.850150767887865,8.892905119423554,9802400
1996-02-09,9.078173637390137,9.149430887291158,9.006916387489115,9.149430887291158,8433200
1996-02-12,9.078173637390137,9.120927987330749,9.006916387489115,9.078173637390137,6339200
1996-02-13,9.206435203552246,9.34894968038742,9.092423622084107,9.092423622084107,10009200
1996-02-14,9.234940528869629,9.277694883169952,9.106677465968662,9.206437626002748,8844000
1996-02-15,9.263442039489746,9.377453633821927,9.206436242323655,9.2349391409067,6568400
1996-02-16,9.177934646606445,9.220689000550264,9.135180292662627,9.220689000550264,10399200
1996-02-20,9.192188262939453,9.320451354980468,9.106679534912109,9.17793680826823,6419600
1996-02-21,9.334700584411621,9.334700584411621,9.206437522946423,9.206437522946423,4871200
1996-02-22,9.576977729797363,9.605480639707475,9.405960270336697,9.405960270336697,7690000
1996-02-23,9.477215766906738,9.619730289717365,9.363204148658236,9.576975932874177,6533200
1996-02-26,9.320451736450195,9.448714833740794,9.291948825941173,9.448714833740794,5782800
1996-02-27,9.36320686340332,9.36320686340332,9.177937930033087,9.320452494164035,8136400
1996-02-28,9.27769660949707,9.505719874861054,9.249193701326572,9.363205334008564,9175600
1996-02-29,9.206435203552246,9.377452575754454,9.135177965134659,9.277692441969833,7492400
1996-03-01,9.36320686340332,9.377458319816416,9.234943755685467,9.234943755685467,6280400
1996-03-04,9.576977729797363,9.619732094662531,9.334702995561418,9.36320590547153,6585200
1996-03-05,9.605475425720215,9.605475425720215,9.519966742405199,9.576972531281877,4802800
1996-03-06,9.477215766906738,9.619730289717365,9.448712862344612,9.605478837436303,5117200
1996-03-07,9.519969940185547,9.57697574821061,9.420209776141688,9.47721558416675,6560800
1996-03-08,9.149431228637695,9.448711689387526,9.106676877102005,9.448711689387526,11803200
1996-03-11,9.249194145202637,9.306199964279386,9.135182507049137,9.149433961818325,10594400
1996-03-12,9.263442039489746,9.263442039489746,9.106676097282996,9.249190590198223,7973600
1996-03-13,9.277740478515625,9.349217677887857,9.234854158892286,9.292035918390072,7414800
1996-03-14,9.320624351501465,9.406396968233073,9.263442607013726,9.277738043135662,5267200
1996-03-15,9.249152183532715,9.334924846749402,9.234856739663268,9.320629402879954,12249200
1996-03-18,9.434988021850586,9.44928345824733,9.320624530676639,9.320624530676639,6808400
1996-03-19,9.434988021850586,9.477874331040816,9.392101712660356,9.434988021850586,6303600
1996-03-20,9.635123252868652,9.649418687961928,9.477873466842606,9.477873466842606,5901200
1996-03-21,9.563642501831055,9.66371051007144,9.520756212585177,9.635119650574188,5139200
1996-03-22,9.592236518859863,9.635122822222874,9.535054781042517,9.56364564995119,3704800
1996-03-25,9.663713455200195,9.692304323410847,9.635122586989544,9.635122586989544,5131600
1996-03-26,9.706596374511719,9.735187232757703,9.606528370650773,9.663710087142743,5312400
1996-03-27,9.592236518859863,9.763781732311903,9.592236518859863,9.706599994494557,6892800
1996-03-28,9.592236518859863,9.620827387768538,9.549350215496855,9.592236518859863,4888800
1996-03-29,9.463580131530762,9.606534514182284,9.449284693265609,9.592239075917131,5764000
1996-04-01,9.635123252868652,9.649418687961928,9.50646433702916,9.50646433702916,8300000
1996-04-02,9.606531143188477,9.663712876183645,9.563644843442098,9.63512200968606,4944800
1996-04-03,9.606531143188477,9.620826576437269,9.535053976944514,9.606531143188477,3786000
1996-04-04,9.577942848205566,9.620829159466188,9.549351974031818,9.606533722379314,4069600
1996-04-08,9.434988021850586,9.44928345824733,9.320624530676639,9.44928345824733,8134000
1996-04-09,9.349215507507324,9.549351619288826,9.334920070951503,9.434988126842255,7615600
1996-04-10,9.02042007446289,9.377805972817205,9.02042007446289,9.349215100948859,9358800
1996-04-11,9.134779930114746,9.149075360365318,8.991825627609039,9.02041648811018,12240000
1996-04-12,9.23485279083252,9.306329979616052,9.163375602048985,9.163375602048985,5786000
1996-04-15,9.263440132141113,9.263440132141113,9.163372106022305,9.23484926753574,4102000
1996-04-16,9.306331634521484,9.349217955417897,9.234854433027463,9.263445313625072,5059200
1996-04-17,9.163376808166504,9.277740325273106,9.077604170336553,9.277740325273106,8906000
1996-04-18,9.091897964477539,9.220556897937128,9.077602527426473,9.163375149732866,9608000
1996-04-19,9.006129264831543,9.177674584161668,8.948947491721501,9.091901924496606,13010400
1996-04-22,9.220559120178223,9.234854560674624,9.09190015571062,9.09190015571062,7160800
1996-04-23,9.263440132141113,9.2777355644438,9.177667538324991,9.220553835233053,6218800
1996-04-24,9.191967964172363,9.32062692479064,9.134786203897574,9.26344516451585,7198000
1996-04-25,9.292033195495605,9.334919502551738,9.106192531585693,9.19196514569796,7151200
1996-04-26,9.292033195495605,9.377805809607873,9.249146888439471,9.292033195495605,4176400
1996-04-29,9.277740478515625,9.306331358264517,9.206263279143394,9.292035918390072,4107200
1996-04-30,9.320624351501465,9.349215223745334,9.263442607013726,9.277738043135662,5520000
1996-05-01,9.349215507507324,9.377806380618967,9.292033761284038,9.320624634395681,3995600
1996-05-02,9.191967964172363,9.306331484721941,9.177672524103667,9.306331484721941,6999600
1996-05-03,9.120491981506348,9.220560075347327,9.106196539529066,9.191969191392761,6925200
1996-05-06,9.249152183532715,9.249152183532715,9.034720525490998,9.120493188707686,7170400
1996-05-07,9.306331634521484,9.334922515119093,9.220558992728659,9.249149873326267,6702800
1996-05-08,9.463580131530762,9.463580131530762,9.177671366227717,9.306330310614088,8292800
1996-05-09,9.463580131530762,9.577943637651979,9.420693816735305,9.463580131530762,4820400
1996-05-10,9.592236518859863,9.592236518859863,9.47787304322517,9.47787304322517,4942800
1996-05-13,9.835261344909668,9.835261344909668,9.549352584883223,9.835261344909668,8275800
1996-05-14,10.149764060974121,10.206945830331723,9.921036983543718,9.921036983543718,13405600
1996-05-15,10.178351402282715,10.378487525361308,10.149760527557202,10.149760527557202,12970600
1996-05-16,10.407081604003906,10.464263371058873,10.17835453578404,10.17835453578404,10024400
1996-05-17,10.550031661987305,10.69298602055082,10.435668175136493,10.435668175136493,14869200
1996-05-20,10.635807037353516,10.692988795618858,10.178352971230785,10.550034399955504,8158800
1996-05-21,10.635807037353516,10.950306707812894,10.292716487761467,10.635807037353516,10411000
1996-05-22,10.778759002685547,10.835940748057883,10.464259403137692,10.635804639254705,11524600
1996-05-23,10.664401054382324,10.835946379653889,10.607219279291803,10.778764604563367,9491200
1996-05-24,10.86452579498291,10.921707509693347,10.664389793496383,10.664389793496383,6385200
1996-05-28,10.521438598632812,10.807347256204356,10.521438598632812,10.807347256204356,7993000
1996-05-29,10.521438598632812,10.721574658932893,10.464256867118504,10.521438598632812,8676200
1996-05-30,10.692983627319336,10.7787562232604,10.464256704809832,10.521438435437208,6572400
1996-05-31,10.521438598632812,10.721574658932893,10.492847732875658,10.692983793175738,6618000
1996-06-03,10.578625679016113,10.635807439443228,10.464262158161885,10.521443918589,6066400
1996-06-04,10.635807037353516,10.664397916486188,10.507148081256497,10.578625279088175,5020800
1996-06-05,10.921712875366211,10.921712875366211,10.607213289949906,10.635804161351388,5661800
1996-06-06,10.692983627319336,10.95030141514253,10.692983627319336,10.921710549828841,5061600
1996-06-07,10.721575736999512,10.750166605631511,10.464257919311523,10.692984868367514,5914200
1996-06-10,10.692983627319336,10.7787562232604,10.63580189669196,10.721574492633025,3519600
1996-06-11,10.750168800354004,10.86453229823011,10.664396176946923,10.69298705141595,4912000
1996-06-12,10.60683536529541,10.836172346166663,10.60683536529541,10.77883810094885,4903800
1996-06-13,10.635501861572266,10.692836103413626,10.578167619730905,10.606834740651585,3719400
1996-06-14,10.492162704467773,10.66416537175413,10.492162704467773,10.635498260539737,4581400
1996-06-17,10.578160285949707,10.635494488041576,10.52082608385784,10.52082608385784,4328200
1996-06-18,10.60683536529541,10.635502487904317,10.52083399746869,10.578168242686504,4982400
1996-06-19,10.664169311523438,10.75017067693895,10.606835067913096,10.606835067913096,3789400
1996-06-20,10.7214994430542,10.893502107916031,10.692832332243894,10.692832332243894,8487000
1996-06-21,10.922168731689453,10.922168731689453,10.750166074497493,10.750166074497493,14162200
1996-06-24,11.180176734924316,11.208843854757456,10.950839776259203,10.950839776259203,6982600
1996-06-25,11.122840881347656,11.237509344041962,11.036839534326926,11.18017511269481,4805000
1996-06-26,11.266176223754883,11.352177568974387,11.208841993608548,11.208841993608548,6813000
1996-06-27,11.20883846282959,11.266172674915675,11.036835826571336,11.266172674915675,7128200
1996-06-28,11.237512588500977,11.294846836401492,11.180178340600461,11.20884546455072,4991600
1996-07-01,11.323513984680176,11.352181108692024,11.180178364620932,11.237512612644629,5399400
1996-07-02,11.352178573608398,11.380845691218521,11.266177220778031,11.323511455998277,4856800
1996-07-03,11.237512588500977,11.43818245615278,11.122844092699946,11.352181084302007,5848200
1996-07-05,10.893498420715332,11.122835229572498,10.836164218501041,11.122835229572498,3621400
1996-07-08,10.864835739135742,10.979504190208415,10.807501513599407,10.89350285190391,5660000
1996-07-09,10.893498420715332,11.008166825143915,10.864831319608188,10.864831319608188,4043200
1996-07-10,11.008170127868652,11.008170127868652,10.75016614049673,10.893501689036688,5285200
1996-07-11,10.922168731689453,11.008170060285433,10.778833184029486,11.008170060285433,5448600
1996-07-12,10.807501792907715,10.95083736045291,10.778834679398676,10.922170246943871,4802200
1996-07-15,10.434835433959961,10.80750812802996,10.406168303646885,10.80750812802996,7929200
1996-07-16,10.578160285949707,10.721495791179379,10.148153770260695,10.434824780720037,12564800
1996-07-17,10.549494743347168,10.807498690874679,10.549494743347168,10.578161848628001,7255400
1996-07-18,10.864835739135742,10.89350285190391,10.635498836990397,10.635498836990397,5149200
1996-07-19,10.807501792907715,10.893503133434832,10.721500452380598,10.864836019925793,6963600
1996-07-22,10.864835739135742,10.92216996467208,10.692833062526734,10.807501513599407,4490600
1996-07-23,10.7214994430542,10.893502107916031,10.692832332243894,10.864834997105726,6255800
1996-07-24,10.520833015441895,10.664168615107315,10.377497415776473,10.664168615107315,8610800
1996-07-25,10.578160285949707,10.721495791179379,10.549493184903774,10.549493184903774,6681200
1996-07-26,10.807501792907715,10.836168906416754,10.578164884835402,10.578164884835402,4899800
1996-07-29,10.60683536529541,10.77883810094885,10.578168242686504,10.77883810094885,3789600
1996-07-30,10.635501861572266,10.664168982492946,10.377497773286146,10.606834740651585,4923800
1996-07-31,10.750167846679688,10.864836303710938,10.578165161132812,10.635499389648437,5238200
1996-08-01,11.03683853149414,11.03683853149414,10.721500287737166,10.750167400805982,6525400
1996-08-02,11.294838905334473,11.352173112975764,10.721496828921556,11.03683497094866,6353800
1996-08-05,11.266176223754883,11.352177568974387,11.237509108681715,11.29484333882805,3924800
1996-08-06,11.323513984680176,11.323513984680176,11.180178364620932,11.266179736656479,4077000
1996-08-07,11.294838905334473,11.409507320617056,11.151503386231244,11.32350600915512,4535400
1996-08-08,11.237512588500977,11.32351396035175,11.180178340600461,11.294846836401492,2899800
1996-08-09,11.180176734924316,11.323512334090013,11.122842495258038,11.237510974590595,4218000
1996-08-12,11.409514427185059,11.409514427185059,11.180177453774304,11.180177453774304,4616400
1996-08-13,11.524169921875,11.638838279306592,11.352167385727611,11.409501564443408,7750200
1996-08-14,11.61017894744873,11.667513164473169,11.466843404887635,11.524177621912074,4419800
1996-08-15,11.724849700927734,11.810851043477326,11.610181244194946,11.610181244194946,5801000
1996-08-16,11.86818790435791,11.954189265983691,11.753519422190202,11.753519422190202,7169800
1996-08-19,11.839515686035156,12.040185443425584,11.810848577836524,11.868182794233789,4550200
1996-08-20,11.753519058227539,11.868187536844394,11.667517699264899,11.83952041719018,4724200
1996-08-21,11.66751480102539,11.925518813824478,11.610180575958926,11.753516138625086,3575600
1996-08-22,11.925521850585938,11.925521850585938,11.610183532421406,11.667517772087685,3359800
1996-08-23,11.782184600830078,11.954187295732707,11.724850369195869,11.925520179915603,3196000
1996-08-26,11.724849700927734,11.810851043477326,11.66751547256134,11.78218392929413,3537000
1996-08-27,11.839515686035156,11.839515686035156,11.696180145041994,11.724847253240627,2485000
1996-08-28,11.753519058227539,11.92552177615282,11.696184818919113,11.83952041719018,3208800
1996-08-29,11.552842140197754,11.724844752706902,11.495507936028037,11.724844752706902,5919800
1996-08-30,11.46684741973877,11.55284877538681,11.38084606409073,11.55284877538681,5083800
1996-09-03,11.638854026794434,11.724855411228875,11.352182745346296,11.466851257925551,6286800
1996-09-04,11.61017894744873,11.753514490009826,11.495510513399854,11.638846055960949,4924000
1996-09-05,11.46684741973877,11.638850131034852,11.46684741973877,11.610183012485503,3127200
1996-09-06,11.767849922180176,11.925519044158229,11.524179460941365,11.524179460941365,6239200
1996-09-09,11.86818790435791,11.896855024899837,11.753519422190202,11.767852982461164,4431800
1996-09-10,12.011519432067871,12.011519432067871,11.839516767169524,11.868183877985915,5633400
1996-09-11,11.925308227539062,12.011515274967055,11.896572545063064,12.011515274967055,3573400
1996-09-12,11.925308227539062,12.126458004871045,11.925308227539062,11.925308227539062,3971400
1996-09-13,12.18393611907959,12.212671817473645,12.068993325503367,12.068993325503367,5152800
1996-09-16,12.21267032623291,12.385084495544435,12.183934631347658,12.183934631347658,5321600
1996-09-17,11.982786178588867,12.212671764748844,11.982786178588867,12.212671764748844,5381600
1996-09-18,11.925308227539062,12.040250957443053,11.839101180111069,11.982779592491058,6727200
1996-09-19,11.954046249389648,12.068989001787624,11.867839185091166,11.925310561290154,4955600
1996-09-20,11.75290298461914,11.896581505213506,11.66669587226252,11.896581505213506,15474000
1996-09-23,11.75290298461914,11.867845801094633,11.637960168143648,11.75290298461914,4439000
1996-09-24,11.839104652404785,11.982783106924261,11.69542619788531,11.7528975796931,6351800
1996-09-25,11.781639099121094,11.925317624720131,11.752903394001287,11.83911050936071,4778600
1996-09-26,11.839104652404785,11.954047416020366,11.724161888789205,11.781633270596995,4347000
1996-09-27,11.66670036315918,11.925321799780935,11.637964647978984,11.83911465424035,5774800
1996-09-30,11.695429801940918,11.86784400049533,11.63795840242278,11.66669410218185,4200200
1996-10-01,11.523012161254883,11.695426308306079,11.26439094067809,11.695426308306079,13362000
1996-10-02,11.436812400817871,11.523019529467252,11.321869562618696,11.523019529467252,7877600
1996-10-03,11.23565673828125,11.494277993126598,11.206921043298435,11.436806603160965,7441200
1996-10-04,11.494278907775879,11.523014605045319,11.235657632350922,11.235657632350922,8541600
1996-10-07,11.551753997802734,11.637961117189322,11.494282584878343,11.494282584878343,5261400
1996-10-08,11.494278907775879,11.637957394123077,11.46554321050644,11.551750302314758,4834800
1996-10-09,11.436812400817871,11.523019529467252,11.26439814351911,11.494283819917458,6451000
1996-10-10,11.264394760131836,11.408073264725354,11.235659059213132,11.408073264725354,4148800
1996-10-11,11.436812400817871,11.523019529467252,11.293133853068904,11.293133853068904,4023200
1996-10-14,11.350597381591797,11.523011519033698,11.293126002444497,11.436804450312748,2867800
1996-10-15,11.206925392150879,11.32186821668576,10.948304036947397,11.32186821668576,9967000
1996-10-16,11.14944839477539,11.206919778253614,11.063241319558054,11.206919778253614,6003400
1996-10-17,11.321867942810059,11.436810764564475,11.034510888424016,11.149453710178433,6897400
1996-10-18,11.494278907775879,11.523014605045319,11.35060042142868,11.35060042142868,6593200
1996-10-21,11.436812400817871,11.494283819917458,11.321869562618696,11.494283819917458,5343200
1996-10-22,11.523012161254883,11.523012161254883,11.408069396554087,11.436805087729285,3776000
1996-10-23,11.551753997802734,11.58048970426493,11.436811171953952,11.52301829134054,4807200
1996-10-24,11.551753997802734,11.695432530113715,11.494282584878343,11.551753997802734,4399800
1996-10-25,11.465536117553711,11.580478835524174,11.465536117553711,11.551743156031558,3236600
1996-10-28,11.408073425292969,11.523016230585592,11.350602022646656,11.465544827939281,4773600
1996-10-29,11.436812400817871,11.580490948566839,11.379340981718284,11.408076691268077,5272800
1996-10-30,11.580485343933105,11.637956735218133,11.436806865720536,11.436806865720536,5119800
1996-10-31,11.609220504760742,11.637956199079458,11.523013421804599,11.580484810442028,4855200
1996-11-01,11.551753997802734,11.666696823651518,11.408075465491756,11.609225410727127,5650600
1996-11-04,11.66670036315918,11.695436078339375,11.43681464171762,11.5517575024384,6481800
1996-11-05,11.839104652404785,11.839104652404785,11.724161888789205,11.724161888789205,5884200
1996-11-06,11.954046249389648,11.954046249389648,11.752896432693188,11.83910349699167,5866000
1996-11-07,12.040249824523926,12.040249824523926,11.867835745891126,11.954042785207525,4716600
1996-11-08,12.097724914550781,12.097724914550781,11.982782160018232,12.040253537284507,3525000
1996-11-11,11.954046249389648,12.09772468988712,11.925310561290154,12.09772468988712,3758600
1996-11-12,11.810368537902832,11.954046987269047,11.752897158156346,11.954046987269047,5168400
1996-11-13,11.954046249389648,12.011517625588636,11.83910349699167,11.83910349699167,3231800
1996-11-14,11.982786178588867,12.097728971668856,11.925314782048872,11.95405048031887,4485800
1996-11-15,12.126459121704102,12.183930491949145,12.068987751459058,12.068987751459058,7842600
1996-11-18,12.011517524719238,12.183931651868319,11.982781836861058,12.126460276151958,4119400
1996-11-19,11.896573066711426,12.040251485391515,11.83910169923939,12.011515801655497,4526400
1996-11-20,11.867840766906738,11.954047842695406,11.867840766906738,11.896576458836295,3913400
1996-11-21,11.637959480285645,11.954052206910687,11.52301667060381,11.867845099649312,11493800
1996-11-22,11.66670036315918,11.695436078339375,11.49428607207801,11.637964647978984,7274000
1996-11-25,11.810368537902832,11.824736382839454,11.637954398663375,11.666690088536617,6048200
1996-11-26,11.810368537902832,11.896785868667974,11.781562760981117,11.839174314824547,7812400
1996-11-27,11.810368537902832,11.86798009174626,11.781562760981117,11.810368537902832,3441400
1996-11-29,11.78156566619873,11.839177234248602,11.78156566619873,11.810371450223666,1468400
1996-12-02,11.723957061767578,11.81037443568724,11.608733896541361,11.781568644380686,4731200
1996-12-03,11.464701652526855,11.723953699945804,11.464701652526855,11.723953699945804,6703000
1996-12-04,11.435896873474121,11.435896873474121,11.234256374445609,11.435896873474121,8298000
1996-12-05,11.34948444366455,11.493513434066385,11.147843857101982,11.435901837905652,7557800
1996-12-06,11.29186725616455,11.349478823798044,10.975003634180341,11.349478823798044,9673800
1996-12-09,11.579927444458008,11.579927444458008,11.32067533749253,11.32067533749253,5609200
1996-12-10,11.435896873474121,11.522314230200625,11.435896873474121,11.522314230200625,3946400
1996-12-11,11.34948444366455,11.407096039825285,11.205455453262717,11.407096039825285,6994400
1996-12-12,11.032620429992676,11.378289999600801,11.003814632525332,11.349484202133457,6523800
1996-12-13,11.032620429992676,11.119037822394708,10.802174050253925,11.032620429992676,8650800
1996-12-16,11.090224266052246,11.234253152624353,11.061418488737825,11.061418488737825,6619400
1996-12-17,11.205448150634766,11.291865488557399,11.0326134747895,11.090225033404588,7282400
1996-12-18,11.147839546203613,11.320674267850181,11.06142218538033,11.205451120085803,4048400
1996-12-19,11.78156566619873,11.810371450223666,11.0326152815504,11.147838417650142,10365800
1996-12-20,12.184846878051758,12.271264231796806,12.040817955143345,12.040817955143345,22801800
1996-12-23,12.069621086120605,12.242455755611592,11.954397973126614,12.184844199114597,5012400
1996-12-24,12.242459297180176,12.271265083761776,12.012013004527372,12.069624577690574,2368200
1996-12-26,12.271269798278809,12.357687191224434,12.213658202981724,12.242464000630267,3834400
1996-12-27,12.444091796875,12.472897564923322,12.328868724681712,12.328868724681712,3794000
1996-12-30,12.242459297180176,12.50171137641458,12.242459297180176,12.444099803251378,2991000
1996-12-31,12.127233505249023,12.328873967331548,12.09842772495152,12.242456626439038,4135400
1997-01-02,11.954395294189453,12.098424153155591,11.781560663430088,12.098424153155591,7161800
1997-01-03,12.242459297180176,12.300070870343376,12.040818791108974,12.040818791108974,5312000
1997-01-06,12.127233505249023,12.357679747629053,12.040816164356512,12.242456626439038,6259600
1997-01-07,12.530510902404785,12.530510902404785,11.954395458616059,12.127230091752677,7325400
1997-01-08,12.300066947937012,12.559318944497745,12.242455393145738,12.530513167102109,5712000
1997-01-09,12.415295600891113,12.530518761920266,12.357684020376537,12.357684020376537,5715000
1997-01-10,12.472908020019531,12.472908020019531,12.127238513691045,12.41529643563145,6061600
1997-01-13,12.444091796875,12.559314869068286,12.357674492730034,12.472897564923322,4327400
1997-01-14,12.789761543273926,12.84737308175714,12.559315389341062,12.559315389341062,7006000
1997-01-15,13.135436058044434,13.250659181360612,12.674543564779716,12.789766688095897,9699000
1997-01-16,13.279471397399902,13.337082986976474,13.049025039093614,13.135442423458471,6928200
1997-01-17,13.538721084594727,13.6251384532198,13.250663189177818,13.279468978719509,11371200
1997-01-20,13.538721084594727,13.797973190469946,13.538721084594727,13.538721084594727,7465600
1997-01-21,13.740363121032715,13.884392084565553,13.423499401260472,13.538722572086742,10445800
1997-01-22,13.682744026184082,13.76916135687577,13.567520918595163,13.74035557997854,6367200
1997-01-23,13.25065803527832,13.682744710341744,13.221852256940759,13.682744710341744,6414200
1997-01-24,13.164240837097168,13.308269730282039,12.933794608001374,13.250658173008091,10216000
1997-01-27,12.991406440734863,13.10662955772586,12.904989102991618,13.10662955772586,6329200
1997-01-28,12.789761543273926,13.164236543414829,12.674538466307494,12.991401927965182,8533400
1997-01-29,13.020211219787598,13.020211219787598,12.8185707805431,12.8185707805431,7654800
1997-01-30,13.221844673156738,13.250650434971895,13.0490101022658,13.0490101022658,5516800
1997-01-31,13.337076187133789,13.481105087642794,13.164241506522984,13.221853066726586,8654800
1997-02-03,13.711549758911133,13.711549758911133,13.30826888364904,13.337074660453476,7693400
1997-02-04,13.682744026184082,13.74035557997854,13.538715141697933,13.711549803081311,7997800
1997-02-05,13.423495292663574,13.797970483231442,13.337077940994066,13.682747347672098,7809800
1997-02-06,13.308265686035156,13.481100305334314,13.279459916151964,13.423488765567928,6090800
1997-02-07,13.423495292663574,13.45230107655341,13.135437453765213,13.308272157104229,6966000
1997-02-10,13.423495292663574,13.74035891545177,13.423495292663574,13.423495292663574,4787000
1997-02-11,13.653942108154297,13.653942108154297,13.423495827847894,13.423495827847894,4324600
1997-02-12,13.884391784667969,13.884391784667969,13.653945447992982,13.653945447992982,7335800
1997-02-13,14.057229995727539,14.057229995727539,13.826783602354956,13.884395200698101,7387800
1997-02-14,13.970809936523438,14.057227317574098,13.884392555472777,14.057227317574098,5933000
1997-02-18,14.172449111938477,14.172449111938477,13.942002784915086,13.97080857579301,5406800
1997-02-19,14.287671089172363,14.345282666144833,14.114836358254955,14.172447935227424,5995200
1997-02-20,14.114835739135742,14.258864675249372,14.086029951913016,14.258864675249372,5168600
1997-02-21,14.287671089172363,14.345282666144833,14.08603056976872,14.114836358254955,8153200
1997-02-24,14.489307403564453,14.518113183690824,14.172443822174374,14.287666942679857,6032000
1997-02-25,14.4316987991333,14.575727729264372,14.316475655028444,14.489310371185729,5326600
1997-02-26,14.057229995727539,14.402899585786413,13.942006799041247,14.402899585786413,7813600
1997-02-27,14.201247215270996,14.316470316409097,14.11482988941742,14.11482988941742,6025400
1997-02-28,14.057229995727539,14.230064790756975,13.97081259821282,14.201258991585403,5767400
1997-03-03,13.913189888000488,13.970801440331753,13.826772559503592,13.970801440331753,5929600
1997-03-04,13.653942108154297,14.028417313652199,13.653942108154297,13.913194173498999,7598400
1997-03-05,13.884391784667969,13.913197576752342,13.596333863824235,13.653945447992982,7617000
1997-03-06,14.028424263000488,14.143647460232526,13.97081266438447,13.97081266438447,10409400
1997-03-07,13.942000389099121,14.086029318738575,13.942000389099121,14.028417746882793,4057000
1997-03-10,14.086026191711426,14.114831971244579,13.913191514512512,13.941997294045665,6053600
1997-03-11,14.287671089172363,14.345282666144833,14.14364214674119,14.14364214674119,6334000
1997-03-12,14.089040756225586,14.291137652318985,14.031298785913187,14.291137652318985,5602800
1997-03-13,13.82919692993164,13.973551803939277,13.800325955130113,13.973551803939277,8282200
1997-03-14,13.742582321166992,13.886937177481773,13.68484037864108,13.829195234955861,6156600
1997-03-17,13.915818214416504,13.915818214416504,13.569366308663396,13.742592261539949,5342800
1997-03-18,13.944677352905273,14.002419288113991,13.829193482487838,13.915806385300915,5711800
1997-03-19,13.771453857421875,13.973550664553851,13.655969967632174,13.944679692106426,6087200
1997-03-20,13.62710189819336,13.800327769780562,13.540488962399756,13.771456791182695,4601200
1997-03-21,13.858068466186523,13.915810418128967,13.68484261035919,13.68484261035919,9848000
1997-03-24,13.800318717956543,13.886931596939535,13.598222000329566,13.858060637278538,6487000
1997-03-25,13.742582321166992,13.944679120007685,13.742582321166992,13.800324263692906,6652000
1997-03-26,13.540488243103027,13.71371410548814,13.425004334846285,13.71371410548814,7335200
1997-03-27,13.251779556274414,13.627102288805062,13.078553679721807,13.540489350528759,9268200
1997-03-31,12.876456260681152,13.136295064147813,12.760972348029304,13.136295064147813,13222800
1997-04-01,12.96306324005127,13.078547099650836,12.732095520852138,12.876450345351595,10285200
1997-04-02,12.876456260681152,13.107424085984851,12.818714304355229,12.96306919517004,5577000
1997-04-03,12.7898530960083,12.905337096875192,12.732111095574854,12.87646609665847,6560000
1997-04-04,13.251779556274414,13.251779556274414,12.732101926616593,12.789843885467462,6555400
1997-04-07,13.020808219909668,13.309517936537377,13.020808219909668,13.251775993211835,4746800
1997-04-08,13.107423782348633,13.165165737336952,12.847584984901193,13.020810849866152,4562400
1997-04-09,13.309517860412598,13.309517860412598,13.049679116933826,13.10742105992911,4871200
1997-04-10,13.165159225463867,13.338385004746288,13.165159225463867,13.30951404153255,3512200
1997-04-11,12.414521217346191,13.049682768001112,12.183553380744401,13.049682768001112,9281800
1997-04-14,12.847576141357422,12.905318056599478,12.529995607526116,12.529995607526116,9076800
1997-04-15,13.396135330200195,13.453877292830368,13.049683554419156,13.049683554419156,9081200
1997-04-16,13.569357872009277,13.627099820400806,13.338390078443162,13.39613202683469,7066000
1997-04-17,13.511610984802246,13.713707730301426,13.482740021159508,13.569352912087727,6547600
1997-04-18,13.771453857421875,13.829195802316725,13.511615105395046,13.511615105395046,7851400
1997-04-21,13.540488243103027,13.858068990809068,13.511617266038842,13.771456059616511,6825800
1997-04-22,14.2911376953125,14.2911376953125,13.627105034722224,13.627105034722224,10975200
1997-04-23,13.915818214416504,14.291141112315703,13.829205237978227,14.291141112315703,7897400
1997-04-24,13.858068466186523,14.089036273956298,13.800326514244079,13.915810418128967,4965000
1997-04-25,13.655969619750977,13.886937393446553,13.62709864803903,13.858066421734607,3983000
1997-04-28,14.11790657043457,14.11790657043457,13.598229027964587,13.655970977127918,4662200
1997-04-29,14.464365005493164,14.49323599352808,14.204526113178915,14.204526113178915,8004600
1997-04-30,14.695326805114746,14.72419778115623,14.377746068658436,14.464358996782885,8171000
1997-05-01,14.348876953125,14.579844791404678,14.348876953125,14.579844791404678,6145400
1997-05-02,14.781937599182129,14.839679542928934,14.406614964827895,14.406614964827895,5663200
1997-05-05,15.243881225585938,15.243881225585938,14.781945430871213,14.781945430871213,7260200
1997-05-06,15.35936450958252,15.50371943918386,15.157267608140645,15.24388056590145,10744400
1997-05-07,15.099513053894043,15.359351710653213,15.070642092031912,15.359351710653213,6473600
1997-05-08,14.926295280456543,15.272747008436193,14.926295280456543,15.099521144446367,8315800
1997-05-09,15.099513053894043,15.157254977618303,14.839674397134871,14.926287282721262,6832400
1997-05-12,15.35936450958252,15.417106481423057,15.09952563630011,15.09952563630011,5201600
1997-05-13,15.35936450958252,15.417106481423057,15.157267608140645,15.35936450958252,5670800
1997-05-14,15.47484302520752,15.59032692838071,15.417101073620925,15.417101073620925,5574600
1997-05-15,15.676945686340332,15.705816672871345,15.359364834499184,15.474848780623237,4740400
1997-05-16,15.445969581604004,15.792421235770822,15.417098610423436,15.67693735104855,9446000
1997-05-19,15.705818176269531,15.79243114415337,15.532592240501852,15.532592240501852,5010000
1997-05-20,15.792424201965332,15.821295178568558,15.590327365742741,15.70581127215565,5029600
1997-05-21,15.561455726623535,15.879036455738301,15.503713775875397,15.792423529616093,6042600
1997-05-22,15.35936450958252,15.619203382864931,15.330493523662252,15.561461411024395,4778200
1997-05-23,15.73468017578125,15.792422121380447,15.445970447785264,15.445970447785264,3512600
1997-05-27,15.821295738220215,15.936779648718172,15.445973029101852,15.734682805346745,6125800
1997-05-28,15.532583236694336,15.763551017165627,15.474841291576514,15.763551017165627,4731400
1997-05-29,15.590326309204102,15.590326309204102,15.445971435970732,15.532584359910754,3060200
1997-05-30,15.821295738220215,15.850166715844704,15.474844006726341,15.590327917224299,4255600
1997-06-02,15.619200706481934,15.79242659232092,15.590329725508768,15.79242659232092,3519200
1997-06-03,15.676945686340332,15.792429632464385,15.50371976715425,15.619203713278305,4326200
1997-06-04,15.388233184814453,15.67694300066463,15.388233184814453,15.67694300066463,5249800
1997-06-05,15.35936450958252,15.50371943918386,15.272751551821717,15.388235495502787,5899200
1997-06-06,15.64806842803955,15.705810377958516,15.388229653404208,15.388229653404208,4925600
1997-06-09,15.821295738220215,15.821295738220215,15.676940850097766,15.676940850097766,4292200
1997-06-10,15.792424201965332,15.994521038187923,15.734682248758878,15.821295178568558,5444600
1997-06-11,15.8248291015625,15.96948019024223,15.766968666090607,15.8248291015625,4033200
1997-06-12,16.2009220123291,16.2009220123291,16.027340705054147,16.027340705054147,6430400
1997-06-13,16.634868621826172,16.692729034423827,16.287706146240236,16.287706146240236,8388800
1997-06-16,16.577007293701172,16.808448931309563,16.577007293701172,16.634867703103268,5651000
1997-06-17,16.577007293701172,16.634867703103268,16.37449586079383,16.577007293701172,5209400
1997-06-18,16.51915168762207,16.721663179414286,16.490221474508896,16.577012113848415,5276800
1997-06-19,16.54807472229004,16.663795524543815,16.40342371947282,16.519144521726595,6765000
1997-06-20,16.51915168762207,16.60594232696159,16.461291261395722,16.548081900735244,10990600
1997-06-23,16.14305877685547,16.490221331196448,16.11412856399372,16.490221331196448,4148600
1997-06-24,16.273252487182617,16.316647827148437,16.027345560709637,16.143066467285156,6552200
1997-06-25,16.070724487304688,16.417886852466985,15.88267820617511,16.273235866982695,5855200
1997-06-26,16.171987533569336,16.258778164339834,16.041801587413588,16.070731797670422,4747200
1997-06-27,16.43235969543457,16.475755011531668,16.186452904217678,16.186452904217678,5457400
1997-06-30,15.738041877746582,16.446832366725978,15.524681475451763,16.43236725470599,8405600
1997-07-01,15.882684707641602,16.085196170216268,15.709103454006176,15.738033662945412,11291400
1997-07-02,16.302175521850586,16.302175521850586,15.766966565055137,15.882687420578478,7417800
1997-07-03,16.374494552612305,16.54807576695095,16.345564350222528,16.345564350222528,4004000
1997-07-07,16.171987533569336,16.53361516177974,16.099662007927254,16.374499005367163,6065200
1997-07-08,16.331113815307617,16.331113815307617,16.027346419274437,16.17199756024262,5503200
1997-07-09,16.0562686920166,16.374501044470986,15.983943157367879,16.331105723681752,6557600
1997-07-10,16.11412811279297,16.287709385103128,15.955011946508657,16.056267688689584,5044800
1997-07-11,16.157529830932617,16.215390277954757,16.099669383910477,16.11413449566601,3087400
1997-07-14,16.14305877685547,16.229849415440714,15.998407712546728,16.157523883286345,3563400
1997-07-15,16.2298526763916,16.24431778572885,16.027341145670135,16.143062020368117,5041400
1997-07-16,16.403427124023438,16.548078156863152,16.21538078133181,16.229845884615784,5546200
1997-07-17,16.171987533569336,16.649336002807072,15.983941166899925,16.403429215623994,7063600
1997-07-18,16.0273380279541,16.15752398666492,15.983942708383829,16.15752398666492,9139600
1997-07-21,15.81035327911377,15.94053917070757,15.680167387519969,15.94053917070757,6144800
1997-07-22,16.2298526763916,16.258782895066094,15.926085380309406,15.926085380309406,8252800
1997-07-23,15.983939170837402,16.374496960532074,15.969474067515378,16.229845927311825,6741600
1997-07-24,16.244314193725586,16.30217461828026,15.839291221842846,15.983942283229538,6158800
1997-07-25,16.2298526763916,16.417899097775816,16.171992239042613,16.24431778572885,5221000
1997-07-28,16.12858772277832,16.302168935938266,16.05626221729501,16.229843430454956,3888000
1997-07-29,16.12858772277832,16.20091322826163,15.911611206328388,16.12858772277832,5037800
1997-07-30,16.171987533569336,16.244313059211418,16.041801587413588,16.128592218184085,4879000
1997-07-31,15.998405456542969,16.18645181362711,15.940545038978618,16.17198670923602,6088000
1997-08-01,15.882684707641602,16.20091700597322,15.795894080823889,15.998405543398555,7182200
1997-08-04,15.9550142288208,16.027339769295963,15.76696782358538,15.88268868834564,4070000
1997-08-05,15.738041877746582,15.92608833400642,15.738041877746582,15.92608833400642,4023600
1997-08-06,15.766963005065918,15.882683834460897,15.607846864647822,15.738032797717173,7832200
1997-08-07,15.40534496307373,15.723577441184174,15.40534496307373,15.723577441184174,7551600
1997-08-08,14.508496284484863,15.217286232580335,14.508496284484863,15.217286232580335,18877800
1997-08-11,14.291522979736328,14.696545898190394,13.799709435899247,14.508499543193864,25320000
1997-08-12,14.10348129272461,14.407248582106371,14.031155747633715,14.291527709960938,14184800
1997-08-13,13.987759590148926,14.39278261861239,13.857573616714241,14.103480455424203,14515800
1997-08-14,13.90096378326416,14.132405427938695,13.770777858134736,13.987754400017112,10822200
1997-08-15,13.597197532653809,13.872034504058513,13.438081391314242,13.872034504058513,12587600
1997-08-18,13.97329044342041,13.97329044342041,13.438081596208656,13.597197739974312,12737600
1997-08-19,14.074549674987793,14.103479890147069,13.973293921930328,13.973293921930328,10347800
1997-08-20,14.23366928100586,14.305994836295524,14.002227504078935,14.074553059368599,9331400
1997-08-21,14.016688346862793,14.262595159965649,13.872037280331702,14.233664946659431,8738400
1997-08-22,14.045619010925293,14.045619010925293,13.626130904522787,14.016688796690637,7904800
1997-08-25,13.814175605773926,14.175803239432929,13.756315184388486,14.045617291315688,5655800
1997-08-26,13.655058860778809,13.88650053638523,13.655058860778809,13.814175012758222,6479800
1997-08-27,13.568272590637207,13.655063246867295,13.235575075088533,13.655063246867295,10290200
1997-08-28,13.481477737426758,13.61166368124311,13.221105849794052,13.568268366637659,9693800
1997-08-29,13.264496803283691,13.481473304973173,13.250031703171059,13.481473304973173,9787600
1997-09-02,13.857571601867676,13.872036707923904,13.192176723281127,13.264502253562274,9126200
1997-09-03,13.655058860778809,13.958826060012235,13.655058860778809,13.857570326934427,7742000
1997-09-04,13.799708366394043,13.828638572612899,13.49594120109606,13.655057335299766,7006200
1997-09-05,13.857571601867676,14.031152874542427,13.799711177642758,13.799711177642758,7411800
1997-09-08,13.683985710144043,14.031148138308374,13.683985710144043,13.857566924226209,5261200
1997-09-09,13.597197532653809,13.72738346647709,13.495941806346812,13.683988155202663,8264600
1997-09-10,13.336822509765625,13.698450018164909,13.322357409429653,13.597194315813109,6071800
1997-09-11,13.0212984085083,13.340305719184451,12.847294420866765,13.340305719184451,15022400
1997-09-12,13.23880672454834,13.282307732405563,12.77479597407129,13.021301685262223,13883800
1997-09-15,13.354804992675781,13.470807641906408,13.238802343445156,13.238802343445156,7217600
1997-09-16,13.746317863464355,13.949322557650538,13.441810822185081,13.441810822185081,9876400
1997-09-17,13.70281982421875,13.905824562355324,13.644818470465443,13.74632083953373,6530000
1997-09-18,13.644811630249023,13.760814279602894,13.572309974402854,13.702812954925959,7354800
1997-09-19,13.731826782226562,13.731826782226562,13.48532091601975,13.644824711800629,10150800
1997-09-22,13.884064674377441,13.963816481906504,13.833313524131675,13.833313524131675,5835000
1997-09-23,13.862324714660645,13.963827092278454,13.775322676702524,13.884075224150175,4942000
1997-09-24,14.065322875976562,14.181325538871215,13.862318215910921,13.862318215910921,9592800
1997-09-25,14.2103271484375,14.39883148816167,14.02182280871333,14.065323810188138,10278200
1997-09-26,14.369828224182129,14.369828224182129,14.25382557454191,14.25382557454191,5492200
1997-09-29,14.514829635620117,14.64533259937694,14.456828318394862,14.456828318394862,8656800
1997-09-30,14.15233325958252,14.500341454490286,14.123332576673539,14.500341454490286,6843200
1997-10-01,14.369828224182129,14.369828224182129,14.152323256106719,14.152323256106719,6044800
1997-10-02,14.587336540222168,14.587336540222168,14.326330518627737,14.369831522226809,6401600
1997-10-03,14.47132682800293,14.775833705145276,14.181320278343552,14.58732944786668,8069800
1997-10-06,14.587336540222168,14.688838881953338,14.558335871156121,14.558335871156121,4511000
1997-10-07,14.80484390258789,14.906346260392118,14.616339523808614,14.616339523808614,6927400
1997-10-08,14.55833911895752,14.87734654985101,14.500337767885975,14.804844861011581,6040800
1997-10-09,14.340826988220215,14.442329302595889,14.28282566571983,14.442329302595889,5424000
1997-10-10,14.311830520629883,14.35533152525186,14.12332616726799,14.340831190377868,3591200
1997-10-13,14.224830627441406,14.297332312596561,14.195829953379345,14.297332312596561,3216400
1997-10-14,14.094328880310059,14.427836662457313,14.007326850184688,14.224831925498115,6600200
1997-10-15,13.87681770324707,14.050821686986845,13.833316707312127,14.050821686986845,6319200
1997-10-16,13.673811912536621,14.13782249705536,13.586809927939358,13.876816543263569,7278600
1997-10-17,13.572310447692871,13.717313764441727,13.238802819170504,13.67381276941707,11165600
1997-10-20,13.644811630249023,13.717313286095191,13.340304675695112,13.572309974402854,8186800
1997-10-21,13.920316696166992,13.949317355950672,13.61580976843834,13.64481042822202,6119400
1997-10-22,13.760818481445312,13.963823179801725,13.659316132267108,13.920322173011066,4598200
1997-10-23,13.383810043334961,13.543313738325951,13.180805340619154,13.543313738325951,13684000
1997-10-24,12.876290321350098,13.73180961071908,12.789288359719354,13.383801764196104,15190400
1997-10-27,12.426788330078125,13.195306161459852,12.325285974989972,12.87629875975423,16333400
1997-10-28,13.398308753967285,13.441809756415232,11.600267319452195,12.426786365963164,25395200
1997-10-29,13.253301620483398,13.673811190498737,13.093797990477581,13.398304920488687,14566400
1997-10-30,12.99229907989502,13.601313099265099,12.99229907989502,13.25330508819648,9341400
1997-10-31,13.137301445007324,13.369306768539463,13.064799781403531,13.064799781403531,8183600
1997-11-03,13.514318466186523,13.557819491292273,13.224311632148185,13.224311632148185,6505000
1997-11-04,13.47081184387207,13.49981251522594,13.26780714439499,13.49981251522594,6270600
1997-11-05,13.369306564331055,13.615812216818721,13.340305899332506,13.470808891825977,5635600
1997-11-06,13.427311897277832,13.528814255032632,13.238807518590345,13.369310549989374,6092000
1997-11-07,13.224300384521484,13.325802690104435,12.977794785248607,13.325802690104435,7584800
1997-11-10,12.934303283691406,13.325812463803143,12.905302603683129,13.224310083774174,6303800
1997-11-11,13.122802734375,13.180804072427486,12.992299723756906,12.992299723756906,4647200
1997-11-12,13.093802452087402,13.369308815974069,13.00680044243898,13.12280312197021,7542400
1997-11-13,13.325801849365234,13.369302834727689,13.166298236369567,13.166298236369567,7904800
1997-11-14,13.354804992675781,13.412806317291095,13.108299363060702,13.325804330368126,6647400
1997-11-17,13.833319664001465,13.949322344622022,13.514312292294932,13.514312292294932,8549800
1997-11-18,13.862324714660645,14.050829130236574,13.74632199738315,13.83332403534127,7615600
1997-11-19,14.41333293914795,14.41333293914795,13.804318871296628,13.862320211091992,10506400
1997-11-20,14.732346534729004,14.80484824011645,14.529341759644154,14.529341759644154,10096600
1997-11-21,14.790336608886719,14.790336608886719,14.485829678703757,14.732335288851868,9488000
1997-11-24,14.514829635620117,14.746834904521139,14.514829635620117,14.746834904521139,6105200
1997-11-25,14.877339363098145,14.920840355387906,14.543831755543314,14.543831755543314,7393200
1997-11-26,14.50299072265625,14.895356203128914,14.50299072265625,14.895356203128914,6400400
1997-11-28,14.532058715820312,14.648315185546876,14.517526657104494,14.517526657104494,1953200
1997-12-01,15.011616706848145,15.055212883150705,14.546590826287506,14.546590826287506,7679400
1997-12-02,15.316794395446777,15.38945471041569,15.09881345054004,15.09881345054004,11096000
1997-12-03,15.302261352539062,15.374921662855012,15.069748359528022,15.316793414602254,6606400
1997-12-04,15.069746971130371,15.345856124892645,14.997086667508722,15.302259942719655,6271800
1997-12-05,15.36038875579834,15.462113184644686,15.0552154692593,15.069747530523063,5987400
1997-12-08,14.77910327911377,15.287725319201265,14.648314754519843,15.287725319201265,10053200
1997-12-09,14.793647766113281,14.866308118599102,14.619262920147309,14.779115695616117,6445200
1997-12-10,14.851765632629395,14.909893873852994,14.6337847280409,14.793637391405797,6047600
1997-12-11,14.793647766113281,14.909904330090596,14.691923272633131,14.851776048101938,6752200
1997-12-12,15.09880256652832,15.185994881638205,14.851757673716982,14.851757673716982,6554600
1997-12-15,15.316794395446777,15.418518836403255,15.113345513533822,15.113345513533822,7177200
1997-12-16,15.273193359375,15.389449826430186,15.127872775556018,15.316789534520694,4456200
1997-12-17,15.316794395446777,15.418518836403255,15.200537891496518,15.27319820646543,4877400
1997-12-18,14.938960075378418,15.433050194602995,14.924428013048283,15.316793695961918,7065800
1997-12-19,15.215072631835938,15.302265025141587,14.473937288737911,14.938963386368044,15696800
1997-12-22,15.36038875579834,15.505709368435978,15.142407836841883,15.215068143160702,7435400
1997-12-23,15.113344192504883,15.360389241805445,15.069748007334196,15.360389241805445,4260800
1997-12-24,15.026153564453125,15.142410071721622,14.968025310818877,15.113345944904498,2728200
1997-12-26,14.968027114868164,15.186008092269157,14.968027114868164,15.026155375508429,1067400
1997-12-29,15.418511390686035,15.433043446662177,15.185998495067773,15.185998495067773,3854800
1997-12-30,15.592907905578613,15.621972039605787,15.47665136946992,15.47665136946992,4494400
1997-12-31,15.505708694458008,15.563836936986435,15.389452209401153,15.563836936986435,3640600
1998-01-02,15.563838958740234,15.578371021260066,15.33132595842292,15.505710708660905,5443200
1998-01-05,15.447578430175781,15.549302841287004,15.17146931430246,15.549302841287004,7691600
1998-01-06,15.374917984008789,15.491174452696947,15.302257691078692,15.447578276938888,5448200
1998-01-07,15.38945198059082,15.38945198059082,15.14240695351807,15.374919920174777,5357200
1998-01-08,15.491175651550293,15.578368009814179,15.287726815601227,15.38945123357576,6323800
1998-01-09,14.909889221191406,15.505703507808217,14.895357165420265,15.491171452037076,8747200
1998-01-12,15.36038875579834,15.389452878325868,14.473933018708747,14.909894856621662,8895200
1998-01-13,15.200540542602539,15.38945739447045,15.02615575626293,15.360393263413847,6400000
1998-01-14,15.026153564453125,15.171474198538746,14.938961184001753,15.171474198538746,5673200
1998-01-15,14.822697639465332,14.98255026106741,14.779101469937494,14.98255026106741,4166800
1998-01-16,15.113344192504883,15.15694037767557,14.953491513545696,14.953491513545696,8217000
1998-01-20,15.331320762634277,15.331320762634277,15.12787195630548,15.12787195630548,4942000
1998-01-21,15.229596138000488,15.331320539685606,15.113339678931782,15.331320539685606,4477400
1998-01-22,15.215072631835938,15.345861221794411,15.040687845224637,15.229604697386879,5446400
1998-01-23,14.837235450744629,15.2586652529695,14.793639264307572,15.215069066532445,5033800
1998-01-26,14.662848472595215,14.953489671259144,14.517527873263251,14.837233191793572,5051800
1998-01-27,14.706441879272461,14.90989067997386,14.604717478921764,14.66284570769359,5669200
1998-01-28,14.909889221191406,15.055209778902825,14.502991659599438,14.706440440395422,10064600
1998-01-29,15.055216789245605,15.24413360223807,14.92442822640467,14.92442822640467,6681000
1998-01-30,15.055216789245605,15.113345039397133,14.997088539094078,15.055216789245605,4994800
1998-02-02,15.505708694458008,15.607433118882756,15.171471299919551,15.171471299919551,10112200
1998-02-03,15.694624900817871,15.72368902100457,15.462111939324274,15.505708119604323,7294600
1998-02-04,15.592907905578613,15.680100307660133,15.52024757051068,15.680100307660133,5980800
1998-02-05,15.709165573120117,15.723697641180358,15.53478075639723,15.592909028638193,7490600
1998-02-06,15.62196159362793,15.825410395777503,15.62196159362793,15.709153937406318,4298600
1998-02-09,15.665555953979492,15.68008800959543,15.578363620283874,15.621959787131683,3552000
1998-02-10,15.796350479125977,15.898074907234424,15.66556192870083,15.66556192870083,5323400
1998-02-11,16.014326095581055,16.014326095581055,15.767281137663742,15.796345250359897,4338000
1998-02-12,16.101526260375977,16.174186577435435,15.79635292872625,16.014333879904626,5871600
1998-02-13,15.94166374206543,16.086984286660375,15.869003469767957,16.086984286660375,4396200
1998-02-17,15.927140235900879,16.101524983009284,15.85447992460571,15.941672298159913,4680800
1998-02-18,16.072460174560547,16.232312852607713,15.839947188310123,15.927139558154032,4588800
1998-02-19,15.985268592834473,16.04339684226296,15.912608281048863,16.04339684226296,3483200
1998-02-20,16.17418098449707,16.20324510127065,15.927135991921643,15.985264225468804,5884200
1998-02-23,16.086984634399414,16.217773127362012,15.956196141436818,16.174176963041145,4430200
1998-02-24,15.883544921875,16.0579296785653,15.825416669644898,16.0579296785653,4511200
1998-02-25,15.956209182739258,16.057933649295883,15.912612982786419,15.912612982786419,3796400
1998-02-26,16.014326095581055,16.10151843366952,15.898069644796436,15.956197870188745,2958600
1998-02-27,15.956209182739258,16.028869515993993,15.883548849484526,16.014337449343046,3544200
1998-03-02,15.810877799987793,15.970730424803847,15.796345743186334,15.956198368002386,5421800
1998-03-03,15.85447883605957,15.869010897320853,15.709158223446742,15.810882652275723,3897800
1998-03-04,15.985268592834473,15.985268592834473,15.723691470406273,15.854480031620373,5010400
1998-03-05,16.116052627563477,16.23230909376772,15.898071753430516,15.9852641030837,7645400
1998-03-06,16.392162322998047,16.450290558185984,16.174181441043284,16.174181441043284,9568800
1998-03-09,16.871726989746094,17.017047635652606,16.392168858254603,16.392168858254603,9636000
1998-03-10,16.886253356933594,16.958913655371344,16.871721297246044,16.871721297246044,5093400
1998-03-11,16.877517700195312,16.89207983798668,16.746458460073004,16.89207983798668,4748400
1998-03-12,16.688209533691406,16.87751732072281,16.688209533691406,16.87751732072281,4878600
1998-03-13,16.44064712524414,16.7755761632252,16.396960728985743,16.688203370708404,4027200
1998-03-16,16.717330932617188,16.819265877328267,16.498898908236303,16.498898908236303,4828000
1998-03-17,16.877517700195312,16.877517700195312,16.62996135774206,16.717334184490266,4683000
1998-03-18,17.43087387084961,17.474560271528432,16.83382639490572,16.877512795584543,8973400
1998-03-19,17.459999084472656,17.532809756217745,17.29981560663346,17.43087481577462,5914400
1998-03-20,18.057052612304688,18.057052612304688,17.460004904962357,17.460004904962357,10567600
1998-03-23,17.678442001342773,17.853187721290148,17.532820568053296,17.853187721290148,7623200
1998-03-24,17.707557678222656,17.882303313205117,17.57649845198581,17.678433405725578,5543200
1998-03-25,17.751249313354492,17.79493573496242,17.576503626922783,17.707562891746562,5285200
1998-03-26,17.809486389160156,17.92598343831247,17.547368028567448,17.751237864584,4528000
1998-03-27,17.489124298095703,17.8240534062191,17.445437892688304,17.8094912710833,5057400
1998-03-30,18.260915756225586,18.479347762879,17.78036534158807,17.78036534158807,10732000
1998-03-31,18.0424861907959,18.33372890574014,17.969675512059837,18.260918227004083,6896200
1998-04-01,18.785158157348633,18.799720295455103,18.04248911391857,18.04248911391857,8855000
1998-04-02,18.901649475097656,18.959898009689635,18.595844668489757,18.785152405913696,6690000
1998-04-03,18.741474151611328,18.90165769136869,18.595852751831906,18.90165769136869,6801200
1998-04-06,18.464799880981445,18.945350666527492,18.464799880981445,18.741480636295837,7718800
1998-04-07,18.406551361083984,18.435675651212282,18.158994894993455,18.435675651212282,6177200
1998-04-08,18.18811798095703,18.479360862957943,17.99881010765644,18.406550142457718,5503200
1998-04-09,18.304615020751953,18.37742574080268,18.129869292630218,18.188117868670794,3912000
1998-04-13,18.11529541015625,18.246354621322975,17.91142552611912,18.246354621322975,5482600
1998-04-14,18.129859924316406,18.173546333772588,17.89686574055009,18.11529778783101,4980600
1998-04-15,17.867740631103516,18.173545482980593,17.62018432244112,18.129859075569584,6630600
1998-04-16,17.43087387084961,17.92598641187625,17.212441867455503,17.86773787763782,7165000
1998-04-17,17.896873474121094,17.940559902454993,17.168766335222756,17.430884905226158,8330600
1998-04-20,17.54737663269043,17.96967864293775,17.47456594126848,17.8968679515158,6923400
1998-04-21,17.401758193969727,17.649314586687286,17.28526106798499,17.547379601450643,5545200
1998-04-22,17.649307250976562,17.824052867322866,17.241567479501857,17.401750961152633,6809400
1998-04-23,17.416316986083984,17.620186917359213,17.34350629634283,17.620186917359213,5773000
1998-04-24,17.154205322265625,17.460010340744045,17.00858388489495,17.416323909532842,4950200
1998-04-27,16.86295509338379,17.1105114289516,16.746457994293053,17.1105114289516,6224600
1998-04-28,16.877517700195312,17.256133282770875,16.877517700195312,16.877517700195312,5871600
1998-04-29,17.168760299682617,17.32894381392902,16.92120395948363,16.92120395948363,5490400
1998-04-30,17.678442001342773,17.72212843132962,17.28526413146118,17.28526413146118,5719200
1998-05-01,17.751249313354492,17.780373594426443,17.489130783706926,17.67843861067461,4886600
1998-05-04,17.765811920166016,17.896871188429536,17.736687638329677,17.751249779247846,4467400
1998-05-05,17.722122192382812,17.765808606990166,17.430879428333792,17.765808606990166,3733400
1998-05-06,17.707557678222656,17.85317904070804,17.620184860731428,17.722119814471196,4714200
1998-05-07,17.634746551513672,17.76580577443987,17.56193587211023,17.707557230917114,5112200
1998-05-08,17.809486389160156,18.057042618608826,17.649302946575723,17.649302946575723,5470000
1998-05-11,18.0424861907959,18.158983276773597,17.91142696907099,17.91142696907099,5788400
1998-05-12,18.11529541015625,18.14441967930441,17.88230125697096,18.042484737285847,4218400
1998-05-13,17.998809814453125,18.217241972395517,17.94056123900182,18.11530696535573,4853800
1998-05-14,18.11529541015625,18.275478890471135,17.91142552611912,17.998798333563606,4586200
1998-05-15,17.911426544189453,18.231793523028614,17.882302273385893,18.115296439814376,5917800
1998-05-18,18.02792739868164,18.115300229369918,17.91143029109727,17.91143029109727,4417000
1998-05-19,18.18811798095703,18.26092870145726,18.08618297225671,18.08618297225671,4154400
1998-05-20,18.595840454101562,18.610402584449332,18.12985228297294,18.18810080436402,5574400
1998-05-21,18.508472442626953,18.857963661055788,18.46478604032335,18.595845247234163,6537400
1998-05-22,18.362865447998047,18.5812976301709,18.246368284172526,18.50848690277995,3618600
1998-05-26,18.02792739868164,18.40654299833085,18.02792739868164,18.362856582986712,4409400
1998-05-27,18.231794357299805,18.231794357299805,17.82405454739214,18.02792445234597,6239800
1998-05-28,18.391986846923828,18.450235419677348,18.11530612634461,18.23180327185165,4448800
1998-05-29,18.260915756225586,18.56672056554037,18.260915756225586,18.391974960217635,5249000
1998-06-01,18.52303695678711,18.581285500676376,18.275480645257723,18.275480645257723,4791800
1998-06-02,18.552162170410156,18.683221400813366,18.45022721342988,18.52303789698722,6249600
1998-06-03,18.508472442626953,18.624969515436565,18.46478604032335,18.552158844930556,4311200
1998-06-04,18.6832275390625,18.726913963549784,18.31917400166845,18.508481841113355,5252800
1998-06-05,19.120086669921875,19.120086669921875,18.654098266694533,18.683222541896242,6399000
1998-06-08,18.887094497680664,19.28027225514973,18.82884594101858,19.120088724329,5750800
1998-06-09,19.018152236938477,19.207460031027452,18.81428230484266,18.88709299487688,4434600
1998-06-10,18.930774688720703,19.163768838735727,18.82883974808913,19.018147494976336,4824600
1998-06-11,18.601070404052734,18.980386349547143,18.57189225439932,18.965797274720437,4921800
1998-06-12,18.834487915039062,18.907433259404048,18.49893933096013,18.60106281307111,6615600
1998-06-15,18.513532638549805,18.95120480494578,18.513532638549805,18.834492227240187,7135400
1998-06-16,18.44057846069336,18.46975659116914,18.14879715593555,18.46975659116914,8235400
1998-06-17,18.746965408325195,19.067925127378235,18.411416611133383,18.440594767410932,9051800
1998-06-18,18.994970321655273,19.05332660528555,18.703188903503886,18.746956116226595,5445800
1998-06-19,18.761547088623047,19.067917608732753,18.65942358191981,18.994972246801872,9234000
1998-06-22,18.936614990234375,19.111683849928376,18.717778915616872,18.761546130540374,4806400
1998-06-23,19.272157669067383,19.31592487043544,18.86366378963219,18.936609125245617,6769400
1998-06-24,19.63689613342285,19.69525243693971,19.140867553529556,19.272169236442487,6937600
1998-06-25,19.811952590942383,20.191268325378687,19.563938456887875,19.63688379043332,9885000
1998-06-26,20.030786514282227,20.118320905458987,19.78277240594807,19.811950536340323,8196000
1998-06-29,20.07455825805664,20.26421614857607,20.059969189555147,20.059969189555147,5139000
1998-06-30,19.95785140991211,20.118331209260816,19.85572790123566,20.074563991256625,5523000
1998-07-01,20.01621437072754,20.030803448257224,19.78278913025258,19.9578580606088,4725000
1998-07-02,19.92867660522461,19.972443830565513,19.85573122965644,19.972443830565513,3156400
1998-07-06,20.2496280670166,20.33716248229189,19.84113412906526,19.928668544340546,4839200
1998-07-07,20.05997085571289,20.453875737970524,20.016203646573153,20.249628761985086,5350400
1998-07-08,20.351760864257812,20.395528091922884,20.001623042937247,20.059979346490675,3905800
1998-07-09,20.23504066467285,20.38093136881613,19.957848326800622,20.351753227987476,5358600
1998-07-10,20.351760864257812,20.526829774918095,20.118335650044102,20.235048257150957,4149800
1998-07-13,20.2788143157959,20.483061366458593,20.147512640369882,20.351759691032576,4086800
1998-07-14,20.52682113647461,20.570588345720825,20.235039741499847,20.278806950746063,4133400
1998-07-15,20.49764060974121,20.760243834634693,20.468462473641935,20.526818745840487,4610600
1998-07-16,20.351760864257812,20.424706243699596,20.074568422379034,20.424706243699596,7432400
1998-07-17,20.10373306274414,20.3079799879099,20.089143996660873,20.3079799879099,4504600
1998-07-20,19.7390193939209,20.103746285900222,19.65148493984586,20.103746285900222,4772200
1998-07-21,19.666072845458984,19.841141743193038,19.63689469583664,19.73901821951484,5066000
1998-07-22,19.578535079956055,19.709836731013883,19.491000645917502,19.666069513994607,6065000
1998-07-23,19.37429428100586,19.75361028349543,19.37429428100586,19.578541359269476,5557200
1998-07-24,19.476396560668945,19.666054354892687,19.330505949727605,19.374273133010007,5388400
1998-07-27,19.82655143737793,20.01620939814755,19.25757755506907,19.4764136636494,5778200
1998-07-28,19.461820602416992,19.695245737078665,19.155450113173544,19.695245737078665,7995600
1998-07-29,19.111679077148438,19.520172981087487,18.922021193176736,19.461816709096194,5920800
1998-07-30,19.31593132019043,19.60771276007246,19.170040600249415,19.170040600249415,5448400
1998-07-31,18.79071807861328,19.418047952355806,18.528114875651294,19.315924484537256,7155400
1998-08-03,19.170032501220703,19.520170081151676,18.790716789628817,18.790716789628817,7708600
1998-08-04,18.353050231933594,19.155449089450563,18.353050231933594,19.155449089450563,10426400
1998-08-05,18.761547088623047,18.96579410202952,18.11962790363128,18.3530530618101,10670800
1998-08-06,19.053325653076172,19.184627284682364,18.644831688079133,18.76154424950686,7165400
1998-08-07,18.77614402770996,19.126281911676582,18.498951536236387,19.053336519183535,7050600
1998-08-10,18.70319175720215,19.05332951240718,18.586479172133807,18.776137122869866,5342400
1998-08-11,18.557289123535156,18.586467251087885,18.265507848007875,18.586467251087885,9676400
1998-08-12,18.601070404052734,18.659426703359568,18.309288907518575,18.55730317957261,7563600
1998-08-13,18.382226943969727,18.630241117023285,18.17797997792562,18.601062979016984,7293000
1998-08-14,17.929975509643555,18.48436043182944,17.63819397165098,18.382236893532042,8536600
1998-08-17,18.455171585083008,18.528116927316535,17.681950957407594,17.929965121001594,6840800
1998-08-18,18.455171585083008,18.542705995763242,18.236335558382418,18.455171585083008,6955000
1998-08-19,18.367639541625977,18.455173963587658,18.221748838356508,18.455173963587658,6990000
1998-08-20,18.5427188873291,18.70319875181425,18.25093731553793,18.3676499442544,6390800
1998-08-21,18.513532638549805,18.5864779996158,17.929969750021836,18.5427107829762,9367000
1998-08-24,18.586477279663086,18.746957067792046,18.52812099307074,18.52812099307074,7309600
1998-08-25,18.70319175720215,19.009562293006553,18.46976658706546,18.586479172133807,8049000
1998-08-26,18.484344482421875,18.717769511402736,18.280097582063622,18.70318044709143,7588200
1998-08-27,17.448535919189453,17.90079730171025,17.419357765478434,17.90079730171025,14306800
1998-08-28,16.981685638427734,17.550659641777116,16.82120579132919,17.448536102714407,11394400
1998-08-31,15.201813697814941,17.098393141880145,15.187224625168287,16.981680560706902,17622600
1998-09-01,15.93126106262207,16.31057680220831,15.347698386335548,15.347698386335548,21049400
1998-09-02,14.997559547424316,16.0187941469571,14.968381416009093,15.931259752711433,13993000
1998-09-03,14.457765579223633,14.734957855717326,14.195162369913819,14.734957855717326,16590400
1998-09-04,14.501538276672363,14.851676021783165,13.97633165900616,14.457771058533513,11775400
1998-09-08,14.822502136230469,15.172639981968196,14.457775213587002,14.501542444304219,12435000
1998-09-09,14.61824893951416,15.143455488239221,14.61824893951416,14.822495930685017,9759000
1998-09-10,14.209753036499023,14.355643724758767,14.049273279413306,14.355643724758767,8980000
1998-09-11,14.610489845275879,14.742115879918003,14.054735476786906,14.244861971269975,10586400
1998-09-14,14.815239906311035,15.136992401808413,14.75673945258424,14.75673945258424,9153400
1998-09-15,14.317981719970703,14.712859663218108,14.186355738888235,14.712859663218108,9017400
1998-09-16,14.610489845275879,14.625114960236115,14.15711128150856,14.317987546071157,11189800
1998-09-17,14.230232238769531,14.449608891987973,14.083981136623905,14.449608891987973,8112600
1998-09-18,14.361856460571289,14.434982002631225,14.069354292331548,14.230230484863407,11760200
1998-09-21,13.8499755859375,14.25947855996733,13.820725373506798,14.25947855996733,9576600
1998-09-22,13.19184684753418,14.040103074980944,13.104096203315548,13.849976679173912,18296200
1998-09-23,13.572107315063477,13.966985437376746,13.250354770956369,13.250354770956369,19143800
1998-09-24,13.264974594116211,13.630602339268256,13.01634772741282,13.57210190004393,13441200
1998-09-25,13.147972106933594,13.250347863049873,12.548342678252528,13.250347863049873,22417400
1998-09-28,13.396597862243652,13.455098289589694,13.045595298167399,13.147971046022972,10600400
1998-09-29,13.732978820800781,13.893855037018893,13.44047660949512,13.44047660949512,11792600
1998-09-30,13.484344482421875,13.747596326981087,13.411218970044317,13.732971224505576,8855600
1998-10-01,13.162601470947266,13.367353049384223,12.957849892510309,13.367353049384223,10727400
1998-10-02,13.791475296020508,13.923101253246578,13.001719552664083,13.162595722607058,9135000
1998-10-05,14.376483917236328,14.56661035764739,13.703728820397192,13.791479485202297,13577600
1998-10-06,14.698233604431152,14.990735765713366,14.332605902828387,14.37648122702072,11782600
1998-10-07,14.815239906311035,15.16624262867181,14.566612977972154,14.698238998857445,14195000
1998-10-08,15.093117713928223,15.356369767078133,14.654364292011705,14.815240546714428,19223400
1998-10-09,14.932233810424805,15.297861474734912,14.68360699869393,15.093109982721252,12344200
1998-10-12,14.66898250579834,15.180861257246937,14.63973229142985,14.932234435114761,6925600
1998-10-13,14.976115226745605,15.107741239480674,14.625112526118755,14.668987863697112,6529800
1998-10-14,15.063862800598145,15.38561520993131,14.815235938840699,14.976112143507281,7365000
1998-10-15,15.79511833190918,15.941369427575005,14.88836153878106,15.06386285358005,9293400
1998-10-16,16.18999481201172,16.248495244936784,15.809741997998795,15.809741997998795,12202000
1998-10-19,15.999865531921387,16.21924211599709,15.98524042631634,16.189991904786996,5674200
1998-10-20,15.692749977111816,16.394755567886623,15.663499744162866,15.999877423075795,9094600
1998-10-21,15.67811393737793,15.838990106511472,15.56111308709899,15.692739043662797,6495200
1998-10-22,16.175382614135742,16.29238357337,15.502627098538778,15.67812853739016,5868600
1998-10-23,16.43861961364746,16.43861961364746,16.102242166037236,16.175367698126415,5981000
1998-10-26,16.350879669189453,16.52638106098755,16.19000339337453,16.438630365088503,5451200
1998-10-27,15.912113189697266,16.511742455117844,15.824362565489375,16.350866310736713,5916400
1998-10-28,15.809741020202637,16.058367844757164,15.7951159128759,15.912116771489796,4026400
1998-10-29,15.868242263793945,15.897492479948404,15.414863913399833,15.809741831485027,7195600
1998-10-30,15.809741020202637,16.02911763010369,15.60498951762832,15.868241449509584,6692400
1998-11-02,16.6141300201416,16.731130935776402,15.926749640787152,15.926749640787152,9283200
1998-11-03,17.067506790161133,17.257633258260615,16.46787716000123,16.614128289308525,8025800
1998-11-04,16.87737274169922,17.18449997530033,16.67262125263181,17.06749912440467,7711200
1998-11-05,17.008995056152344,17.023620159382055,16.467866236653087,16.877369127084958,6525200
1998-11-06,16.994375228881836,17.052875659962325,16.774998612330005,17.009000336651958,4482200
1998-11-09,16.745759963989258,16.979761849948932,16.526383195902064,16.979761849948932,5172600
1998-11-10,16.87737274169922,16.97974848623292,16.55562040173615,16.7457467844416,4875200
1998-11-11,16.701873779296875,16.760374212849577,16.380121394757005,16.760374212849577,4811800
1998-11-12,16.51175308227539,16.599503762960644,16.424002401590137,16.599503762960644,3060800
1998-11-13,16.321626663208008,16.584878706162975,16.21925086872552,16.511753138675484,4091800
1998-11-16,16.380117416381836,16.482493150234223,16.05836510998862,16.321616997037616,5620600
1998-11-17,16.423999786376953,16.83350289770247,16.394749564139417,16.394749564139417,5343400
1998-11-18,16.59950065612793,16.614125766838175,16.292373331212787,16.423999327604992,4803200
1998-11-19,16.701873779296875,16.921250405119512,16.584872912191468,16.59949802057964,5638400
1998-11-20,17.038253784179688,17.052878894724046,16.760376683836842,16.760376683836842,7155000
1998-11-23,17.652503967285156,17.652503967285156,17.05287458645774,17.05287458645774,7152400
1998-11-24,17.19912338256836,17.62325142516571,17.125997857982608,17.62325142516571,5388600
1998-11-25,17.155250549316406,17.345376940741055,17.05287480008775,17.199125870414402,3677600
1998-11-27,16.80938720703125,17.087833900085823,16.78007702881498,17.087833900085823,2473200
1998-11-30,16.42835235595703,16.706799006058,16.355076921719935,16.706799006058,5605600
1998-12-01,16.3843994140625,16.530950392721376,16.208538239671846,16.42836470766016,5802800
1998-12-02,16.311115264892578,16.355080535148353,16.061978733443187,16.355080535148353,4906600
1998-12-03,15.974048614501953,16.237840242998317,15.974048614501953,16.237840242998317,5482600
1998-12-04,16.179218292236328,16.369734449663024,16.0326674019081,16.0326674019081,4587800
1998-12-07,16.091299057006836,16.193884752270087,15.886127666480338,16.179229652946766,4261200
1998-12-08,16.091299057006836,16.091299057006836,15.724921573923803,16.091299057006836,5514400
1998-12-09,15.739570617675781,15.856811367155675,15.3878483692361,15.856811367155675,9133600
1998-12-10,15.490439414978027,15.680955699173595,15.314578229566735,15.680955699173595,7677400
1998-12-11,14.743026733398438,15.06543884884055,14.523200291051543,15.06543884884055,20779000
1998-12-14,14.874923706054688,15.050784873022822,14.611131955602486,14.743027830828588,12979600
1998-12-15,15.461129188537598,15.461129188537598,14.977510929559644,14.977510929559644,8851200
1998-12-16,15.211982727050781,15.666290496355765,15.138707280388687,15.461119245701902,7611800
1998-12-17,15.182680130004883,15.446471869715392,15.109404646751964,15.21199032330605,5113400
1998-12-18,15.373201370239258,15.38785647164082,15.168029950617381,15.182685052018943,9373800
1998-12-21,15.417156219482422,15.724913140213536,15.373190945092263,15.373190945092263,7210800
1998-12-22,15.812851905822754,15.988713094766103,15.241303041756872,15.41716423070022,7083000
1998-12-23,16.399049758911133,16.48698032062111,15.856811295032928,15.856811295032928,6984000
1998-12-24,16.281814575195312,16.443020660098238,16.281814575195312,16.39905536421562,2035000
1998-12-28,16.149906158447266,16.39904264183529,15.88611458780112,16.281801943770336,3217400
1998-12-29,16.25249671936035,16.38439254485561,16.076635618700006,16.149911077308484,4220600
1998-12-30,15.900773048400879,16.340425759416572,15.900773048400879,16.252495217213433,4415400
1998-12-31,15.710256576538086,15.90077274770879,15.490430225187273,15.90077274770879,5425000
1999-01-04,15.75422477722168,16.149912283254224,15.505088199349338,15.71025949877362,7358200
1999-01-05,16.076637268066406,16.149912734192508,15.651639564535024,15.754225217111566,6733800
1999-01-06,16.47232437133789,16.501634557052014,15.944741028483651,16.076636864197212,9957800
1999-01-07,16.281814575195312,16.41371046284316,16.00336770127208,16.41371046284316,6032000
1999-01-08,15.94473934173584,16.267151350484173,15.666292606907732,16.267151350484173,8961600
1999-01-11,15.490439414978027,15.739576094310692,15.29992313078246,15.739576094310692,10087600
1999-01-12,15.343888282775879,15.607680058410995,15.299922986836693,15.490439269239832,8370000
1999-01-13,15.285261154174805,15.373191707314833,14.91888384942469,15.343881522934824,8561400
1999-01-14,14.88957691192627,15.255954296570126,14.71371576729722,15.255954296570126,10179400
1999-01-15,15.197331428527832,15.24129670749175,14.904229568768375,14.904229568768375,9702600
1999-01-19,15.036128997802734,15.255955445139032,14.713716875042833,15.197335059182686,8228400
1999-01-20,14.874923706054688,15.050784873022822,14.772338025323277,15.036129775775478,7395200
1999-01-21,14.43526840209961,14.816300867535741,14.288717453854943,14.816300867535741,12716600
1999-01-22,14.274054527282715,14.405950308335635,13.966297704825902,14.405950308335635,15610600
1999-01-25,14.757676124572754,14.77233121506389,14.083541961980552,14.274058138365305,10226800
1999-01-26,14.669750213623047,14.830956259926598,14.083546408882865,14.757680784334076,11162000
1999-01-27,14.99216365814209,15.18267991186237,14.435269993421269,14.669751536461614,9598600
1999-01-28,15.270604133605957,15.402499946660136,14.904226875122129,14.992157417158248,10326600
1999-01-29,15.314573287963867,15.446469134463078,15.124057065242784,15.270608005797463,8236000
1999-02-01,15.006814956665039,15.431812645867467,15.006814956665039,15.314571904018521,7864400
1999-02-02,15.29992389678955,15.29992389678955,14.81630561269563,15.006821906429598,8544600
1999-02-03,15.124062538146973,15.446474724037703,15.036131941994954,15.299923730451006,8492600
1999-02-04,14.904221534729004,15.050772385611296,14.684395258405567,15.050772385611296,8295600
1999-02-05,14.552511215209961,14.992164122013888,14.493890827636104,14.904233540653102,6035000
1999-02-08,14.420610427856445,14.684402082024551,14.37664515216176,14.552506254940498,5983000
1999-02-09,14.523193359375,14.860260410097125,14.376642467756685,14.42060773524218,8243600
1999-02-10,14.918886184692383,14.918886184692383,14.537853728108884,14.537853728108884,5970200
1999-02-11,15.094747543334961,15.211988300953095,14.743025270480553,14.918886406907756,5863800
1999-02-12,14.97750473022461,15.226641305971986,14.69905796909519,15.094745471752786,5048600
1999-02-16,15.211982727050781,15.24129290571562,15.021466565729336,15.021466565729336,5821800
1999-02-17,15.080092430114746,15.299918850378809,14.889576199219224,15.211988282273184,6282000
1999-02-18,15.153371810913086,15.314577894007906,14.992165727818266,15.08009631859726,5313800
1999-02-19,15.417156219482422,15.446466402409195,15.02146874997099,15.153364573141468,9922600
1999-02-22,15.109400749206543,15.329227142259985,15.094745656336313,15.329227142259985,9985600
1999-02-23,14.713716506958008,15.09474900614218,14.552510449610859,15.09474900614218,10619200
1999-02-24,14.728365898132324,15.168018611509408,14.713710807686422,14.713710807686422,8784400
1999-02-25,15.06543254852295,15.124052908633933,14.669745117773806,14.72836547788479,8244400
1999-02-26,14.97750473022461,15.211986213280964,14.69905796909519,15.065435286370743,8363200
1999-03-01,14.933540344238281,14.992160718504183,14.684403753608201,14.977505624937708,5425000
1999-03-02,14.56716537475586,14.88957748566595,14.36199403144944,14.88957748566595,9608200
1999-03-03,14.449918746948242,14.567159467004617,14.259402576856631,14.567159467004617,6140200
1999-03-04,14.757676124572754,14.845606667519563,14.449919224258924,14.449919224258924,8276200
1999-03-05,14.99216365814209,15.08009423678222,14.786992307981787,14.786992307981787,8542800
1999-03-08,15.006814956665039,15.006814956665039,14.786988565698266,14.99215986393392,6003800
1999-03-09,14.772336959838867,15.036128691264562,14.728371671267919,15.006818498883929,6796200
1999-03-10,14.743026733398438,14.860267502650116,14.581820675677381,14.772336925711357,6008800
1999-03-11,15.603418350219727,15.66218828750869,14.986334008685613,14.986334008685613,17270800
1999-03-12,16.323345184326172,16.44088502363725,15.765030947598543,15.765030947598543,16184600
1999-03-15,16.14704132080078,16.323351144139824,16.044193923853005,16.323351144139824,8657200
1999-03-16,16.14704132080078,16.338043629418078,16.014808953296498,16.14704132080078,6542600
1999-03-17,15.706260681152344,16.205804987194607,15.66218324238391,16.147035068836693,6938800
1999-03-18,16.044185638427734,16.117648026882073,15.706258651537771,15.706258651537771,8341800
1999-03-19,15.86788272857666,16.191117376751368,15.867882728576658,16.044192536671954,8632800
1999-03-22,15.911961555480957,16.073578893532932,15.80911415853879,15.867884099648599,5739800
1999-03-23,15.485875129699707,15.632799941176934,15.236102950188421,15.632799941176934,12744000
1999-03-24,15.36833667755127,15.559338949834412,15.206719370234765,15.48587653741782,6156600
1999-03-25,15.485875129699707,15.55933753543832,15.265487912483866,15.368335280517925,5522000
1999-03-26,15.353644371032715,15.353644371032715,15.001024787391772,15.353644371032715,7042800
1999-03-29,15.236104011535645,15.956035637924504,15.192026565022042,15.353643868905255,7931400
1999-03-30,14.868791580200195,14.912869025596047,14.428017126241691,14.912869025596047,21393400
1999-03-31,14.428017616271973,14.839407120605593,14.295785275593309,14.839407120605593,13089800
1999-04-01,14.325175285339355,14.50148513500507,14.119480460729354,14.428022697644357,9611200
1999-04-05,14.222323417663574,14.383940729227932,14.13416852044665,14.325170797749983,8302400
1999-04-06,14.06070613861084,14.281093382162734,14.016628689900461,14.222323450548895,10912000
1999-04-07,13.855012893676758,14.03132270780626,13.546470718950127,14.03132270780626,15249200
1999-04-08,14.310480117797852,14.398635026121042,13.85501309146137,13.85501309146137,13011600
1999-04-09,14.281096458435059,14.442713805186896,14.060709167409826,14.310481430571757,8467400
1999-04-12,14.54555892944336,14.574943896977588,14.060706965128581,14.281094221635298,9582000
1999-04-13,14.883488655090332,15.221415840743914,14.81002622342651,14.81002622342651,11245000
1999-04-14,14.912874221801758,14.986336656391915,14.692486918031289,14.883489247965697,8003000
1999-04-15,15.10387897491455,15.162648932015387,14.912876614336838,14.912876614336838,8768000
1999-04-16,15.441800117492676,15.45649260095366,14.927563196358287,15.103872997890077,9169600
1999-04-19,15.265487670898438,15.765032022015422,15.059792938085561,15.441797441880903,12480200
1999-04-20,15.338955879211426,15.397725825108788,14.956951230878575,15.265493446839724,6711400
1999-04-21,15.882575988769531,16.014808351303227,15.397723992812644,15.397723992812644,13177000
1999-04-22,15.63279914855957,15.956033717420764,15.574029226948443,15.882571315406857,9231800
1999-04-23,15.63279914855957,15.9266487566152,15.515259305337317,15.63279914855957,5469600
1999-04-26,15.779732704162598,15.838502658368045,15.353650536173104,15.63280781864898,4614600
1999-04-27,16.323345184326172,16.323345184326172,15.823800867254084,15.823800867254084,9852200
1999-04-28,15.970727920532227,16.235192596309208,15.926650474569396,16.235192596309208,5784400
1999-04-29,15.941341400146484,16.13234364733718,15.838494036274572,15.970726361252744,5667600
1999-04-30,16.000120162963867,16.176430027018565,15.720962878210596,15.941350208278967,7045400
1999-05-03,16.22049903869629,16.264576481736224,15.809109570323557,16.00011182349661,5654800
1999-05-04,16.14704132080078,16.22050374719205,15.897269071070468,16.22050374719205,5216800
1999-05-05,16.573118209838867,16.631888132568793,16.014803943904578,16.14703627004691,10742800
1999-05-06,16.249889373779297,16.66127897817877,16.1029645150652,16.573124062950313,8282800
1999-05-07,15.926652908325195,16.235195077213415,15.88257545562688,16.235195077213415,5550200
1999-05-10,15.765030860900879,16.02949549789642,15.632798542403108,15.92664813906482,6254400
1999-05-11,15.735657691955566,15.867890109535024,15.427115384270163,15.76504267363989,5540600
1999-05-12,15.618108749389648,15.720956125914322,15.221411725651624,15.720956125914322,5440200
1999-05-13,15.456489562988281,15.603414368720108,15.383027160122367,15.603414368720108,6660000
1999-05-14,15.338955879211426,15.48588074395483,15.11856858209632,15.45649577100615,5762400
1999-05-17,15.779732704162598,15.80911768126532,15.309573070519019,15.338958047621743,6298000
1999-05-18,16.161731719970703,16.235194136879663,15.94134446924383,15.94134446924383,10695000
1999-05-19,16.088266372680664,16.161728776208886,15.867879162095997,16.161728776208886,5608400
1999-05-20,15.970727920532227,16.088267776433106,15.882573028606565,16.088267776433106,4121600
1999-05-21,15.985420227050781,16.27926986357745,15.897265336092781,15.97072774522445,6302200
1999-05-24,15.706260681152344,16.08826515047878,15.632798283204952,15.985417793352433,5638400
1999-05-25,15.75034236907959,16.17642439212372,15.67687995131336,15.706264918419851,8837600
1999-05-26,16.10295867919922,16.26457596521308,15.765031626624783,15.765031626624783,8707600
1999-05-27,16.014802932739258,16.147035250532518,15.838493175681577,16.102957811268098,6468200
1999-05-28,16.10295867919922,16.323345887399938,15.985418834825502,16.01480379591893,5551000
1999-06-01,16.249889373779297,16.323351803136347,15.91196219873687,16.1029645150652,6923400
1999-06-02,16.132356643676758,16.19112661323478,16.014816704560715,16.19112661323478,3718200
1999-06-03,16.176424026489258,16.205808992931562,16.058884160720034,16.1323465768258,4614400
1999-06-04,16.39681053161621,16.426195496726635,16.088268397956767,16.176423293288035,6448400
1999-06-07,15.926652908325195,16.323349982610047,15.89726793985965,16.323349982610047,4600000
1999-06-08,15.926652908325195,16.08827023488569,15.70626564483361,15.926652908325195,5791000
1999-06-09,15.75034236907959,15.867882237505556,15.662187467760115,15.867882237505556,4262600
1999-06-10,15.54464340209961,15.618105800030136,15.368333647066343,15.618105800030136,4696200
1999-06-11,15.184690475463867,15.611805920457517,15.081593643913676,15.582349682871747,5896600
1999-06-14,15.273059844970703,15.449797278085118,15.037409934151482,15.184691128413496,5623200
1999-06-15,15.02267837524414,15.140503303677427,14.890125330756693,15.140503303677427,7671400
1999-06-16,15.052140235900879,15.273062059324081,14.845946534039221,15.022683992777784,7770800
1999-06-17,15.214141845703125,15.346694872432387,15.037404476730776,15.052132590811805,7760200
1999-06-18,14.949036598205566,15.184686436206837,14.87539602383017,15.184686436206837,13430600
1999-06-21,14.507196426391602,14.919583735974307,14.463012071793456,14.919583735974307,12047400
1999-06-22,14.757575035095215,15.258331074210222,14.448284540347709,14.50719701553771,14922400
1999-06-23,14.551376342773438,14.963763526576733,14.521920115358915,14.757569934675084,10523600
1999-06-24,14.757575035095215,14.831215629082715,14.43355642155021,14.55138137193021,10789400
1999-06-25,14.58083438873291,14.919581046248927,14.463009464379512,14.757571775263006,6839200
1999-06-28,14.389372825622559,14.580838380108837,14.301004108167353,14.580838380108837,8389800
1999-06-29,14.418828964233398,14.418828964233398,14.22736341108219,14.389372725287059,8821600
1999-06-30,14.61030101776123,14.75758227802092,14.31573849724185,14.418835379423633,15421400
1999-07-01,15.287790298461914,15.34670278516119,14.639752944769887,14.639752944769887,14922400
1999-07-02,15.273059844970703,15.435069158658916,15.12577865070869,15.287787964396903,8407400
1999-07-06,14.993223190307617,15.199416829467053,14.890126370727899,15.199416829467053,6175800
1999-07-07,14.845946311950684,14.978499404021672,14.728121341220916,14.978499404021672,6491000
1999-07-08,14.87540054321289,15.125778572158058,14.698663111016302,14.84594430451346,5172800
1999-07-09,14.993223190307617,15.21414494654987,14.919582604893531,14.919582604893531,5405200
1999-07-12,14.860675811767578,15.081597652378592,14.728122707400969,14.993228916134187,4791800
1999-07-13,14.713395118713379,14.816491981407065,14.610298256019691,14.816491981407065,5662800
1999-07-14,14.58083438873291,14.654474966453783,14.507193811012037,14.654474966453783,5309600
1999-07-15,15.081592559814453,15.140505030751228,14.75757396966219,14.75757396966219,9338400
1999-07-16,15.317239761352539,15.317239761352539,15.007949343094458,15.081589918870192,7277000
1999-07-19,14.890129089355469,15.302516442967686,14.787032250952413,15.302516442967686,6306800
1999-07-20,14.831218719482422,15.052140547478684,14.742849988283917,14.890131206948091,5544200
1999-07-21,14.757575035095215,15.11104988623522,14.742846916297713,14.831215629082715,7261400
1999-07-22,14.87540054321289,15.007953617360332,14.625022514267723,14.757575588415165,6185000
1999-07-23,14.669210433959961,14.831219786142249,14.507201081777671,14.831219786142249,5908400
1999-07-26,14.860675811767578,14.993228916134187,14.507200866789955,14.669210216571365,5491400
1999-07-27,14.728118896484375,14.890128204345702,14.639750183105468,14.860671966552735,5647200
1999-07-28,14.463013648986816,14.669207326263614,14.404101169764875,14.669207326263614,6001800
1999-07-29,14.492469787597656,14.580838505814715,14.315732351163538,14.46301354819197,6723000
1999-07-30,14.2715482711792,14.536654431015345,14.197907671224714,14.492470071042654,5677200
1999-08-02,14.153717994689941,14.41882405494428,14.138989880231367,14.271542910358535,5161000
1999-08-03,14.330456733703613,14.404097313013498,14.168447459221866,14.168447459221866,5486000
1999-08-04,14.168450355529785,14.580837683965163,14.168450355529785,14.330459663129398,6119600
1999-08-05,14.345185279846191,14.521922675491114,14.080079186378807,14.168447884201269,7089400
1999-08-06,13.962254524230957,14.433554255006685,13.78551712519006,14.345185555486237,7642000
1999-08-09,14.080082893371582,14.19790785482239,13.91807357137672,13.962257931920774,4808600
1999-08-10,14.094810485839844,14.227363562509185,14.021169887690212,14.080082366209918,4855000
1999-08-11,14.006443977355957,14.138997074933458,13.78552214806012,14.09481270907429,6254800
1999-08-12,14.168450355529785,14.330459663129398,14.006441047930172,14.006441047930172,5596600
1999-08-13,14.094810485839844,14.301004160658819,13.97698552880043,14.168451083989478,4847400
1999-08-16,13.991714477539062,14.065355080052425,13.844433272512337,14.065355080052425,4236800
1999-08-17,14.168450355529785,14.19790659327517,13.932800453566712,13.99171292905748,3749200
1999-08-18,13.7855224609375,14.050628662109375,13.770794338650173,14.050628662109375,5697000
1999-08-19,13.682427406311035,13.814980524348494,13.59405866095273,13.785524275895725,9124000
1999-08-20,13.85916519165039,13.918077689808309,13.564602700860796,13.682427697176633,7397800
1999-08-23,13.85916519165039,14.094815184282066,13.741340195334553,13.85916519165039,7271200
1999-08-24,13.962254524230957,14.050623223751407,13.770789008603318,13.859157708123767,6457000
1999-08-25,14.448287010192871,14.55138385939914,13.976987128107067,13.976987128107067,10551000
1999-08-26,14.507196426391602,14.713390081182954,14.43355583539469,14.448283953594073,6892800
1999-08-27,14.625024795532227,14.625024795532227,14.374646727532179,14.507199822355734,5256200
1999-08-30,14.345185279846191,14.698660071136036,14.227360349416243,14.625019489617317,4504600
1999-08-31,14.094810485839844,14.433557237328158,14.080082366209918,14.345188519548598,6173800
1999-09-01,14.138996124267578,14.256821091969808,13.947530551751456,14.094811761379242,4987600
1999-09-02,14.02116870880127,14.080081182367662,13.829703169710497,14.080081182367662,4256000
1999-09-03,13.52041244506836,13.68242174451907,13.343675027485766,13.68242174451907,15629600
1999-09-07,12.872371673583984,13.549864919562088,12.666178076981952,13.520408691476085,20932600
1999-09-08,13.019659996032715,13.166941217707292,12.857650652190678,12.872378774358136,16796800
1999-09-09,12.960737228393555,13.196386996182529,12.842912344499068,13.0196496703408,8579800
1999-09-10,12.990203857421875,13.034388224283854,12.872378879123263,12.960747612847221,6515000
1999-09-13,13.087102890014648,13.175728868953799,12.954163921605922,13.028018904055214,5002200
1999-09-14,12.939390182495117,12.998474155931168,12.850764222341041,12.998474155931168,6496000
1999-09-15,12.776911735534668,13.131415644959906,12.776911735534668,12.939392694021235,7234000
1999-09-16,12.776911735534668,12.924621697795184,12.673514761952307,12.776911735534668,6510400
1999-09-17,12.762139320373535,12.939391255378723,12.658742358287174,12.7769103149573,10967400
1999-09-20,12.821224212646484,12.96893416901338,12.762140230099726,12.762140230099726,7170800
1999-09-21,12.703057289123535,12.909851244992987,12.629202304884444,12.82122526390608,7690400
1999-09-22,12.392867088317871,12.688287042747378,12.36332509287492,12.688287042747378,11921400
1999-09-23,12.03835678100586,12.570112417958265,12.00881480117517,12.39286053897413,12639800
1999-09-24,12.082671165466309,12.28946504849385,12.038358190531836,12.038358190531836,10570800
1999-09-27,12.053131103515625,12.304238001505533,12.023589115516812,12.082673091514437,9242000
1999-09-28,11.994049072265625,12.126988039815368,11.713400140771725,12.053133057843288,13730200
1999-09-29,11.550917625427246,11.994047457604761,11.521375636615412,11.994047457604761,12171000
1999-09-30,11.403203964233398,11.683852766461941,11.329349016278519,11.550913860143158,16804000
1999-10-01,11.595235824584961,11.624777826685815,11.285044802526,11.403212810929414,11814600
1999-10-04,11.24072265625,11.772478261539092,11.24072265625,11.595226393109394,13134600
1999-10-05,11.329357147216797,11.40321214817649,11.181647145297413,11.240731146065166,13728200
1999-10-06,12.274697303771973,12.274697303771973,11.358895579543498,11.358895579543498,16290200
1999-10-07,12.28946304321289,12.496256892497724,12.245150075508999,12.27469205397826,11634400
1999-10-08,12.540572166442871,12.747366053757595,12.304236295226044,12.304236295226044,10347400
1999-10-11,12.37808895111084,12.643966756743293,12.304234005101826,12.540569832330672,5630800
1999-10-12,11.949735641479492,12.289468545996215,11.846338670539621,12.289468545996215,9377800
1999-10-13,11.742938041687012,11.964502910398087,11.698625067944796,11.949731919150683,8828000
1999-10-14,11.949735641479492,12.156529583359237,11.757712695448301,11.757712695448301,9138200
1999-10-15,11.802018165588379,12.053124935068983,11.728163233388202,11.949728029988734,9028200
1999-10-18,12.053131103515625,12.053131103515625,11.757711223527497,11.802024205525715,7876800
1999-10-19,12.481481552124023,12.496252536209377,12.171290886331592,12.171290886331592,11870400
1999-10-20,12.466715812683105,12.673509676874533,12.422402841784944,12.481486802982493,8752000
1999-10-21,12.835990905761719,12.865532887132863,12.378090194509,12.466716138622429,11963800
1999-10-22,13.057559967041016,13.220040916857137,12.895079017224894,12.895079017224894,14658400
1999-10-25,13.30866813659668,13.367752123884568,12.99847720333527,13.057561190623158,8613400
1999-10-26,13.116640090942383,13.471143877184069,13.116640090942383,13.30866297515663,9280400
1999-10-27,13.456377029418945,13.515461011985,13.116644129664131,13.116644129664131,7181800
1999-10-28,13.899504661560059,13.899504661560059,13.604084796277167,13.604084796277167,10987600
1999-10-29,13.94381332397461,14.032439256118517,13.766561459686796,13.899500357902657,8153200
1999-11-01,13.94381332397461,14.032439256118517,13.67793552754289,13.94381332397461,8425200
1999-11-02,13.648397445678711,13.929046310903706,13.54500049533266,13.929046310903706,6453600
1999-11-03,13.4415922164917,13.648385942899264,13.249569470541818,13.648385942899264,7917400
1999-11-04,13.39729118347168,13.589314100103579,13.249581247600988,13.441604164232887,7537000
1999-11-05,13.737019538879395,13.81087448263681,13.618851628867528,13.618851628867528,8209600
1999-11-08,13.899504661560059,13.929046648088347,13.633626782805456,13.737023735654468,5470000
1999-11-09,13.633614540100098,13.89949218010205,13.530217680099337,13.89949218010205,4456400
1999-11-10,13.677939414978027,13.766565372310499,13.471145514535595,13.633626436311792,5149000
1999-11-11,13.412063598632812,13.69271250653372,13.352979618022095,13.67794151138104,4844600
1999-11-12,13.589319229125977,13.589319229125977,13.367754241694575,13.412067239180855,4832600
1999-11-15,13.76656436920166,13.78133536101411,13.589312467452283,13.589312467452283,5541800
1999-11-16,14.002894401550293,14.002894401550293,13.648390745814842,13.766558631059992,6558800
1999-11-17,14.16537857055664,14.180149559681308,13.825645820689276,14.002897690185291,7905000
1999-11-18,14.28354549407959,14.37217142268815,14.002896720152483,14.165377589268177,6596400
1999-11-19,14.298322677612305,14.342635661117301,14.106299749090653,14.28355168311064,7501800
1999-11-22,15.45045280456543,15.61293366579891,14.534651586704,14.534651586704,25021800
1999-11-23,15.760645866394043,15.819729824656063,15.55385201247697,15.55385201247697,19265800
1999-11-24,16.05607032775879,16.174238278653057,15.642482499628848,15.760650450523118,11651200
1999-11-26,15.73110580444336,16.041296623122523,15.73110580444336,16.041296623122523,3306600
1999-11-29,15.887462615966797,15.917075780209046,15.576524391423177,15.769009958997799,8520200
1999-11-30,15.94669246673584,16.094758320651678,15.754206856645249,15.887466125169503,7551000
1999-12-01,16.153980255126953,16.346465812704082,15.798622302676863,15.946688116197734,10861600
1999-12-02,15.976314544677734,16.094767293850506,15.872668389151558,16.094767293850506,4753600
1999-12-03,16.18359375,16.34646614821592,16.065141096752058,16.065141096752058,7668200
1999-12-06,15.306304931640625,16.15398179484394,14.836195928903416,16.15398179484394,26527600
1999-12-07,13.977413177490234,14.865808082839191,13.91818685046697,14.865808082839191,36138200
1999-12-08,14.214324951171875,14.421617190043133,14.066259066263836,14.066259066263836,20022800
1999-12-09,14.71774673461914,14.732553320871272,14.229129388298785,14.229129388298785,13725400
1999-12-10,14.984260559082031,15.013873722242273,14.717742090639861,14.717742090639861,11719000
1999-12-13,14.688127517700195,14.925032800243747,14.540061716110475,14.925032800243747,5586200
1999-12-14,14.510452270507812,14.673324693952289,14.46603251865932,14.673324693952289,7121200
1999-12-15,14.184700965881348,14.495639087262882,14.066248348212193,14.495639087262882,9054200
1999-12-16,13.85896110534668,14.303158576671894,13.71089528157161,14.184705917651838,10605200
1999-12-17,14.155092239379883,14.184705403060594,13.592442129446372,13.858960602572772,16030000
1999-12-20,14.110676765441895,14.30316238763575,13.85896479795762,14.155096524409707,7583600
1999-12-21,13.844154357910156,14.214318912934493,13.77012144690529,14.110672837527678,6346400
1999-12-22,13.85896110534668,14.391998070936937,13.85896110534668,13.85896110534668,9053400
1999-12-23,14.036633491516113,14.27353869812398,13.932987463625173,13.932987463625173,6739400
1999-12-27,14.095868110656738,14.199514199705686,13.873769348408997,14.03664177405734,6182400
1999-12-28,14.007025718688965,14.125478367472803,13.903379651003107,14.095865205276844,4732200
1999-12-29,13.962604522705078,14.1847032160673,13.88857162491767,14.007024261377522,3655600
1999-12-30,13.844154357910156,14.081059673125731,13.844154357910156,13.962607015517944,3969200
1999-12-31,13.799737930297852,13.947803787919073,13.755318173011485,13.844157687584218,2829800
2000-01-03,13.355542182922363,13.740513465356932,13.089023602775354,13.740513465356932,10997000
2000-01-04,13.370347023010254,13.459186538113313,13.177861406953628,13.355540437159744,7308000
2000-01-05,13.488801956176758,13.6072546627074,13.281509719748135,13.370349249646116,9457400
2000-01-06,13.503605842590332,13.666478281481224,13.399959745114309,13.488799257236614,7129200
2000-01-07,14.391998291015625,14.391998291015625,13.71089549123505,13.71089549123505,11474000
2000-01-10,13.93299388885498,14.436417685051653,13.918187306613902,14.391997938328418,8723800
2000-01-11,14.4068021774292,14.510448236259625,14.243929799267102,14.243929799267102,9398000
2000-01-12,14.569679260253906,14.643712183324302,14.31796732181456,14.406806829499034,8389800
2000-01-13,14.347576141357422,14.55486826311078,14.317962981106943,14.55486826311078,6106000
2000-01-14,14.466033935546875,14.673326131143249,14.37719442314843,14.37719442314843,7513200
2000-01-18,15.398844718933105,15.398844718933105,14.466030086920812,14.466030086920812,18350800
2000-01-19,15.458067893981934,15.458067893981934,15.176742903574217,15.398841580211888,12813400
2000-01-20,15.606139183044434,15.620945766709562,15.428460179062904,15.458073346393158,11539800
2000-01-21,15.843039512634277,15.843039512634277,15.576521090926411,15.606134248893952,11385800
2000-01-24,15.369234085083008,15.81343160199292,15.058295823246068,15.81343160199292,11306000
2000-01-25,15.606139183044434,15.650558934039816,14.895423167118311,15.369233844402393,9718600
2000-01-26,14.93984317779541,15.517299950772635,14.865810258182945,15.517299950772635,23723800
2000-01-27,14.095868110656738,14.851003902299064,13.844156180109298,14.851003902299064,17550800
2000-01-28,13.488801956176758,14.110678665462624,13.488801956176758,14.095872077146293,10875200
2000-01-31,13.60724925994873,13.918187491133631,13.399957105825465,13.48879660044972,10734600
2000-02-01,13.770118713378906,13.829345030425698,13.340727914789671,13.60724634150023,8114600
2000-02-02,13.355542182922363,13.710900289785043,13.281509243992637,13.710900289785043,7164000
2000-02-03,13.089024543762207,13.44438267617204,13.044604777210978,13.355543143069582,9464400
2000-02-04,13.325927734375,13.681285807291665,13.044602593315972,13.089022352430556,11501800
2000-02-07,13.473978996276855,13.651657840183804,13.163041019439698,13.325913293021067,7742800
2000-02-08,13.548029899597168,13.710902390193418,13.444383769217737,13.473996949326146,8261200
2000-02-09,13.503605842590332,13.681284866834941,13.444379501175462,13.548025598651485,7948600
2000-02-10,13.429571151733398,13.592443569229614,13.32592506787217,13.503604068777133,8031000
2000-02-11,13.163042068481445,13.251881497515065,13.000169781919807,13.251881497515065,7688600
2000-02-14,12.822505950927734,13.08902455036965,12.748473006638314,13.08902455036965,7134000
2000-02-15,13.192669868469238,13.207476456424873,12.61521293819954,12.822505169578408,7850800
2000-02-16,12.689249038696289,13.133446788008879,12.615216080477525,13.133446788008879,6869200
2000-02-17,12.393110275268555,12.68924194253901,12.126591774725146,12.68924194253901,11661000
2000-02-18,12.171012878417969,12.393111653571582,12.02294702831556,12.393111653571582,11443400
2000-02-22,12.25985336303711,12.467145569658511,11.963721639292253,12.171013845913652,10543000
2000-02-23,12.141399383544922,12.185819137387158,11.845267691263338,12.185819137387158,11021600
2000-02-24,11.800844192504883,11.963716571573332,11.445486274537359,11.963716571573332,15451600
2000-02-25,11.534330368041992,12.00814111486785,11.386264509658911,11.800848913131539,10905200
2000-02-28,11.682393074035645,11.77123256509295,11.267808782434885,11.534327255606803,10790800
2000-02-29,11.519521713256836,11.563941462793816,11.282616382392941,11.563941462793816,10346200
2000-03-01,12.082172393798828,12.171011896694408,11.65278146313686,11.65278146313686,15612200
2000-03-02,11.756428718566895,12.274659203642262,11.697202377415424,12.082173594899983,11358600
2000-03-03,11.874885559082031,11.934111920972715,11.623173521046628,11.756432835300664,9010600
2000-03-06,11.608360290527344,11.726812946553133,11.445487888491883,11.726812946553133,7866000
2000-03-07,11.164162635803223,11.608360088156136,10.61631911123463,11.608360088156136,23440200
2000-03-08,11.253008842468262,11.386268157708018,10.86803748733119,11.164169298975091,14441600
2000-03-09,11.075325012207031,11.267810607338971,10.868032832834173,11.253004023098054,12389400
2000-03-10,10.779194831848145,11.045713385382852,10.43864334677602,11.045713385382852,14059200
2000-03-13,10.403474807739258,10.537233769553048,10.254853739057268,10.537233769553048,15646400
2000-03-14,10.299443244934082,10.537237028366903,10.195408464682222,10.40347802518594,11162000
2000-03-15,11.310062408447266,11.369510831093507,10.344025540445857,10.344025540445857,22138200
2000-03-16,11.830240249633789,11.859964471366538,11.54786014317268,11.54786014317268,17610200
2000-03-17,11.68161678314209,11.874824185407798,11.592444135942532,11.830237861808019,14530800
2000-03-20,11.54786205291748,11.651896846187007,11.428965146323735,11.651896846187007,6755200
2000-03-21,11.755926132202148,11.815374557649442,11.265476622261982,11.547856643136624,8575800
2000-03-22,11.191165924072266,11.65189121443912,10.983096438100139,11.65189121443912,11884200
2000-03-23,11.176304817199707,11.503271181532678,11.042545849972583,11.191166924669389,10333800
2000-03-24,11.176304817199707,11.22089113960875,11.027683742502903,11.176304817199707,8769200
2000-03-27,10.76016616821289,11.206029407227236,10.76016616821289,11.176305191292947,10535400
2000-03-28,10.670998573303223,11.057413563422838,10.670998573303223,10.760171263330827,13673000
2000-03-29,11.146585464477539,11.191171806335449,10.77503261566162,10.77503261566162,16292600
2000-03-30,11.54786205291748,11.874828546050278,11.206033446460463,11.206033446460463,18795200
2000-03-31,11.161450386047363,11.57758968139933,11.161450386047363,11.547865446017045,8857000
2000-04-03,11.726207733154297,11.874828870456634,11.235757980056588,11.235757980056588,14186800
2000-04-04,12.454447746276855,12.454447746276855,11.458686410954003,11.726204381637755,27390200
2000-04-05,11.324926376342773,12.112618105930919,11.265477943921027,12.112618105930919,20256600
2000-04-06,10.879066467285156,11.399240410393052,10.641272664721546,11.324929847091925,20675000
2000-04-07,10.98310375213623,11.042552216288524,10.641275083260542,10.879068939869716,12374000
2000-04-10,10.70072078704834,11.220894714196524,10.670996562639873,10.983100918928782,12903000
2000-04-11,11.220894813537598,11.3546538245599,10.864204117478124,10.864204117478124,12096400
2000-04-12,11.532999992370605,11.874828600391899,11.339792518271613,11.339792518271613,15586400
2000-04-13,11.235760688781738,11.562727269672212,11.206036454155331,11.533003035045805,8892800
2000-04-14,11.176304817199707,11.310063784426832,10.9533732051545,11.23575324707843,9488200
2000-04-17,11.532999992370605,11.562724219155065,10.99796391025032,11.17630927095708,10710200
2000-04-18,11.56272029876709,11.681617165592458,11.027684398052932,11.532996082060746,13001000
2000-04-19,11.696479797363281,11.815376669509288,11.399237616998269,11.562720816199025,10073200
2000-04-20,11.755926132202148,11.755926132202148,11.414097685880215,11.696477706754855,8278600
2000-04-24,11.800514221191406,11.993721632873381,11.651893135282196,11.755927895418642,9377600
2000-04-25,12.008584022521973,12.008584022521973,11.458685991787675,11.800514497379266,8711600
2000-04-26,11.755926132202148,11.919409302182203,11.622167174945739,11.919409302182203,9536200
2000-04-27,11.473546028137207,11.6816155156941,11.280338646834378,11.6816155156941,9023200
2000-04-28,11.235760688781738,11.503278800419398,11.11686375027611,11.473554565792991,7568800
2000-05-01,10.997964859008789,11.176310235100823,10.997964859008789,11.176310235100823,7754000
2000-05-02,10.997964859008789,11.31006926716985,10.923654285637108,10.997964859008789,9209400
2000-05-03,11.532999992370605,11.607310559331756,10.968239683465859,10.99796391025032,14397400
2000-05-04,11.532999992370605,11.696483239685136,11.250619837918233,11.532999992370605,6842400
2000-05-05,11.191165924072266,11.41409751618526,11.116855393367935,11.41409751618526,5999200
2000-05-08,11.532999992370605,11.532999992370605,11.324930404879384,11.324930404879384,6013000
2000-05-09,12.008584022521973,12.186929329787151,11.87482504207309,11.87482504207309,22386000
2000-05-10,12.55848217010498,12.603068497336123,12.00858413425423,12.00858413425423,21062000
2000-05-11,12.736833572387695,12.796282037136297,12.603074526703343,12.603074526703343,15919400
2000-05-12,12.424726486206055,12.603071842467386,12.246381129944725,12.603071842467386,7498200
2000-05-15,12.305835723876953,12.543629650908391,12.127490278603373,12.424732687392671,8056600
2000-05-16,11.637032508850098,12.068033712881583,11.562721956430876,12.068033712881583,16476600
2000-05-17,11.473546028137207,11.696477621948164,11.414097603120952,11.637029196931909,8448600
2000-05-18,11.755926132202148,11.859960876734911,11.458684004965685,11.473546111327508,8098600
2000-05-19,11.904550552368164,11.963998994577244,11.666756783531847,11.755929446845466,10053600
2000-05-22,12.053169250488281,12.053169250488281,11.755927098811627,11.904548174649953,9716400
2000-05-23,11.889691352844238,11.934277695417403,11.815380781888962,11.934277695417403,7210000
2000-05-24,12.528759956359863,12.617932625088404,11.934275498169598,11.934275498169598,10788000
2000-05-25,12.528759956359863,12.58820840217889,12.36527673035754,12.528759956359863,7731800
2000-05-26,12.974621772766113,13.078656540703529,12.66251746895387,12.66251746895387,12380200
2000-05-30,12.811135292053223,13.078653198383801,12.617927915258917,12.97461845703302,7451200
2000-05-31,12.692244529724121,12.811141433983831,12.543623399399483,12.811141433983831,5541000
2000-06-01,12.662520408630371,12.989486898055098,12.617934069163363,12.69224463494171,5993800
2000-06-02,12.499032020568848,12.662515198007917,12.394997271289439,12.662515198007917,6324800
2000-06-05,12.365279197692871,12.573348799577126,12.305830740011656,12.499038227475607,4837400
2000-06-06,12.320690155029297,12.350414377357474,12.142344821060236,12.350414377357474,6609200
2000-06-07,12.603071212768555,12.662519661885389,12.335553191742807,12.335553191742807,6865200
2000-06-08,12.55848217010498,12.603068497336123,12.335550533949272,12.603068497336123,7779000
2000-06-09,12.439587593078613,12.692243494013304,12.395001257619551,12.558484487636116,4966000
2000-06-12,12.513899803161621,12.707107282307822,12.42472712047876,12.439589234259236,4122600
2000-06-13,12.733383178710938,12.882486026236826,12.599190615937637,12.599190615937637,5626200
2000-06-14,12.643912315368652,12.9122972465911,12.494809575800625,12.733373959109468,10165800
2000-06-15,13.329792976379395,13.38943410826476,12.837753638325122,12.837753638325122,20672400
2000-06-16,13.240326881408691,13.40433993962434,13.150865213291064,13.329788549526317,14330400
2000-06-19,12.98685359954834,13.091225557294422,12.882481641802256,13.091225557294422,6989800
2000-06-20,12.629007339477539,12.793020421808416,12.569366218629947,12.793020421808416,6947800
2000-06-21,12.763199806213379,12.95703344813017,12.643917565033815,12.643917565033815,8780600
2000-06-22,13.389431953430176,13.478893636860667,12.64391792484275,12.763200169416738,11664600
2000-06-23,13.806920051574707,13.911292017407344,13.270149941578282,13.389432188244154,15346000
2000-06-26,14.075300216674805,14.134941319287833,13.717453600996631,13.806915254916174,9900400
2000-06-27,13.806920051574707,14.04548454490645,13.717458366575302,14.04548454490645,10429600
2000-06-28,14.325052261352539,14.522613481714673,13.926202250432757,13.926202250432757,18989000
2000-06-29,14.090216636657715,14.358601715451195,14.01566522588175,14.325053580602011,12743200
2000-06-30,13.702544212341309,14.030570297946868,13.419248956591053,14.030570297946868,19122800
2000-07-03,13.881465911865234,13.956017286257635,13.792004262594352,13.792004262594352,7707200
2000-07-05,14.01565933227539,14.120031263473185,13.896377125192195,13.896377125192195,6960400
2000-07-06,14.060384750366211,14.060384750366211,13.791999887686899,14.015653939919659,5041200
2000-07-07,14.01565933227539,14.134941539358586,13.926197676962994,14.060390159931588,5043200
2000-07-10,13.732362747192383,14.000747686876924,13.657811375057788,14.000747686876924,6447200
2000-07-11,13.404342651367188,13.717458553123262,13.314880965151165,13.717458553123262,8134200
2000-07-12,13.389431953430176,13.478893636860667,13.180688025425695,13.404342234001923,7153800
2000-07-13,13.821832656860352,13.866563506882553,13.463985856682738,13.463985856682738,8450600
2000-07-14,13.747274398803711,13.941107985771659,13.598171639597597,13.821825778406769,4648000
2000-07-17,13.680179595947266,13.747275844646735,13.49380112733763,13.747275844646735,7003000
2000-07-18,13.881465911865234,14.015658385771557,13.508709039903223,13.680177201005748,7595200
2000-07-19,14.433150291442871,14.462970849896266,14.01566247309535,14.01566247309535,16435400
2000-07-20,14.433150291442871,14.477881129122963,14.284047499175898,14.433150291442871,9225600
2000-07-21,14.51888656616211,14.612075825251726,14.399604314527402,14.433152447799664,8141200
2000-07-24,14.134937286376953,14.313860543166534,14.090206472179558,14.313860543166534,6808200
2000-07-25,14.134937286376953,14.149847557776084,14.03056538658303,14.134937286376953,4664400
2000-07-26,14.030566215515137,14.313861388835846,13.985835398675023,14.134938121475397,10162400
2000-07-27,14.418233871459961,14.597157145976526,14.239310596943394,14.239310596943394,9117200
2000-07-28,14.955009460449219,15.029560853572097,14.328777758217049,14.418239429964501,13619000
2000-07-31,14.626991271972656,14.880466146206638,14.61208098525301,14.880466146206638,8017000
2000-08-01,15.029563903808594,15.268128410218255,14.626986299242294,14.626986299242294,9321400
2000-08-02,15.01465129852295,15.04447185720919,14.850638225748616,15.02956157786607,6662400
2000-08-03,15.029563903808594,15.20848728361584,14.805909679049538,15.01465362215799,6653400
2000-08-04,14.82081413269043,14.940096338989749,14.58224972009179,14.940096338989749,6006600
2000-08-07,14.641887664794922,14.731349300221368,14.582246574510624,14.731349300221368,4263600
2000-08-08,14.537518501281738,14.880454835158128,14.43314657358023,14.641890428983249,6135800
2000-08-09,14.269132614135742,14.418235358275092,14.239312065307873,14.418235358275092,7111600
2000-08-10,14.55242919921875,14.73135250904521,14.328775061935676,14.328775061935676,6214800
2000-08-11,14.850646018981934,14.969928316323154,14.552440275628882,14.552440275628882,6165400
2000-08-14,15.044472694396973,15.089203534915498,14.850639052150035,14.850639052150035,5329400
2000-08-15,14.791001319885254,14.9251938721826,14.70153961835369,14.9251938721826,4402600
2000-08-16,14.477885246276855,14.641898364411816,14.194589860407381,14.641898364411816,11729200
2000-08-17,14.239319801330566,14.4629740390478,14.209499236301601,14.4629740390478,5834000
2000-08-18,14.388423919677734,14.388423919677734,14.194590229568085,14.23932108113185,5274600
2000-08-21,14.269132614135742,14.298953162963612,14.105119595582458,14.298953162963612,5735000
2000-08-22,13.836738586425781,14.29895722454992,13.836738586425781,14.269136667251587,4243400
2000-08-23,14.026849746704102,14.120039022193765,13.821833340626842,13.83674362470519,7007400
2000-08-24,13.821832656860352,14.07530747365283,13.806922373519619,14.026849052795443,4619200
2000-08-25,13.35960865020752,13.702545032969542,13.121044210025241,13.702545032969542,13902000
2000-08-28,13.598176002502441,13.777099370956421,13.52362459897995,13.52362459897995,12625800
2000-08-29,13.434162139892578,13.56835465849306,13.374521020514587,13.56835465849306,5934600
2000-08-30,12.942123413085938,13.359611265120968,12.83775145007718,13.359611265120968,9392800
2000-08-31,12.558184623718262,12.927214091734916,12.286071985685778,12.927214091734916,16123800
2000-09-01,12.942123413085938,13.001764534805227,12.733379487068422,12.733379487068422,10053000
2000-09-05,13.434162139892578,13.613085498026553,12.763199546890174,12.94212290502415,11223000
2000-09-06,12.95703125,13.106134026179516,12.897390139528193,13.106134026179516,9854000
2000-09-07,12.882477760314941,13.01667023698489,12.703554458088345,12.95702913624269,7458200
2000-09-08,13.016668319702148,13.165771049595644,12.837745043829955,12.882475862798003,5253600
2000-09-11,12.643912315368652,13.046489712202325,12.479899301843822,13.016669164288718,7846000
2000-09-12,12.763199806213379,12.852661487098052,12.450083923117022,12.643917565033815,8248000
2000-09-13,12.564558982849121,12.848757340794517,12.459854324658712,12.80388391585577,6986400
2000-09-14,12.205574989318848,12.414984364135593,11.951292177041372,12.414984364135593,11181600
2000-09-15,12.160696983337402,12.47481092755645,12.085907948999534,12.205570403940124,12373800
2000-09-18,12.714136123657227,12.803882966883043,12.145739449893728,12.16069725709803,8759800
2000-09-19,12.654308319091797,12.803886431610612,12.459856772817338,12.714139564099323,7630400
2000-09-20,12.026084899902344,12.609439764449846,11.83163327838651,12.609439764449846,14690200
2000-09-21,11.861542701721191,12.160698885875572,11.771795846474877,12.0260786030061,10247200
2000-09-22,12.654308319091797,12.66926613034368,12.175658359031587,12.175658359031587,16349000
2000-09-25,12.818843841552734,12.983379760172431,12.594476679798602,12.654307922933038,8079600
2000-09-26,13.147916793823242,13.192790229979636,12.744055868415701,12.818844928676357,10269400
2000-09-27,13.312455177307129,13.372286436530981,12.92355199235209,13.147919214441536,10414600
2000-09-28,13.267577171325684,13.312450600315511,12.95346316839689,13.312450600315511,8353200
2000-09-29,13.192792892456055,13.551780454155539,13.162877262314431,13.267581967810115,11962600
2000-10-02,13.641523361206055,13.641523361206055,13.222704661519904,13.222704661519904,9516000
2000-10-03,13.4769868850708,13.731269656487232,13.432113454820843,13.641522795987315,7380800
2000-10-04,13.701353073120117,13.701353073120117,13.402196892484307,13.47698593764326,8279000
2000-10-05,14.150084495544434,14.209915719627075,13.716308120945293,13.716308120945293,10596400
2000-10-06,13.985549926757812,14.165043615657378,13.821014045266544,14.15008580824908,9617400
2000-10-09,13.835972785949707,14.075297720625594,13.835972785949707,13.985550870122138,4073000
2000-10-10,13.925716400146484,14.194956889085944,13.656475911207025,13.835969570499998,6280600
2000-10-11,14.01546573638916,14.254790658248526,13.821014237378424,13.925718890691897,7904000
2000-10-12,13.701353073120117,14.060340489883089,13.49194374667505,14.015467062787717,8552800
2000-10-13,13.686392784118652,13.806055234690183,13.491941301939917,13.701350590440093,7312400
2000-10-16,14.030424118041992,14.180002200323889,13.641521104109058,13.686394528793628,7054600
2000-10-17,13.86589241027832,14.10521741412347,13.641525219173493,14.030428350421861,6069800
2000-10-18,13.925716400146484,14.090252254498377,13.596644691442702,13.865885180382161,7339400
2000-10-19,13.671438217163086,13.746227266491111,13.432113259313404,13.746227266491111,5797600
2000-10-20,13.11799430847168,13.3423613719005,12.863711636585684,13.3423613719005,14655200
2000-10-23,13.237655639648438,13.387233669474973,12.893626171047405,13.117993215787209,7077800
2000-10-24,13.432113647460938,13.447071457758778,13.02825276941924,13.237662113589009,6334800
2000-10-25,13.86589241027832,13.985554912200895,13.312453338886414,13.432115840808988,9350200
2000-10-26,14.045379638671875,14.194957696591704,13.506898630160494,13.865885969168081,9351000
2000-10-27,14.105205535888672,14.194952336753287,13.791091732862519,14.045374335312262,7562200
2000-10-30,14.329571723937988,14.479149716880972,14.090246935229212,14.10520473452351,10526800
2000-10-31,14.449241638183594,14.583861901893378,14.045380847054238,14.329579181552672,9830000
2000-11-01,14.568909645080566,14.703529960076178,14.434289330084956,14.449247142862246,8289000
2000-11-02,14.538990020751953,14.703525916048529,14.374454125455378,14.568905638078602,9108400
2000-11-03,14.194960594177246,14.479158962237696,14.150087167641384,14.479158962237696,6068400
2000-11-06,14.479159355163574,14.59882182917319,14.075298505381118,14.194960979390736,5558200
2000-11-07,14.374455451965332,14.56890698253302,14.314624211790658,14.47916012227101,4236000
2000-11-08,14.404373168945312,14.509077854493201,14.135132548965027,14.374457544503057,5048200
2000-11-09,14.912931442260742,15.002678271401729,14.329577052844325,14.404366077128481,11855000
2000-11-10,14.808234214782715,15.092432649207838,14.808234214782715,14.912938901149866,10323400
2000-11-13,14.613779067993164,14.74839934599924,14.449243172652402,14.74839934599924,8175800
2000-11-14,14.494114875793457,14.673608558465821,14.269747772453,14.613777330908366,7423400
2000-11-15,14.67361831665039,14.718491767160025,14.419335430429129,14.494124514611853,7506600
2000-11-16,14.823188781738281,14.91293563611813,14.613779454851969,14.673610691105202,7607400
2000-11-17,14.703521728515625,15.03259342538983,14.62873270649876,14.823184163742608,12093800
2000-11-20,13.536818504333496,14.090257492908457,13.387240399313237,14.090257492908457,19313200
2000-11-21,13.22270393371582,13.761185089387505,13.22270393371582,13.53681794119097,13995800
2000-11-22,14.254794120788574,14.434287855782763,13.940680084548742,13.940680084548742,13403800
2000-11-24,14.120168685913086,14.239831132403875,14.030421851044993,14.239831132403875,3905000
2000-11-27,14.254794120788574,14.374456610784701,13.895806650800195,14.120173819542932,6476800
2000-11-28,14.464195251464844,14.538984265174589,14.329575026787301,14.329575026787301,5817800
2000-11-29,14.910001754760742,15.00000176535286,14.340001687677335,14.505001707096216,9692000
2000-11-30,15.03000259399414,15.03000259399414,14.745002544806628,14.91000257328361,12816400
2000-12-01,14.924999237060547,14.969999234760227,14.714999247795374,14.969999234760227,8201200
2000-12-04,15.06000804901123,15.210008129180666,14.850007936774023,14.92500797685874,8572200
2000-12-05,14.744998931884766,15.074998907979847,14.564998944923813,15.059998909066435,9266800
2000-12-06,14.60999870300293,14.834998683028642,14.489998713655885,14.744998691018358,7761200
2000-12-07,14.970002174377441,15.135002198343525,14.535002111194128,14.610002122087803,7895200
2000-12-08,14.60999870300293,14.87624867936669,14.549998708329408,14.87624867936669,8300800
2000-12-11,13.99500846862793,14.445008740931078,13.965008450474386,14.445008740931078,11578000
2000-12-12,13.919997215270996,14.084997182262354,13.829997233275709,13.994997200267068,8008200
2000-12-13,13.874994277954102,13.994994228466137,13.739994333628061,13.919994259396116,7409800
2000-12-14,13.680000305175781,13.785000307518139,13.38000029848333,13.785000307518139,10047600
2000-12-15,12.840001106262207,13.60500117217269,12.840001106262207,13.60500117217269,27540400
2000-12-18,13.170003890991211,13.335003939739392,12.870003802358154,12.870003802358154,10304600
2000-12-19,13.619999885559082,13.904999883164393,13.124999889718278,13.16999988934017,11688200
2000-12-20,13.50000286102295,13.920002950032552,13.335002826054891,13.620002886454264,13344200
2000-12-21,14.249994277954102,14.309994253861277,13.469994591160825,13.499994579114412,11930800
2000-12-22,14.130000114440918,14.160000114683893,13.8000001117682,14.160000114683893,7483600
2000-12-26,14.399993896484375,14.399993896484375,14.069994036356608,14.129994010925293,5670000
2000-12-27,14.535003662109375,14.73000371123984,14.400003628095975,14.400003628095975,7711000
2000-12-28,14.654999732971191,14.864999729144781,14.534999735157712,14.534999735157712,5520800
2000-12-29,14.625000953674316,14.670000956608698,14.445000941936787,14.655000955630571,4970400
2001-01-02,14.594996452331543,14.864996386701499,14.459996485146563,14.624996445039315,10606000
2001-01-03,14.22000503540039,14.925005285045769,14.17500501946558,14.595005168190486,12469600
2001-01-04,13.8149995803833,14.129999570815492,13.619999586306228,14.129999570815492,14770600
2001-01-05,13.845000267028809,14.100000271947,13.800000266160893,13.815000266450198,7960200
2001-01-08,14.069999694824219,14.324999689293314,13.874999699053733,13.874999699053733,9529200
2001-01-09,14.249994277954102,14.384994223745245,13.829994446603875,14.069994350232577,8516200
2001-01-10,14.189997673034668,14.219997668115079,13.889997722230552,14.219997668115079,7963200
2001-01-11,13.76999282836914,14.129992640875523,13.709992859618078,14.129992640875523,6909000
2001-01-12,13.590002059936523,13.785002089494112,13.50000204629456,13.770002087220451,7212000
2001-01-16,13.680000305175781,13.755000306848894,13.485000300825687,13.590000303168045,7163600
2001-01-17,13.90500545501709,14.085005525632198,13.695005372632798,13.695005372632798,7651800
2001-01-18,13.709996223449707,14.08499612015238,13.664996235845386,13.904996169735098,7014400
2001-01-19,13.394998550415039,13.709998516326253,13.274998563401242,13.709998516326253,9824200
2001-01-22,13.36500072479248,13.455000729673237,13.245000718284803,13.395000726419399,6874600
2001-01-23,13.649995803833008,13.724995780777146,13.304995909889975,13.364995891445286,7707800
2001-01-24,13.935001373291016,13.935001373291016,13.470001327465372,13.65000134520433,9189400
2001-01-25,14.069999694824219,14.159999692872134,13.874999699053733,13.934999697752344,7486800
2001-01-26,13.90500545501709,14.205005572708936,13.800005413824945,14.070005519747605,6394600
2001-01-29,13.7087984085083,13.847998834404248,13.567198385678088,13.823998287425331,5123000
2001-01-30,13.898402214050293,13.984802374526087,13.742401822577055,13.742401822577055,5507600
2001-01-31,13.919997215270996,13.967997388773915,13.576797210686797,13.89839718297104,8614000
2001-02-01,13.785604476928711,13.800004811539408,13.586404883549571,13.800004811539408,6720800
2001-02-02,13.8576021194458,13.915201613885639,13.725601370672301,13.785601378104817,6059400
2001-02-05,14.207999229431152,14.306399186205223,13.82879881543085,13.857599472677371,9183600
2001-02-06,14.260799407958984,14.3447999563766,14.00159988680659,14.208000031082522,6257000
2001-02-07,14.399993896484375,14.529594061279203,14.22479408060705,14.260793516032088,9615600
2001-02-08,14.546402931213379,14.6376032050202,14.294403066076589,14.4000027567025,6654600
2001-02-09,14.433598518371582,14.62559831750565,14.38799885217951,14.546398800906024,4456400
2001-02-12,14.596802711486816,14.608802530670634,14.280002724290966,14.433602607109862,6766000
2001-02-13,14.39040470123291,14.419205370261308,14.268005062209019,14.419205370261308,6660600
2001-02-14,14.279999732971191,14.363999365189503,14.191199990979358,14.363999365189503,5678000
2001-02-15,14.008798599243164,14.147999027324703,13.677599285479243,14.147999027324703,11421200
2001-02-16,14.246403694152832,14.275203444976949,14.01840345427028,14.01840345427028,7635600
2001-02-20,14.03279972076416,14.635199293368549,14.015999794691385,14.24639956556999,15772000
2001-02-21,13.180800437927246,13.512000716321259,12.988800608252241,13.512000716321259,19289000
2001-02-22,12.71760082244873,13.18079999544681,12.338400370483901,13.18079999544681,18957800
2001-02-23,12.480001449584961,12.672001288780777,12.362401033093331,12.672001288780777,9069200
2001-02-26,12.592799186706543,12.619199330871698,12.347999098348653,12.479998903647163,9415600
2001-02-27,12.480001449584961,12.679201912175742,12.369601656488296,12.592801755655762,7369600
2001-02-28,12.727197647094727,12.755998301612939,12.45839794694845,12.479997980073511,11189600
2001-03-01,12.648003578186035,12.93600383859889,12.564003006321508,12.727203123371206,9725000
2001-03-02,12.612003326416016,12.732003359808228,12.482403070625804,12.648003702644719,9115800
2001-03-05,12.047999382019043,12.311998998254444,11.887198916636647,12.311998998254444,14449600
2001-03-06,11.951998710632324,12.047999067957589,11.853598756361196,12.047999067957589,9274600
2001-03-07,12.103203773498535,12.19200354429922,11.952003470925112,11.952003470925112,10325800
2001-03-08,12.335991859436035,12.352791774608797,12.052791981485612,12.103191727003896,9774600
2001-03-09,12.35999870300293,12.451198949780483,12.232799009319386,12.335999071732271,7863400
2001-03-12,12.023990631103516,12.311990598575655,12.007190716924251,12.311990598575655,7984800
2001-03-13,11.742191314697266,11.804815930757636,11.633801672641988,11.804815930757636,10361200
2001-03-14,11.48205280303955,11.636207425835385,11.14243263685271,11.636207425835385,14145800
2001-03-15,11.477235794067383,11.501321964681908,11.127980807185686,11.482052293127479,9442800
2001-03-16,11.71810245513916,11.98064578635258,11.347169506667244,11.47723704737744,18494000
2001-03-19,11.657888412475586,11.826493496244387,11.571176701492321,11.718104776344099,7439600
2001-03-20,11.424242973327637,11.749410809776036,11.332713888268813,11.657882643545552,8841200
2001-03-21,10.899153709411621,11.561533216613434,10.899153709411621,11.424240083172396,18423000
2001-03-22,11.012360572814941,11.127975793566488,10.716096397358836,10.899153600508427,14688800
2001-03-23,10.959375381469727,10.959375381469727,10.598077291970725,10.959375381469727,15672800
2001-03-26,10.814852714538574,11.103890349551905,10.71850622364864,10.959371532045239,11227600
2001-03-27,11.226734161376953,11.30621924944631,10.735368624631933,10.814854631529686,13466000
2001-03-28,11.067766189575195,11.380891050587534,10.802813677311942,11.226737329401685,14176000
2001-03-29,10.723326683044434,10.887115212738804,10.54026848217261,10.887115212738804,15293800
2001-03-30,10.877474784851074,10.959369007595015,10.69441759692063,10.723321169998485,10279600
2001-04-02,11.043680191040039,11.301406141474232,10.805223917078449,10.87748336619321,10424800
2001-04-03,10.757046699523926,11.007546888823043,10.641431439577042,11.007546888823043,9345400
2001-04-04,10.899153709411621,11.09184574592289,10.639018771000329,10.75704316020429,8798600
2001-04-05,10.91120433807373,11.224329228886157,10.747415764018848,10.899161249740319,9242200
2001-04-06,10.838947296142578,10.923249852025442,10.561951608820689,10.91120676101774,7907800
2001-04-09,10.57398796081543,10.981050022580531,10.57398796081543,10.838939446418799,8231600
2001-04-10,10.513772964477539,10.670334891714635,10.407791621727334,10.573989302375283,11896400
2001-04-11,10.629387855529785,10.778724111081768,10.205464336840562,10.513772601022279,13748400
2001-04-12,10.735371589660645,10.814857618511839,10.272910428874736,10.629391136687703,10429200
2001-04-16,10.937695503234863,10.959373421481038,10.634205566616803,10.735368572546692,8287000
2001-04-17,11.007547378540039,11.007547378540039,10.793177350424601,10.93769620208063,8815800
2001-04-18,11.260461807250977,11.339947861045932,11.009961473800672,11.009961473800672,14767400
2001-04-19,11.441102027893066,11.506135770732056,11.089438901870285,11.260453048505282,10836400
2001-04-20,11.320674896240234,11.380891252071299,11.147251497421593,11.380891252071299,9167200
2001-04-23,11.429058074951172,11.537447638085265,11.327894176416635,11.327894176416635,6661000
2001-04-24,11.4146089553833,11.669926560872216,11.361618283588069,11.429061207371566,8686800
2001-04-25,11.609712600708008,11.657885865041953,11.417020462200826,11.417020462200826,6495400
2001-04-26,11.296589851379395,11.556724056798581,11.296589851379395,11.556724056798581,8592800
2001-04-27,11.320674896240234,11.441107607902365,11.079809472915974,11.296588721439278,6961800
2001-04-30,11.125570297241211,11.260455225371478,11.043676040667192,11.260455225371478,7674000
2001-05-01,11.47241497039795,11.609708123565674,11.111117005466413,11.125568336013602,8458000
2001-05-02,11.457968711853027,11.537454746735012,11.356805669816376,11.472420968784856,7669600
2001-05-03,11.260461807250977,11.45556318752401,11.17615925216142,11.45556318752401,8591600
2001-05-04,11.279726028442383,11.313447034157491,11.036451483505969,11.26045635727461,8819000
2001-05-07,11.27731704711914,11.29658671860642,11.178562277818106,11.279726215469305,7014600
2001-05-08,11.2171049118042,11.248417680308624,11.082219917255705,11.248417680308624,6875600
2001-05-09,11.021995544433594,11.217096765038262,10.935284809659706,11.217096765038262,10038000
2001-05-10,10.98586654663086,11.140020192553136,10.964188632746277,11.021995790553026,7317200
2001-05-11,10.908799171447754,11.055727279601188,10.742601381451047,10.985876061162834,9636400
2001-05-14,11.082216262817383,11.106303353273614,10.923245141120464,10.923245141120464,7585600
2001-05-15,11.05572509765625,11.106306624268623,10.88952734046014,11.082219526718335,6936400
2001-05-16,11.616933822631836,11.660289652055997,10.966597300097655,11.055718126596345,11359000
2001-05-17,11.592854499816895,11.730147734398075,11.477239192739521,11.616940677563887,9574800
2001-05-18,11.585627555847168,11.633800828691417,11.489281928987426,11.592854144012497,6726000
2001-05-21,11.631391525268555,11.645842862633092,11.395343520418145,11.585626506737723,7996600
2001-05-22,11.513365745544434,11.597669185445309,11.453149396541765,11.597669185445309,5928600
2001-05-23,11.730152130126953,11.730152130126953,11.392940002330299,11.513372773853515,8525800
2001-05-24,11.824082374572754,11.886706973503362,11.681971753600553,11.730145016762558,6694000
2001-05-25,11.602486610412598,11.826491520079339,11.535044588174403,11.824083270211677,4007000
2001-05-29,11.6434326171875,11.751822222988691,11.59766852532856,11.602485024405487,4531800
2001-05-30,11.532634735107422,11.71810118930864,11.506139396103174,11.643432590190173,5220400
2001-05-31,11.417019844055176,11.45074085161462,11.308630234879432,11.45074085161462,7223400
2001-06-01,11.515772819519043,11.537450737970289,11.320671553457823,11.417018061869674,6972600
2001-06-04,11.457968711853027,11.465194380904583,11.296589310843498,11.465194380904583,4484800
2001-06-05,11.470010757446289,11.482053844380602,11.195424332497954,11.457967670511977,6841400
2001-06-06,11.260461807250977,11.4387026765061,11.166524411914347,11.4387026765061,7095400
2001-06-07,11.108710289001465,11.366436154014542,11.046085698879407,11.260455725027814,6785400
2001-06-08,11.079811096191406,11.135210041412906,10.99550855320843,11.108714693952884,4425000
2001-06-11,11.062950134277344,11.108714238760179,10.961786168014278,11.07981064218306,3476200
2001-06-12,11.05812931060791,11.11111998704251,10.96178279324109,11.0629467283591,4899400
2001-06-13,11.08714485168457,11.099236260546405,10.978329551487926,11.099236260546405,5575600
2001-06-14,10.886439323425293,11.04845385782922,10.842912837850674,11.04845385782922,7021600
2001-06-15,10.702666282653809,10.927552936212944,10.666394807126935,10.886445079460074,13749800
2001-06-18,10.584178924560547,10.748612208167232,10.511635045897707,10.702667044472578,6354400
2001-06-19,10.579340934753418,10.661557564058457,10.52856031965348,10.584177315588459,5441000
2001-06-20,10.6228609085083,10.69782338169383,10.506790607167478,10.579334430199896,8301800
2001-06-21,10.540650367736816,10.755864232406335,10.53097760647306,10.622866993588179,10298800
2001-06-22,10.361706733703613,10.569666463752396,10.298835637906276,10.540649105880178,9211200
2001-06-25,10.540650367736816,10.68815674845061,10.460851470978751,10.460851470978751,14690600
2001-06-26,10.627700805664062,10.71233514015387,10.405231962591468,10.540647820220224,20446600
2001-06-27,10.683318138122559,10.724425981246052,10.579338282351836,10.627701156131605,12653800
2001-06-28,10.966240882873535,10.980750023666296,10.69299231628233,10.69299231628233,15615000
2001-06-29,10.881609916687012,11.041206825233933,10.84775616675971,11.00251669353909,13146800
2001-07-02,11.026694297790527,11.13551054807005,10.801807688027917,10.881606579047975,7314800
2001-07-03,11.10891342163086,11.121004836289107,11.029115435069901,11.029115435069901,3896200
2001-07-05,10.939643859863281,11.09440436237264,10.88644459120868,11.09440436237264,5515000
2001-07-06,10.784880638122559,11.000095406167551,10.777626529040157,10.939642037293668,5020200
2001-07-09,10.93480396270752,11.046037922812557,10.775207130508317,10.784878966971101,4552000
2001-07-10,10.80180835723877,10.951733387999049,10.748610015708122,10.934806517178577,9439200
2001-07-11,11.004927635192871,11.062963258160632,10.709915908904476,10.801804338473108,7234200
2001-07-12,11.000097274780273,11.002515004070045,10.857427263104407,11.002515004070045,6950800
2001-07-13,11.125834465026855,11.157270466263348,10.90820295190368,11.000092304970769,6472800
2001-07-16,11.360393524169922,11.360393524169922,11.135506986338081,11.135506986338081,8402400
2001-07-17,11.3966703414917,11.413597212440921,11.101657580756216,11.36039794806035,7532000
2001-07-18,11.176612854003906,11.353136481258181,11.029106569223636,11.353136481258181,8188800
2001-07-19,11.292684555053711,11.338628763239264,11.075052153238355,11.176614248233788,5038400
2001-07-20,11.150019645690918,11.309616504667014,11.07263940633555,11.292689634960853,7086000
2001-07-23,10.755860328674316,11.135507307257482,10.697825627045463,11.135507307257482,10382000
2001-07-24,10.688157081604004,10.784881929920662,10.555159838640279,10.755864567670196,9968400
2001-07-25,10.876773834228516,10.88886432775733,10.642214385498274,10.688159552331513,7287400
2001-07-26,10.881609916687012,10.884027646348033,10.736522153442719,10.876773534919467,6933200
2001-07-27,10.830829620361328,10.903373504184174,10.688159582450002,10.881610246792768,4724000
2001-07-30,10.702666282653809,10.830828079029214,10.642212900996952,10.770374697372358,5806800
2001-07-31,10.784880638122559,10.818735299545903,10.591430042215174,10.70266401955627,8695000
2001-08-01,10.659133911132812,10.821148428064403,10.58175278322145,10.809057943918654,7926000
2001-08-02,10.61802864074707,10.746189475128554,10.51888516232184,10.724426227550085,10578800
2001-08-03,10.80905818939209,10.828402779975637,10.663969609013739,10.688151500299213,11690800
2001-08-06,10.787297248840332,10.876767959564067,10.712334753536915,10.828405089124605,7596400
2001-08-07,10.852587699890137,10.852587699890137,10.738935085243478,10.80664255484825,8588000
2001-08-08,11.002514839172363,11.082313741219249,10.775210469080776,10.833245195619105,13201200
2001-08-09,11.0291109085083,11.050874154537489,10.88160456569325,10.958984791031465,9790400
2001-08-10,11.043620109558105,11.118582613112467,10.748608320051696,10.951731660298716,7793800
2001-08-13,11.075054168701172,11.111326549752926,10.966237947990878,11.002510329042632,5174200
2001-08-14,11.13309383392334,11.147602053652877,11.050877206489854,11.099240091294018,6728200
2001-08-15,11.505484580993652,11.5345019371812,11.159691268071214,11.17178175627893,15860400
2001-08-16,11.536918640136719,11.549009127269512,11.345885807125436,11.505483558080462,9601600
2001-08-17,11.49581527709961,11.580449642439907,11.367653480725933,11.536923133851927,6383600
2001-08-20,11.737629890441895,11.737629890441895,11.536924201987889,11.582869366665328,8027400
2001-08-21,11.682011604309082,11.795663332623691,11.62155822368277,11.727955841504743,8164600
2001-08-22,11.667502403259277,11.691683386412233,11.561104785962742,11.682011546618279,7915600
2001-08-23,11.957676887512207,11.993948356400043,11.657827763501853,11.723117514434234,9309600
2001-08-24,11.899643898010254,12.054404413625937,11.802919036973169,11.945589060264897,8325400
2001-08-27,11.730372428894043,11.904478443331008,11.70377371886199,11.848861449262598,8020400
2001-08-28,11.57560920715332,11.730369662400635,11.510319467137407,11.730369662400635,6329800
2001-08-29,11.534504890441895,11.631229743313908,11.440197766852405,11.59495826940391,5472200
2001-08-30,11.798079490661621,12.03022020181226,11.621555767238,11.631227605035386,13128600
2001-08-31,11.769062042236328,11.86820645806637,11.679591309778164,11.684427690241478,7670800
2001-09-04,11.969765663146973,12.184979484044662,11.718279456110192,11.829513420683927,14190400
2001-09-05,12.19948673248291,12.259940085049777,11.800494236563601,11.800494236563601,13798400
2001-09-06,11.972187995910645,12.177730059002611,11.952843392323485,12.177730059002611,10386200
2001-09-07,12.025382995605469,12.085836359300918,11.88513167150349,11.911730376675584,12133000
2001-09-10,12.166271209716797,12.222291965797226,12.05666497862815,12.115121944922748,13732600
2001-09-17,12.271383285522461,12.271383285522461,11.907152580051308,12.100268195250793,20256600
2001-09-18,12.092930793762207,12.298268644203656,11.965816797536368,12.2958236242271,11112000
2001-09-19,12.100261688232422,12.20781923420498,11.814255950475028,12.15404092746956,14416000
2001-09-20,11.819145202636719,12.078262276913907,11.806922901468376,11.931592797890174,16598600
2001-09-21,11.440252304077148,11.692036272907123,11.061355239287078,11.24469261894377,23054200
2001-09-24,11.740924835205078,11.904706703398183,11.442696681819527,11.442696681819527,13608400
2001-09-25,11.733592987060547,12.041599392669923,11.687147850520887,11.696925135975107,17787200
2001-09-26,11.462255477905273,11.733595011752424,11.430476730314451,11.709150395145546,11593800
2001-09-27,11.476919174194336,11.506252891337068,11.366916569281523,11.484252370354506,11084800
2001-09-28,11.452473640441895,11.550253940985451,11.418250815002267,11.501363790713674,11554000
2001-10-01,11.266691207885742,11.423138929138341,11.208022846165031,11.366915587594562,12393400
2001-10-02,11.286246299743652,11.359581982375124,11.124909476457908,11.305802730445896,9414200
2001-10-03,11.195796012878418,11.244686139114016,11.088238481161381,11.232463840680516,11105800
2001-10-04,11.039351463317871,11.068685174318196,10.956238505065404,11.00023953781682,12277400
2001-10-05,11.122464179992676,11.220244457872468,10.82668019153397,11.000239298893854,10504800
2001-10-08,11.281355857849121,11.364468806630198,11.088240339725184,11.115129960286968,6919000
2001-10-09,11.288691520690918,11.303358843978575,11.11757647900942,11.183578035050939,5939800
2001-10-10,11.281355857849121,11.330245059777722,11.17379737560199,11.281355857849121,8301800
2001-10-11,11.256912231445312,11.366914819423991,11.146909643466634,11.244689928892551,9565400
2001-10-12,10.951351165771484,11.083354285335957,10.758235594464422,11.036909157712314,16640000
2001-10-15,10.878015518188477,10.951350267765765,10.768012927571577,10.804680768611188,9715400
2001-10-16,10.887795448303223,10.951351992613235,10.829127079899912,10.878017231485657,9620000
2001-10-17,10.824234008789062,10.973348496909523,10.816900815111577,10.948903896316747,10608200
2001-10-18,11.274028778076172,11.293585217072222,10.841352356563076,10.841352356563076,15165200
2001-10-19,11.877815246582031,11.94870590896434,11.491584133604162,11.53803019016592,23672000
2001-10-22,11.973151206970215,11.975596227194783,11.672478061985794,11.760480140030404,12130800
2001-10-23,11.94626235961914,11.973151988833367,11.806926037783654,11.973151988833367,8877600
2001-10-24,11.921820640563965,11.975599912028176,11.865597280625144,11.894931004831859,6779200
2001-10-25,12.085594177246094,12.09781740960764,11.794699337574405,11.797143424545691,7438400
2001-10-26,12.01225757598877,12.097815526694756,11.948701067108562,11.978034768707,6475600
2001-10-29,11.882704734802246,12.014707848465402,11.85581510803731,11.978040006058313,5771000
2001-10-30,11.772706985473633,11.929154770130713,11.628481509148694,11.758039655973649,7737200
2001-10-31,11.704252243041992,11.80936569174895,11.670029433230729,11.77269786266452,6391000
2001-11-01,11.877815246582031,11.899815764821302,11.577142118979964,11.586920334308958,7242800
2001-11-02,11.948708534240723,11.965819948575081,11.709147801057565,11.738481520987587,5705000
2001-11-05,12.051375389099121,12.124710145249423,11.80692558026343,11.80692558026343,7725800
2001-11-06,12.185824394226074,12.185824394226074,11.943819569996897,11.990264704823165,6333000
2001-11-07,12.075820922851562,12.198045827202279,12.004930254527663,12.075820922851562,5599600
2001-11-08,11.995148658752441,12.12470672246064,11.929147117098712,12.039149686521595,7392800
2001-11-09,12.031818389892578,12.063596189679627,11.868036553482048,11.919370783139806,5188800
2001-11-12,12.056262016296387,12.100263047432652,11.912036621461258,11.968259954023857,4106200
2001-11-13,12.136931419372559,12.154042828624293,12.012261514822075,12.075818977044403,5599600
2001-11-14,12.222490310668945,12.239601722503721,12.124710015182792,12.161377859115602,8670400
2001-11-15,12.222490310668945,12.332492909965367,12.161377859115602,12.246934918289481,10053200
2001-11-16,12.205384254455566,12.327609211193554,12.168716394433204,12.327609211193554,8534600
2001-11-19,12.092930793762207,12.271379019472935,12.004928724644172,12.246933482216871,6804200
2001-11-20,11.978041648864746,12.039154106256913,11.904706886494564,11.953597038908718,7764200
2001-11-21,11.919370651245117,11.978039007706142,11.863147314741825,11.880258724438399,4568600
2001-11-23,12.014703750610352,12.014703750610352,11.858255151201737,11.858255151201737,2171600
2001-11-26,11.809367179870605,12.000037677132488,11.758032026183235,11.96581486300874,8057400
2001-11-27,11.731143951416016,11.826479205029543,11.613807250428202,11.80936779707336,7262400
2001-11-28,11.471053123474121,11.625636561339261,11.426886426941225,11.583923154163646,9075800
2001-11-29,11.552029609680176,11.60110290148314,11.399899409849251,11.520131221197815,7146400
2001-11-30,11.522583961486816,11.593741541623498,11.473509736012796,11.53239899378422,6975200
2001-12-03,11.417074203491211,11.471055942745926,11.314019176928163,11.372907496103345,8425800
2001-12-04,11.421979904174805,11.544664974973703,11.358184079205014,11.517674109635895,7857600
2001-12-05,11.561841011047363,11.63054528837812,11.52258182514957,11.601100196945156,12115800
2001-12-06,11.392537117004395,11.505407171046988,11.326287058497764,11.458787175511025,7025800
2001-12-07,11.434246063232422,11.50785784061101,11.311561015618286,11.33119107252261,6653800
2001-12-10,11.196239471435547,11.500497913290666,11.166794381439674,11.326285342872591,7431400
2001-12-11,11.201143264770508,11.338549895045741,11.176605697926739,11.22567989560181,7332600
2001-12-12,11.282114028930664,11.31891990836363,11.152068210689,11.201142404595492,8400000
2001-12-13,11.343459129333496,11.409709165843779,11.228134887703083,11.25021823320651,10977800
2001-12-14,11.348374366760254,11.463698686876436,11.30666187242825,11.336106041133974,6786600
2001-12-17,11.323827743530273,11.446512763780818,11.237947667747438,11.446512763780818,8741400
2001-12-18,11.409709930419922,11.421978248518915,11.25758072676454,11.39744161232093,9842800
2001-12-19,11.652628898620605,11.76549894359042,11.348369499122796,11.348369499122796,15066400
2001-12-20,11.718871116638184,11.802296956417127,11.591279536752548,11.593732824975916,9772400
2001-12-21,11.969158172607422,11.969158172607422,11.721334680048631,11.814575619036956,16875000
2001-12-24,11.868555068969727,11.974064318801204,11.804759235496544,11.969156802993584,5177400
2001-12-26,11.905359268188477,11.969155092544934,11.72869246841244,11.790035003222142,4803000
2001-12-27,11.76305103302002,11.76305103302002,11.64772763647003,11.655088445437613,7931600
2001-12-28,11.574113845825195,11.640363923372135,11.529948063473757,11.60846646589683,8710400
2001-12-31,11.56920337677002,11.704156777081774,11.520129157744051,11.593740018276566,6934000
2002-01-02,11.647720336914062,11.689432809607215,11.350821769103625,11.483321863563216,8848000
2002-01-03,11.495588302612305,11.691885122748193,11.40970914581231,11.691885122748193,10789800
2002-01-04,11.392537117004395,11.444064628283023,11.29193538431201,11.434249596797688,10145600
2002-01-07,11.095640182495117,11.532398816887111,10.99258421697916,11.26249198493963,17142800
2002-01-08,10.955780029296875,11.15698352254598,10.950872512874573,11.15698352254598,12292800
2002-01-09,10.933694839477539,11.063740726810051,10.911611487287782,10.91897229268007,12000600
2002-01-10,10.987674713134766,11.029388124206047,10.91651808297545,10.945962238076298,9222800
2002-01-11,11.115266799926758,11.188877652374066,10.96068335457847,11.029387628073692,11290600
2002-01-14,10.918973922729492,11.083371507785456,10.86989969542473,11.041659022984879,16115200
2002-01-15,10.882162094116211,10.995033036275352,10.806097972414697,10.980310495294805,12015800
2002-01-16,10.833094596862793,10.992584663671684,10.779112853874512,10.933696340423577,10501000
2002-01-17,11.053922653198242,11.090728542055242,10.872349306069058,10.894432652180729,9838000
2002-01-18,11.149614334106445,11.15206855868517,11.044105141519454,11.066188482665858,9820800
2002-01-22,11.262486457824707,11.272300549142264,11.090727223598371,11.149615515553814,9442400
2002-01-23,10.987674713134766,11.228137341152792,10.79628630096003,11.225684051566395,13132600
2002-01-24,10.850272178649902,11.066197313260233,10.739855384807589,11.041660663967795,13154000
2002-01-25,11.078459739685059,11.137348036064344,10.801191280862518,10.820820400984749,8429800
2002-01-28,11.093181610107422,11.102996638408712,10.921422358885316,11.004848227421046,9345200
2002-01-29,10.796284675598145,11.078460672206347,10.796284675598145,11.04165478186174,15979600
2002-01-30,10.759476661682129,10.867440086177746,10.7005883719686,10.857625059221329,11985000
2002-01-31,10.734949111938477,10.845365918578215,10.673606545584542,10.820828330428673,18087600
2002-02-01,10.963135719299316,10.968043233431223,10.722673142911566,10.734941460235024,14601200
2002-02-04,10.963135719299316,11.03920078432495,10.884617365214034,10.963135719299316,9806000
2002-02-05,11.225687980651855,11.30911389598138,10.94351184279852,11.014669433876406,15225200
2002-02-06,11.409709930419922,11.414617444862055,11.09318226899749,11.237950668996012,15027600
2002-02-07,11.25758171081543,11.387627578855163,11.225683332159601,11.262489225686538,8603800
2002-02-08,11.25022029876709,11.255127813781392,11.049016863244596,11.14225777649078,6663800
2002-02-11,11.321383476257324,11.345921063496002,11.11527242351865,11.11527242351865,9030800
2002-02-12,11.314016342163086,11.318923856866915,11.164340419740789,11.188877057247218,6057000
2002-02-13,11.380271911621094,11.380271911621094,11.16679913042344,11.225688399446662,7968400
2002-02-14,11.529943466186523,11.532396755778285,11.287026612038321,11.323832508004442,8097800
2002-02-15,11.520129203796387,11.544665845401019,11.446518342969608,11.532397524598702,12432600
2002-02-19,11.35818862915039,11.500502881559724,11.296846069177896,11.372910244495353,6432600
2002-02-20,11.502957344055176,11.532401511362192,11.144716075098147,11.287031266439591,7912000
2002-02-21,11.287030220031738,11.588835480984926,11.257586055454459,11.47105788666269,9376200
2002-02-22,11.606008529663086,11.655082749495117,11.262490862864649,11.287027504774219,12420400
2002-02-25,11.623186111450195,11.699251210411836,11.532399399537484,11.606010272331925,8480200
2002-02-26,11.529943466186523,11.691887723614387,11.43670254948175,11.625637672483059,8453000
2002-02-27,11.650177955627441,11.772863065862794,11.483326130826313,11.520132038302163,8153200
2002-02-28,11.628092765808105,11.777768726469057,11.618277733892937,11.753232082694097,8506200
2002-03-01,11.878368377685547,11.888183407877163,11.522581489348246,11.522581489348246,9108000
2002-03-04,11.721334457397461,11.875917944044595,11.581473519578203,11.804760362062721,9246600
2002-03-05,11.679620742797852,11.758139129208933,11.593741550164793,11.65999161420158,8700000
2002-03-06,11.664895057678223,11.777765081735144,11.56183912648645,11.569200866151153,7829200
2002-03-07,11.520129203796387,11.579017518052657,11.372906546129952,11.556934166203336,11507000
2002-03-08,11.740961074829102,11.819479446421534,11.630545258286059,11.652628608797233,7939800
2002-03-11,11.674713134765625,11.802304799440154,11.630546429296398,11.802304799440154,6068800
2002-03-12,11.799850463867188,11.802303753503434,11.53485025453651,11.630545398581145,6878800
2002-03-13,11.814635276794434,11.851593946695743,11.728396500514199,11.75303655370366,6989600
2002-03-14,11.79985237121582,11.910730271347257,11.772748780081246,11.839275520160108,8102200
2002-03-15,11.984655380249023,12.085677315669413,11.878705430915135,11.91320058838709,14707200
2002-03-18,11.992034912109375,12.102912764229146,11.87130198196243,12.02406650048211,8276200
2002-03-19,12.122631072998047,12.179301795645467,12.036392281204247,12.048712779976285,8382400
2002-03-20,12.174371719360352,12.263074031911485,12.102916974258392,12.122629017012835,7312000
2002-03-21,12.418299674987793,12.509465497933476,12.287709777339465,12.314813358736696,15073200
2002-03-22,12.627735137939453,12.684405836499602,12.38134030597966,12.420763441496359,13291000
2002-03-25,12.750932693481445,12.834706974861573,12.652374383650107,12.677014431068793,15111000
2002-03-26,12.960368156433105,12.980080194717054,12.74846938441097,12.750932919235604,16579000
2002-03-27,12.883989334106445,12.896308890918888,12.775574978344299,12.802678567284836,19315200
2002-03-28,12.876596450805664,12.923412081139277,12.797750161732314,12.883988936602602,10190400
2002-04-01,12.886449813842773,12.898769367733982,12.704118160440768,12.812531550573805,7959000
2002-04-02,12.881518363952637,12.883982838025704,12.738609885123006,12.861807270975412,8597800
2002-04-03,12.74847412109375,12.851959540769228,12.689338924192,12.802680366671447,8403000
2002-04-04,12.817458152770996,12.913551978461824,12.7041167655419,12.748467906617913,9461600
2002-04-05,12.856882095336914,12.881521201967217,12.716437119716511,12.787891844834729,5724800
2002-04-08,13.058930397033691,13.083569512380048,12.699194049413666,12.713977142652679,10295200
2002-04-09,13.145159721374512,13.194438860051735,12.997323245264234,13.058921933630415,8951600
2002-04-10,13.359530448913574,13.41620115748171,13.063856410361769,13.083567511640231,8325400
2002-04-11,13.093420028686523,13.334886829247313,13.063852914719506,13.332423294717398,8850800
2002-04-12,13.147628784179688,13.182123911317156,12.933265537024202,12.997327781719251,7078600
2002-04-15,12.908632278442383,13.061396896078719,12.864281108818574,13.02197373862669,8734000
2002-04-16,13.275754928588867,13.280682938434197,12.763253183735726,12.908626184446783,12718200
2002-04-17,13.285605430603027,13.320101487634208,13.122984921427536,13.21907967041794,8254800
2002-04-18,13.233864784240723,13.354598652559766,13.110667381430986,13.292999951154897,7437000
2002-04-19,13.52954387664795,13.546791444397138,13.206766220343782,13.236334284989777,9241200
2002-04-22,13.625636100769043,13.761153091063417,13.495047120657244,13.549254292743727,11199000
2002-04-23,13.433446884155273,13.58867589762609,13.369383698948136,13.564035849499602,7624600
2002-04-24,13.546789169311523,13.566501209098359,13.428519750355886,13.4876549297946,9417000
2002-04-25,13.546789169311523,13.551717179258233,13.342281926092959,13.539397624352356,8991200
2002-04-26,13.416204452514648,13.573897061159242,13.416204452514648,13.529545897487688,6252400
2002-04-29,13.463018417358398,13.571432784827392,13.322573386702688,13.416203720447173,8159000
2002-04-30,13.677377700805664,13.807967610365301,13.4851900187089,13.524613157085717,13047600
2002-05-01,14.197275161743164,14.268729914801495,13.724197362023254,13.738980455813229,16158400
2002-05-02,14.202197074890137,14.239156673339561,14.066680113778304,14.143062845277019,13051000
2002-05-03,14.010014533996582,14.086396353461621,13.859713490643863,14.044509670519114,9020600
2002-05-06,13.943490028381348,14.069151037245371,13.921314445649799,13.995232741447586,7796400
2002-05-07,13.958269119262695,14.039578933862357,13.85971079982853,14.039578933862357,8967400
2002-05-08,13.921310424804688,14.037116316724074,13.75868984504986,13.945949536313476,10446000
2002-05-09,13.921310424804688,14.017404275579558,13.899134848478035,13.945949536313476,5404200
2002-05-10,13.886819839477539,14.019873341001167,13.847396684202629,13.896675863276807,6790600
2002-05-13,14.01740550994873,14.019869985269743,13.785794645636217,13.79811420247547,6302000
2002-05-14,13.958269119262695,14.0198678339286,13.87942283968408,14.007547339057984,7122000
2002-05-15,13.968122482299805,14.002618547806744,13.847389542751392,13.896668696411055,7274000
2002-05-16,14.05682373046875,14.093783327958304,13.896667667831101,14.032184625423453,7680800
2002-05-17,14.044510841369629,14.106109573130022,13.936097411843276,14.03219128300196,7058200
2002-05-20,13.847389221191406,14.044504891331018,13.773470962379259,13.982906185667286,5421200
2002-05-21,13.665055274963379,13.884346494851526,13.613312592951436,13.847387839095093,8376200
2002-05-22,13.847389221191406,13.872028327488236,13.677376192009644,13.687232210497038,5470000
2002-05-23,13.968122482299805,13.968122482299805,13.741439691355703,13.847389542751392,5719400
2002-05-24,13.847389221191406,14.162774293414786,13.738974897673376,13.980442651006266,6929000
2002-05-28,13.463018417358398,13.83507527675457,13.440842836732653,13.785796104261575,7020000
2002-05-29,13.342281341552734,13.428519162037487,13.258507055972512,13.428519162037487,8976200
2002-05-30,13.40141487121582,13.453157560775939,13.256041881555229,13.28068192890888,9656800
2002-05-31,13.689703941345215,13.721734608524706,13.472876119300624,13.52708330979231,8404400
2002-06-03,13.312721252441406,13.650283071660144,13.30286616700208,13.527085574406614,6607600
2002-06-04,13.305322647094727,13.305322647094727,13.046608228052246,13.157486104762398,10837400
2002-06-05,13.650274276733398,13.662593830536752,13.209227295152752,13.30532113070929,8356200
2002-06-06,13.342281341552734,13.662594454681205,13.295465719070942,13.662594454681205,7283600
2002-06-07,13.317641258239746,13.416199572755893,13.243722992313508,13.305321703905664,7087200
2002-06-10,13.23879623413086,13.354602123646831,13.211692648080582,13.293003406231414,6861800
2002-06-11,13.305322647094727,13.539397955722421,13.238795921068634,13.256043486343346,11366200
2002-06-12,13.473492622375488,13.589729003301697,13.30779483489127,13.354783548487722,10515600
2002-06-13,13.478438377380371,13.599621082481796,13.36714833053535,13.475965684524178,7487600
2002-06-14,13.564997673034668,13.574890331943378,13.280590805028385,13.404246211139608,9062000
2002-06-17,13.663921356201172,13.698544716383479,13.52542697205614,13.552631310318182,7105600
2002-06-18,13.676290512084961,13.710913881899828,13.577366733101922,13.602097441993664,7294800
2002-06-19,13.621882438659668,13.866719658457823,13.555108394146703,13.676290185605898,9771000
2002-06-20,13.780156135559082,13.935961238338717,13.629296417876455,13.63918907490187,10251400
2002-06-21,13.849409103393555,13.861774458552645,13.579840209894428,13.579840209894428,17739400
2002-06-24,14.08435344696045,14.143707524125716,13.8246772366763,13.849407944925819,11513800
2002-06-25,13.713388442993164,14.131343489292728,13.560055962015829,14.08435476186539,11779200
2002-06-26,13.735647201538086,13.799947618511498,13.43887394173238,13.478443646812062,13409200
2002-06-27,13.871659278869629,13.960691295154115,13.560048165289524,13.797466246437756,11711000
2002-06-28,13.849409103393555,14.208010063503934,13.795000408594206,13.933494839257946,14290600
2002-07-01,13.935961723327637,14.121444803638559,13.91123102331914,13.91123102331914,10267600
2002-07-02,14.01757526397705,14.146176984420924,13.886500850804694,14.084349288635357,12085600
2002-07-03,14.00026798248291,14.071988358543209,13.856827230362311,13.955751952060384,12984600
2002-07-05,13.965641975402832,13.97306099793343,13.740589172287796,13.799943239364351,6698000
2002-07-08,14.165961265563965,14.220369939399058,13.987898144367252,14.022521502838396,10446200
2002-07-09,13.958223342895508,14.153599131136657,13.879083950289267,14.121448458072878,18088000
2002-07-10,13.527910232543945,14.084359914421212,13.441350827090927,13.958230791549136,15884200
2002-07-11,13.13468074798584,13.45371200378211,12.899735227591313,13.354787276221428,25808200
2002-07-12,12.625219345092773,13.107475715771349,12.538660920562599,13.107475715771349,17365800
2002-07-15,12.860161781311035,12.921989482182722,12.21468043326408,12.551023276952597,18263000
2002-07-16,12.457043647766113,12.785967435981036,12.387796931685394,12.62521505260422,13761800
2002-07-17,12.365543365478516,12.847799745415395,12.303715648651123,12.662316594933218,19555200
2002-07-18,11.853608131408691,12.454573522465589,11.69285571489443,12.377906825703782,15981000
2002-07-19,11.151246070861816,11.673072106259346,11.064687652229244,11.606298064707357,20025800
2002-07-22,11.349096298217773,11.69780460638049,11.104259051750414,11.173505797269886,23931200
2002-07-23,11.025115013122559,11.37134953869258,10.931136652669432,11.05479204253353,23664800
2002-07-24,11.586509704589844,11.64833739979772,10.782749666887444,10.782749666887444,26732200
2002-07-25,11.762103080749512,11.932747208978752,11.351567152332683,11.549415622036712,14898000
2002-07-26,11.73490047454834,11.873393952112629,11.586513392765951,11.77199653743189,10545200
2002-07-29,12.224574089050293,12.266616476233068,11.838768864508966,11.87091953574139,12973200
2002-07-30,11.90802001953125,12.167696271642882,11.774471909274,12.167696271642882,10814600
2002-07-31,12.350702285766602,12.363068581774272,11.908016625120348,11.908016625120348,14246800
2002-08-01,12.348234176635742,12.551029053354572,12.229525049538106,12.328448850411329,11129800
2002-08-02,12.390274047851562,12.573284504365047,12.192425543118125,12.365543338540915,8567400
2002-08-05,11.959948539733887,12.390268735087151,11.895647213631925,12.390268735087151,9946400
2002-08-06,11.838769912719727,12.303714566525828,11.75963051761435,12.11328510223601,10717200
2002-08-07,12.120705604553223,12.120705604553223,11.771997307506856,11.94264241554869,9408400
2002-08-08,12.568336486816406,12.568336486816406,12.078661149547502,12.130596198178456,8422000
2002-08-09,12.637585639953613,12.721671377218415,12.437264430158159,12.548554515275711,8503400
2002-08-12,12.565862655639648,12.62521672200974,12.380379547255325,12.41500290987386,7161800
2002-08-13,12.429841995239258,12.724142488963935,12.355648934358129,12.3655415940532,7377800
2002-08-14,12.84779167175293,12.884887712488242,12.261665548712436,12.429835964860409,9480800
2002-08-15,12.71424388885498,13.001124282062655,12.61531922495626,12.860157249227061,10489200
2002-08-16,12.907159805297852,13.033288934375873,12.674687821949604,12.714257541315614,9989400
2002-08-19,12.785965919494629,12.968975345549387,12.679622221888904,12.968975345549387,9767400
2002-08-20,12.768661499023438,12.84780090825201,12.593070050344876,12.662317740982008,8636000
2002-08-21,13.04317569732666,13.06048738275128,12.699412795598684,12.884895948076267,8965200
2002-08-22,12.959090232849121,13.105003686897499,12.803284117376691,13.043175968121341,6997800
2002-08-23,13.033273696899414,13.20639137051137,12.90961835052165,12.959080677755841,7769400
2002-08-26,13.109947204589844,13.16682952795813,12.887368014787263,13.033281448026992,6329600
2002-08-27,12.988761901855469,13.15693330284813,12.860160186777804,13.1148899808921,7990600
2002-08-28,12.682101249694824,12.919520404474307,12.563392144013138,12.909627743146805,8312000
2002-08-29,12.464466094970703,12.682098944113843,12.36554138651223,12.526293801903265,7309200
2002-08-30,12.61285400390625,12.884895575643682,12.40264014787424,12.41500550233211,9969000
2002-09-03,12.345754623413086,12.536184051701403,12.236938211569402,12.464464637044522,10677800
2002-09-04,12.489203453063965,12.575761911510703,12.365547973330658,12.365547973330658,9965400
2002-09-05,12.204785346984863,12.410053725887428,12.138012273531578,12.377903063672976,7905000
2002-09-06,12.338340759277344,12.439738191438307,12.14791125138164,12.303717383917439,5966000
2002-09-09,12.452095985412598,12.630160028739583,12.244354916002997,12.2567212083351,5963400
2002-09-10,12.605435371398926,12.64995140356264,12.380382516978413,12.48919896036966,5660800
2002-09-11,12.68736743927002,12.80902754741495,12.647641863634774,12.806545113308186,5970600
2002-09-12,12.302520751953125,12.545839922304381,12.255346946021326,12.501148549471289,6457800
2002-09-13,12.327349662780762,12.38942090791635,12.193275545976201,12.240449351311716,7089800
2002-09-16,12.583088874816895,12.637711899599964,12.302526448157241,12.377011788322573,7943400
2002-09-17,12.153553009033203,12.761851552045695,12.15106962821633,12.712194354163238,11016200
2002-09-18,12.240456581115723,12.396876476443511,12.054242735722077,12.091485883653846,8992800
2002-09-19,11.835750579833984,11.992170462226564,11.679331644573923,11.917685119655223,12532600
2002-09-20,11.798510551452637,12.04182988706104,11.711610179864334,11.868030091017125,17571600
2002-09-23,11.669395446777344,11.840711762368842,11.522907253283577,11.69918938272105,7769800
2002-09-24,11.719051361083984,11.892851038225654,11.594908869858799,11.64456605577528,9446400
2002-09-25,12.03934097290039,12.203209047348926,11.71905307148165,11.868023703841342,10466000
2002-09-26,12.02444076538086,12.086512005777362,11.796018108213111,12.039338204043528,10570000
2002-09-27,12.03934097290039,12.240451231872758,11.96733809016926,12.024443530811547,8752400
2002-09-30,11.907755851745605,12.041830063267026,11.781130838952734,11.86803026467993,10303000
2002-10-01,12.429154396057129,12.439085081793724,11.97975795361691,12.017001103310225,11120400
2002-10-02,12.389425277709961,12.662538473781716,12.364596202619202,12.451496544738303,11077400
2002-10-03,12.568185806274414,12.761848740639264,12.439077499075202,12.488734686018294,11420000
2002-10-04,12.637709617614746,12.833854090301491,12.588052417426939,12.712194944330298,10234200
2002-10-07,12.446531295776367,12.883512618791139,12.416736404312413,12.620331040786443,12451400
2002-10-08,12.940622329711914,13.114422131886663,12.602954359117026,12.662543214511953,14686400
2002-10-09,12.818964004516602,13.034971844165593,12.665026512230847,12.786686666181486,11657800
2002-10-10,12.77674674987793,12.910820886394518,12.518530104838316,12.761850255019759,12181800
2002-10-11,12.774266242980957,12.910822833524463,12.593018266858511,12.761852179682878,12385000
2002-10-14,13.047380447387695,13.0796577722001,12.70226434611876,12.712195976389099,8373800
2002-10-15,13.02999496459961,13.183931379061923,12.724604568608836,13.047374836532518,13850800
2002-10-16,11.719051361083984,12.41424912251862,11.63960024247043,12.41424912251862,37382000
2002-10-17,11.396280288696289,11.880435213435037,11.06606083014937,11.843193036910815,33108000
2002-10-18,11.517943382263184,11.58249802601768,11.202621253346873,11.296969838070662,17405000
2002-10-21,11.917684555053711,11.942512685690417,11.644571329520051,11.694227590793464,15011400
2002-10-22,11.887883186340332,12.101408386172647,11.75132665883628,11.917677113928224,10844600
2002-10-23,11.902786254882812,11.962375090123452,11.726504077458381,11.890372190454631,10801200
2002-10-24,11.642087936401367,11.962375935806271,11.550222716579507,11.942512673611018,10427200
2002-10-25,11.66195297241211,11.706644372016642,11.512981324686132,11.652021339803854,9369200
2002-10-28,11.403732299804688,11.664431410078551,11.339177657103857,11.664431410078551,9626800
2002-10-29,11.515464782714844,11.517947217317051,11.177796848857453,11.359044883062424,11569200
2002-10-30,11.63215446472168,11.68926086093072,11.448424054150035,11.470769747017648,10282800
2002-10-31,11.540289878845215,11.70912380132193,11.39628503151647,11.599878712067973,11850000
2002-11-01,11.627190589904785,11.68429604385758,11.334214123793986,11.540290244829519,10783000
2002-11-04,11.346624374389648,11.644566555543765,11.296967186341949,11.629669114989829,13604200
2002-11-05,11.510494232177734,11.532839922937427,11.381385901914209,11.383868335495405,10645200
2002-11-06,11.27214241027832,11.50056421708455,11.147999876892579,11.498081783155076,19806600
2002-11-07,11.128140449523926,11.269662910554244,11.07351741293935,11.222489072588369,11576200
2002-11-08,11.053655624389648,11.222489611824663,11.043723990509298,11.08593296093442,10365600
2002-11-11,11.063587188720703,11.170349884431486,10.989100882219054,11.051172172881941,8224600
2002-11-12,11.00151252746582,11.274625743854278,10.976683450528043,11.197657026045832,11236800
2002-11-13,11.229936599731445,11.383873119020274,11.023860429138235,11.048688563911952,11831600
2002-11-14,11.207592964172363,11.401255103053902,11.205110529090746,11.359047076736768,9944400
2002-11-15,11.41366958618164,11.421117838211034,11.175315102780687,11.207592440129325,13655600
2002-11-18,11.401249885559082,11.493116042796384,11.319316305501273,11.47077034875655,8862400
2002-11-19,11.517943382263184,11.70912298548641,11.383869227202899,11.401249105029347,11389800
2002-11-20,11.440975189208984,11.592428269227623,11.274623718571466,11.592428269227623,11292800
2002-11-21,11.361519813537598,11.545251108125413,11.152960400795859,11.545251108125413,16084800
2002-11-22,11.274626731872559,11.465806378950914,11.1107585982529,11.42111498367896,9489600
2002-11-25,11.200141906738281,11.27214481879865,11.115724928113298,11.185244458581202,10346400
2002-11-26,11.172703742980957,11.269965968755299,11.117838433083932,11.12781333856971,10625800
2002-11-27,11.529338836669922,11.569241334461303,11.172709846443558,11.222588206520435,10498000
2002-11-29,11.382193565368652,11.509383379368591,11.352266942042279,11.509383379368591,5242200
2002-12-02,11.272464752197266,11.519361120244293,11.235055750323262,11.516867630749562,10058000
2002-12-03,11.197647094726562,11.44204996007237,11.170213955014722,11.347281191436116,13710800
2002-12-04,11.382193565368652,11.521852726475396,11.13030932895046,11.147766605170027,12994600
2002-12-05,11.230072021484375,11.419609639910298,11.172712228141235,11.38469506581889,8642800
2002-12-06,11.322339057922363,11.377204369352846,11.172704055252627,11.172704055252627,7989600
2002-12-09,11.24752426147461,11.394664865798884,11.187671004561556,11.272463911313688,8486400
2002-12-10,11.596670150756836,11.596670150756836,11.247522711914385,11.25001715222982,12368400
2002-12-11,11.659024238586426,11.698926743381033,11.476969001001605,11.58420716101538,15685200
2002-12-12,11.439553260803223,11.549285797985634,11.30986995862868,11.546791357767745,11997200
2002-12-13,11.434563636779785,11.576716264921993,11.097886559885092,11.160234237187817,15263600
2002-12-16,11.40463924407959,11.469481373886738,11.29740114207951,11.434565868648143,12417200
2002-12-17,11.202631950378418,11.461998556781442,11.185174674115734,11.434565422268594,11792200
2002-12-18,11.107865333557129,11.207621072627798,11.065468407155608,11.197646164665947,11923600
2002-12-19,11.003117561340332,11.097886294956169,10.865952864818745,11.06047730892754,13308200
2002-12-20,10.993145942687988,11.05798712632548,10.94576108603913,11.03554191826821,16630800
2002-12-23,11.070451736450195,11.122823549050297,10.943262912799963,10.998128213516773,10149600
2002-12-24,11.03055477142334,11.062975841218272,10.935786002749902,10.935786002749902,3392600
2002-12-26,11.010601997375488,11.147766719659455,10.99813169879041,11.023071344610356,4606400
2002-12-27,10.841019630432129,11.040532103166397,10.781165412936593,10.97319646524036,6725200
2002-12-30,10.85098934173584,10.915831458902025,10.698861808215298,10.86595312677805,10272400
2002-12-31,10.933292388916016,10.998133576417292,10.788645272516467,10.838523621321498,8993400
2003-01-02,11.185176849365234,11.220092360031039,10.985664402312585,11.01060405278816,9358800
2003-01-03,11.15774154663086,11.20263100225702,11.02805825440494,11.187668167498341,6184400
2003-01-06,11.202631950378418,11.259992659641757,11.057985811151864,11.122826987077518,7796000
2003-01-07,11.062976837158203,11.160239103948607,11.023074344337768,11.097891399457273,7628000
2003-01-08,10.99065113067627,11.160236929965897,10.948255156529004,11.122827934018074,6403600
2003-01-09,11.105378150939941,11.142787172133936,10.898384167359044,10.948262545167394,9030200
2003-01-10,11.272464752197266,11.317355173905895,11.050507084499282,11.060481993828638,10570200
2003-01-13,11.412121772766113,11.45950663023956,11.247523894598585,11.297402241299421,9982800
2003-01-14,11.40463924407959,11.40962717339939,11.227572034302804,11.347279483927261,10436800
2003-01-15,11.197647094726562,11.40962889029016,11.182683304515454,11.40464096021979,8891200
2003-01-16,11.389679908752441,11.407138143871908,11.225081982252831,11.242540217372298,7965400
2003-01-17,11.24752426147461,11.474469842583199,11.23256142292153,11.347280958130186,10638400
2003-01-21,11.152756690979004,11.369726416915203,11.100383900842361,11.272464158783471,7587600
2003-01-22,11.11036205291748,11.367235272461762,11.07544748652423,11.155252481523256,8775000
2003-01-23,10.948256492614746,11.175202082396444,10.940774121701889,11.112854382441578,11129000
2003-01-24,10.681407928466797,10.97818262430577,10.661456208737945,10.973194694373557,11273200
2003-01-27,10.422042846679688,10.663951300977066,10.35470720949882,10.561701100372895,13448600
2003-01-28,10.24996280670166,10.474414935867605,10.225024104061232,10.474414935867605,17152600
2003-01-29,10.112798690795898,10.249963466853433,9.928249996129567,10.249963466853433,26361200
2003-01-30,9.776118278503418,10.167661707459844,9.776118278503418,10.162673777946672,24866000
2003-01-31,10.090348243713379,10.11279344643578,9.763647011292983,9.801055048263592,23750000
2003-02-03,10.013038635253906,10.130251636647504,9.998074848302517,10.112794360879304,12605400
2003-02-04,10.057931900024414,10.117785162120885,9.900815422157892,9.978125964978373,12553800
2003-02-05,9.988103866577148,10.162677660837117,9.94071994512328,10.112799297998462,11931800
2003-02-06,9.953186988830566,10.050449250557996,9.888345798129087,9.988101549312166,10054200
2003-02-07,9.858416557312012,10.03548472207457,9.850935138853826,10.000569216119096,9516400
2003-02-10,9.990593910217285,10.047953669259906,9.813525752515899,9.900813086898323,9055200
2003-02-11,9.726243019104004,10.003067011094595,9.688834011567218,9.950695161623559,15029400
2003-02-12,9.910788536071777,10.037977396287802,9.803550440574849,9.821007716460379,18589400
2003-02-13,9.970641136169434,10.047952603908172,9.801055365958737,9.920762800575089,10950400
2003-02-14,10.17514419555664,10.225022544580769,9.950693051973632,10.013040750416197,10808000
2003-02-18,10.24996280670166,10.354707450762609,10.137737693469212,10.212554752741019,9979800
2003-02-19,10.142723083496094,10.272406409875376,10.05044875656578,10.272406409875376,7042800
2003-02-20,9.988103866577148,10.17514701370912,9.983115935158219,10.09534201370753,8909400
2003-02-21,10.135237693786621,10.145213549911805,9.975627801183682,10.05044481942256,11297600
2003-02-24,9.930742263793945,10.132749168191731,9.930742263793945,10.132749168191731,8390400
2003-02-25,10.07040023803711,10.085363076381887,9.8509360792603,9.900814426893714,11328800
2003-02-26,9.905800819396973,10.05543488772343,9.855922479504752,10.050446958599188,9374600
2003-02-27,10.040472030639648,10.132747300962492,9.903307296739847,9.93822185249431,9354000
2003-02-28,10.030497550964355,10.13524122269868,9.96316192569929,10.040472459212625,8920800
2003-03-03,9.778613090515137,10.085363661947891,9.778613090515137,10.015534542016978,11912800
2003-03-04,9.56912612915039,9.783602400734592,9.554163287826265,9.783602400734592,12807600
2003-03-05,9.364625930786133,9.569126345204483,9.229954647725103,9.339687227115823,23918800
2003-03-06,9.364625930786133,9.416997779304122,9.277339516589482,9.364625930786133,14582000
2003-03-07,9.402030944824219,9.436945495675504,9.26486623018696,9.26486623018696,14152600
2003-03-10,9.244915962219238,9.37709276866692,9.229952173218434,9.327215374698193,11275400
2003-03-11,9.392057418823242,9.52672867812752,9.252398229394686,9.252398229394686,12187600
2003-03-12,9.545082092285156,9.595253544034291,9.402094076811679,9.407111317680677,17142400
2003-03-13,9.896279335021973,9.896279335021973,9.657965704180047,9.678034663676094,16248600
2003-03-14,10.009160995483398,10.036754368781319,9.898783674530554,9.946446956556661,13410200
2003-03-17,10.282596588134766,10.282596588134766,9.95899184381829,10.009163277787902,14134200
2003-03-18,10.27757740020752,10.290120017086462,10.109503271820637,10.290120017086462,12957600
2003-03-19,10.488301277160645,10.498334800957341,10.224901420976732,10.277581966377968,12900000
2003-03-20,10.418062210083008,10.49833615243497,10.272566048422908,10.488302627346632,9475400
2003-03-21,10.598673820495605,10.611216438362549,10.36036025326206,10.523417156353538,13678800
2003-03-24,10.262523651123047,10.533448715307715,10.227403948048767,10.485785440901076,9899400
2003-03-25,10.285102844238281,10.332765171456963,10.17723461590202,10.260017610321151,10120200
2003-03-26,10.217373847961426,10.300156860882923,10.199813988906662,10.297647762766214,9894800
2003-03-27,10.24998664855957,10.347820434098724,10.069369840216106,10.154661004496003,8500400
2003-03-28,10.217373847961426,10.30517410017579,10.142117172449503,10.249985424894792,7672600
2003-03-31,10.154659271240234,10.204830704654388,9.961499874607073,10.114522315897013,11954400
2003-04-01,10.132079124450684,10.179742402471437,10.0041429168449,10.159673452370022,13867600
2003-04-02,10.397984504699707,10.468223899509727,10.285099079512186,10.322727873554687,10338600
2003-04-03,10.335278511047363,10.420569681089171,10.272564443573703,10.397992578521023,8541200
2003-04-04,10.510873794555664,10.686472346145296,10.322731669046483,10.563553360032552,8908400
2003-04-07,10.46070671081543,10.701528501740786,10.43562050950608,10.673934158770868,10194400
2003-04-08,10.498335838317871,10.548507290021902,10.43813086182571,10.52342204264031,6925600
2003-04-09,10.45317554473877,10.70152355984168,10.392970603280077,10.530941297474898,8999200
2003-04-10,10.395480155944824,10.505857491847,10.36036044249974,10.498331155437038,6655400
2003-04-11,10.392971992492676,10.523417325676661,10.360360419961577,10.473245896461219,6974600
2003-04-14,10.638813972473145,10.658882932650233,10.392974951947958,10.392974951947958,6648400
2003-04-15,10.668913841247559,10.749187748402406,10.533452221011537,10.661388461495683,7816600
2003-04-16,10.009160995483398,10.460701884367849,9.911326290927843,10.19730311226361,30495000
2003-04-17,10.134591102600098,10.192287915132574,9.783392031513175,10.014179281643079,23306200
2003-04-21,10.061843872070312,10.234934332011543,10.014180574347787,10.172220272431888,7049600
2003-04-22,10.137101173400879,10.144626554790616,9.953976223038874,10.009164905072044,13456200
2003-04-23,10.034247398376465,10.159675490856172,9.958990734276723,10.104486823944173,12061000
2003-04-24,10.011672973632812,10.059335316988422,9.846107885679897,10.021707453373148,11738600
2003-04-25,9.888751983642578,10.069368772840251,9.846106884493437,10.046791674190542,10260400
2003-04-28,10.117033004760742,10.17222072894798,9.971535920674732,9.994113021414263,11037600
2003-04-29,10.242463111877441,10.285108223227516,10.11703496281369,10.11703496281369,10469400
2003-04-30,10.134591102600098,10.247475629719016,10.066859812164456,10.189778817186541,12709600
2003-05-01,10.14462661743164,10.182255438494,9.893770362191031,10.134593094496926,10425800
2003-05-02,10.285102844238281,10.307679937539833,10.079400863908743,10.084418102080235,10687800
2003-05-05,10.167200088500977,10.310188026379294,10.109503285229053,10.285102792588138,7072000
2003-05-06,10.29012393951416,10.360363386362636,10.189781052352888,10.247477877541376,10097000
2003-05-07,10.854549407958984,10.904720846368717,10.601184074613103,10.66389813339012,31069400
2003-05-08,10.756710052490234,10.877120868081455,10.716573113959827,10.7993551310175,15021800
2003-05-09,11.035165786743164,11.082828125115238,10.892176857745829,10.937331054915395,16121800
2003-05-12,11.163101196289062,11.21828986797482,11.005061518151074,11.035164951947205,10735400
2003-05-13,11.100384712219238,11.153064274408171,10.9448541661156,11.11292732841561,9108200
2003-05-14,11.100384712219238,11.19320122040073,11.012585441904347,11.188183982534127,7854800
2003-05-15,11.198221206665039,11.283512357449911,11.150558870644867,11.163101489919594,8908800
2003-05-16,11.025136947631836,11.283518685982507,11.025136947631834,11.225821839406194,9979000
2003-05-19,11.06527042388916,11.130492634220461,10.942350428301532,10.962419389597775,9228400
2003-05-20,11.168121337890625,11.180663960095309,11.030150579757619,11.087847407451758,12090000
2003-05-21,11.072789192199707,11.127977845859805,10.99000716864973,11.100383519029755,10507000
2003-05-22,11.170634269714355,11.255925476997572,11.060257807264781,11.07280043484796,10194600
2003-05-23,11.085335731506348,11.215781077376153,11.050216014722269,11.112930068105415,5883000
2003-05-27,11.203237533569336,11.250899865708732,11.000043672877409,11.032655245888801,8908200
2003-05-28,11.077808380126953,11.190693847517784,11.067773903705469,11.170624894674818,10108800
2003-05-29,11.193205833435059,11.363788163440274,11.12547452973234,11.12547452973234,14845000
2003-05-30,11.43152141571045,11.526847076830556,11.286025260576341,11.308602365658976,11478200
2003-06-02,11.489214897155762,11.594575009113942,11.373821263486775,11.52433461549497,9052200
2003-06-03,11.566978454589844,11.634709737095633,11.47667007791546,11.551926739497324,7629800
2003-06-04,11.687393188476562,11.707461191661906,11.489216513465074,11.514302713622618,7991000
2003-06-05,11.735058784484863,11.752618650989643,11.617156960372908,11.687396426392027,7891800
2003-06-06,11.762654304504395,11.85296274519742,11.714991941667988,11.755128920093659,8624800
2003-06-09,11.757631301879883,11.78773473865561,11.63972952380031,11.63972952380031,6309400
2003-06-10,11.689897537231445,11.757628820270345,11.609623636653577,11.757628820270345,8389400
2003-06-11,11.795760154724121,11.795760154724121,11.490784530353327,11.689901228504759,8274400
2003-06-12,11.959585189819336,11.959585189819336,11.712580177745375,11.722661288957847,8487200
2003-06-13,11.93438720703125,11.992358679238642,11.848691460416786,11.946990286238046,6256000
2003-06-16,12.1486234664917,12.148623466491697,11.921781568481238,11.959588871976203,8161800
2003-06-17,11.896575927734375,12.183908323440017,11.790716067407294,12.123416837327463,18057400
2003-06-18,11.846168518066406,11.909180052736971,11.760472792455246,11.773074907093417,10643600
2003-06-19,11.62436580657959,11.820962417435112,11.57899743188059,11.795757230669242,10096200
2003-06-20,11.712590217590332,11.762998701300157,11.619332407470726,11.67982393399479,14901800
2003-06-23,11.783161163330078,11.795763282438699,11.538676014406617,11.664699128452929,10415200
2003-06-24,11.88901138305664,11.921777637850543,11.737784141895995,11.757948286839735,8915600
2003-06-25,11.75543212890625,11.964630892189186,11.747871052178349,11.891537278886974,9179400
2003-06-26,11.815923690795898,11.831045844333135,11.667216424974653,11.720145885314482,8056600
2003-06-27,11.72266674041748,11.906661287429891,11.702503547136557,11.808362475190998,6847400
2003-06-30,11.69746208190918,11.747871505493086,11.56639796518294,11.682338966390073,13898000
2003-07-01,11.717628479003906,11.75543483281915,11.568921179778691,11.65713696682756,11637800
2003-07-02,11.689899444580078,11.725185747935036,11.604203724369611,11.707542596257555,8860000
2003-07-03,11.652091026306152,11.70754147568782,11.568916313713215,11.631927838381632,6110800
2003-07-07,11.32947826385498,11.682342409996586,11.32947826385498,11.65209713152275,21706800
2003-07-08,11.14548110961914,11.329474684549583,11.115234879220889,11.329474684549583,23908400
2003-07-09,11.059786796569824,11.216055161060115,11.009377367594926,11.115236303110317,15254400
2003-07-10,11.092544555664062,11.178240238130574,11.04213612249019,11.084983482983828,12264000
2003-07-11,11.067347526550293,11.11775695394082,10.926201322152792,10.926201322152792,14111800
2003-07-14,11.160605430603027,11.274026412922153,11.095073841640838,11.127840116861908,14658800
2003-07-15,11.087512016296387,11.198411990714385,11.01441839245094,11.16564571770093,11134400
2003-07-16,10.815298080444336,11.12783566656783,10.656508768701293,10.951403204795513,20595200
2003-07-17,11.281586647033691,11.284107647274329,11.12027724490858,11.160604595439858,22579200
2003-07-18,11.316871643066406,11.337034833535233,11.195888654334713,11.32191171957385,14723800
2003-07-21,11.342071533203125,11.377357824136398,11.25133480710081,11.342071533203125,10212600
2003-07-22,11.364762306213379,11.42777385127744,11.276546527715642,11.392487539878346,8531800
2003-07-23,11.384923934936523,11.417690203077973,11.258900862139901,11.405088088094258,7824200
2003-07-24,11.221097946166992,11.533634723779924,11.22109794616699,11.389968453808166,8869800
2003-07-25,11.352155685424805,11.359716760159008,11.039618122858055,11.218570609083782,9610600
2003-07-28,11.248815536499023,11.3269491970397,11.203447170355682,11.321908160637173,8532200
2003-07-29,11.306791305541992,11.412650235108718,11.178247220805448,11.279066073089803,11342000
2003-07-30,11.437856674194336,11.480704066118223,11.321914693000416,11.392488281874963,10619200
2003-07-31,11.334512710571289,11.652090353512106,11.334512710571289,11.460535752631527,13449000
2003-08-01,11.279061317443848,11.402564311345019,11.190845579999745,11.216049801703937,9515400
2003-08-04,11.314352989196777,11.362242379263806,11.153043586082314,11.216055131766394,6996200
2003-08-05,11.180769920349121,11.314354102672182,11.158085723211245,11.304272023615352,8277600
2003-08-06,11.115233421325684,11.211011215398228,11.062303967290713,11.127836496411794,8778400
2003-08-07,11.286629676818848,11.331998074353791,11.135402326022401,11.165647603885681,7603600
2003-08-08,11.304272651672363,11.334518890523308,11.246302136094764,11.316875731933605,6387000
2003-08-11,11.246297836303711,11.304268329717482,11.173205190726145,11.29166621575443,5639400
2003-08-12,11.253865242004395,11.296712642213087,11.140444239275324,11.296712642213087,7505200
2003-08-13,11.218572616577148,11.276544071511301,11.140438933063546,11.276544071511301,7626800
2003-08-14,11.357198715209961,11.384922981259866,11.208491463307464,11.266461956560347,7240000
2003-08-15,11.344593048095703,11.372318269291359,11.294184603899355,11.372318269291359,4643000
2003-08-18,11.306791305541992,11.36728184772874,11.281586111730988,11.344597654038752,6087800
2003-08-19,11.165644645690918,11.309310879329026,11.074907874660578,11.268983532368852,8300000
2003-08-20,11.062304496765137,11.097590801144023,11.00433400221701,11.09002972491417,7283800
2003-08-21,10.991729736328125,11.137915963206872,10.956443438856684,11.072384405256985,8552400
2003-08-22,10.908559799194336,11.107676538369724,10.888396602108728,11.027021827067289,9080800
2003-08-25,11.107674598693848,11.107674598693848,10.908557894289183,10.951406243018715,6703200
2003-08-26,11.148000717163086,11.216053290709,10.999293455298991,11.052222914230349,7485000
2003-08-27,11.079947471618652,11.14800004103718,11.027018015897466,11.14800004103718,6206400
2003-08-28,11.047185897827148,11.079951213015836,10.984174345030453,11.019460660759803,7210000
2003-08-29,10.9690523147583,11.049707033423577,10.943847114250348,11.014420714192529,7710800
2003-09-02,11.034579277038574,11.052222429241485,10.858147755009474,10.946363516024025,12356200
2003-09-03,11.016936302185059,11.112714102456735,10.966526883016822,11.034579454671986,13377400
2003-09-04,11.21605396270752,11.23873815524859,11.042142460879159,11.067346691933778,11328200
2003-09-05,11.127832412719727,11.291661752441062,11.082464051201995,11.21604813707127,7674400
2003-09-08,11.15808391571045,11.208493341348781,11.11523556739993,11.19085018659734,6593400
2003-09-09,11.178248405456543,11.29166938592664,11.092552660376905,11.095073660765093,8581200
2003-09-10,11.32947826385498,11.405091940779606,11.211016227735692,11.218577306984136,11486800
2003-09-11,11.266152381896973,11.443452636930283,11.245890020120724,11.435854372040271,11522200
2003-09-12,11.142045021057129,11.197767251307305,11.06605849271889,11.1749714860476,10193200
2003-09-15,11.01793384552002,11.142044330061191,11.010335579640955,11.142044330061191,10719000
2003-09-16,10.871027946472168,10.924218707961254,10.772246622034858,10.909021209505969,18932800
2003-09-17,10.893817901611328,10.979935081182528,10.8203657804366,10.871022149189294,9438000
2003-09-18,11.043256759643555,11.142038999859222,10.97233706880922,10.99260038973807,10341800
2003-09-19,10.936880111694336,11.048325507609478,10.919150184303485,11.043259676039439,11161200
2003-09-22,10.952078819274902,11.040728466046518,10.815304250362681,10.936881322881762,10950600
2003-09-23,10.99767017364502,11.053393364919188,10.92675045108426,11.015401070493963,10899600
2003-09-24,10.88875675201416,11.043260275346531,10.838099399773213,11.030596178838453,11325200
2003-09-25,10.903953552246094,10.992604162422404,10.863427862688212,10.88622362345256,9619200
2003-09-26,10.898885726928711,10.962207165669794,10.858360044782755,10.891287463466492,9366000
2003-09-29,10.90902042388916,11.01793340611992,10.855830632439371,10.89382292652833,9579600
2003-09-30,10.8811616897583,10.990074700628318,10.78997861403373,10.878629255969953,10289200
2003-10-01,11.116715431213379,11.116715431213379,10.891291186823693,10.891291186823693,12962800
2003-10-02,11.207893371582031,11.230689125562396,11.068586415572401,11.131907847050266,8843800
2003-10-03,11.154706954956055,11.509306498125783,11.101517168411894,11.430788517858305,9913200
2003-10-06,11.24842643737793,11.281353873912474,11.167375029145976,11.195236631889898,6665600
2003-10-07,11.311745643615723,11.337073841284157,11.185102722855937,11.210430920524372,9547800
2003-10-08,11.205361366271973,11.271215232385677,11.136974101725974,11.245887045313115,6935800
2003-10-09,11.126846313476562,11.271219155702344,11.083787221014997,11.268686722596952,10227000
2003-10-10,11.101517677307129,11.1673715637317,11.071122683995448,11.091386012869902,6999600
2003-10-13,11.180033683776855,11.207895272947036,11.098982315031886,11.1572379259293,6840400
2003-10-14,11.283886909484863,11.332011849957826,11.106586582193476,11.144579854544862,8420400
2003-10-15,11.423190116882324,11.529570663909835,11.397861921318441,11.435855180872993,17331800
2003-10-16,11.397855758666992,11.400388190370641,11.271212916904027,11.273745348607676,13005400
2003-10-17,11.410523414611816,11.463713192880471,11.324406216658922,11.445983266790918,11085000
2003-10-20,11.55236530303955,11.562496966763383,11.38772914925748,11.448518165391844,8543600
2003-10-21,11.597953796386719,11.643545305035419,11.549828889363992,11.62074955071107,9734600
2003-10-22,11.478910446166992,11.605553324845982,11.435852331196209,11.496640371885372,8019800
2003-10-23,11.529573440551758,11.547303374958084,11.400397099924007,11.453587869351942,7373400
2003-10-24,11.499176025390625,11.499176025390625,11.357335625621847,11.410525413206885,7056400
2003-10-27,11.44598388671875,11.534634488176433,11.425721527036904,11.499174634076782,5982200
2003-10-28,11.49411392211914,11.562501228146344,11.337075975148979,11.562501228146344,9601000
2003-10-29,11.613154411315918,11.70940329304659,11.494110733442193,11.494110733442193,12100000
2003-10-30,11.651145935058594,11.686605789832791,11.534634707598066,11.613152681395624,8750000
2003-10-31,11.752457618713379,11.752457618713379,11.587821516692342,11.653675377775759,11217600
2003-11-03,11.823381423950195,11.85124301702113,11.701804353811395,11.752461707921395,9327800
2003-11-04,11.879101753234863,11.904429941094245,11.777787069380476,11.777787069380476,8834800
2003-11-05,11.899365425109863,11.901898823900792,11.785386634731616,11.84617564500286,7830200
2003-11-06,11.90949821472168,11.91456404657432,11.82844683749671,11.879104189814473,6969200
2003-11-07,11.810715675354004,11.906963571874082,11.752460064447053,11.84110969708621,7444000
2003-11-10,11.808185577392578,11.853777105839594,11.765127448419728,11.765127448419728,4864800
2003-11-11,11.782858848571777,11.863910250089347,11.74233314781299,11.810720449007615,5364600
2003-11-12,11.92469310760498,11.947487896653739,11.724597141037354,11.742327065547556,6520200
2003-11-13,11.886702537536621,11.914564129816481,11.792987063129615,11.815782823521443,6847000
2003-11-14,11.825910568237305,11.901897061375829,11.775254194422818,11.846173890729817,7043000
2003-11-17,11.823381423950195,11.856308849052995,11.719534282818596,11.76765823780833,6101200
2003-11-18,11.777787208557129,11.848706908368191,11.72966326457226,11.782853039430554,8956000
2003-11-19,11.868971824645996,11.87910348775249,11.777788789104719,11.803116980662374,8055200
2003-11-20,11.765121459960938,11.884165087015887,11.681536711616527,11.841106979959658,7387000
2003-11-21,11.757524490356445,11.782853646027549,11.701802280297006,11.74486039562514,6645800
2003-11-24,11.757524490356445,11.874036674026534,11.709400543894091,11.749926226759362,7904400
2003-11-25,11.795519828796387,11.848709615808595,11.699270952625248,11.727132545691262,6966800
2003-11-26,11.882041931152344,11.8973115575036,11.75225350494733,11.790427085428234,6502000
2003-11-28,11.83369255065918,11.88459034718655,11.762436217997694,11.770070547698646,3406000
2003-12-01,11.966026306152344,11.973660635772168,11.805698588573042,11.871866014593897,8321200
2003-12-02,11.963479995727539,11.978749624630174,11.84387130043815,11.938031585017791,9536000
2003-12-03,12.062734603881836,12.136535404527349,11.960938990116071,11.960938990116071,10977400
2003-12-04,12.00165843963623,12.060190584592219,11.9380364163195,12.024562406862055,8888200
2003-12-05,11.932950019836426,11.960943873591232,11.833699789829621,11.922770260144622,8945000
2003-12-08,12.151803016662598,12.200155391221843,11.861686827717604,11.897314995371232,14496200
2003-12-09,12.154349327087402,12.212882435228515,12.07800310319213,12.07800310319213,10372600
2003-12-10,12.263778686523438,12.317221914420124,12.128900331706014,12.128900331706014,10398600
2003-12-11,12.314676284790039,12.373208418371675,12.184887809595075,12.251054273836756,10501000
2003-12-12,12.56407356262207,12.604791607920545,12.27904724553276,12.342669251986297,13889800
2003-12-15,12.670967102050781,12.688781197531037,12.609889509836048,12.676056982301624,16332800
2003-12-16,12.897453308105469,12.953440984795655,12.673503572139502,12.71676704161686,17192800
2003-12-17,12.767657279968262,12.910170851254716,12.704035305950175,12.86436295229815,11163200
2003-12-18,12.70913028717041,12.77275228675319,12.574251958709207,12.71676558726072,14947200
2003-12-19,12.749845504760742,12.775294881435178,12.663319565656575,12.732031426485866,14125000
2003-12-22,12.765124320983887,12.767668775085975,12.66078422848546,12.737130471885136,9522400
2003-12-23,12.767657279968262,12.813465178924826,12.701490854138935,12.762568376345781,7370200
2003-12-24,12.698948860168457,12.754935548000304,12.681134781659077,12.726941718687145,3341400
2003-12-26,12.71422290802002,12.744762173383874,12.69131894439457,12.71167845463714,2147400
2003-12-29,12.765124320983887,12.765124320983887,12.665874107484793,12.696412410685632,7101400
2003-12-30,12.85673713684082,12.935628786333071,12.714223471214634,12.724403226786846,7118600
2003-12-31,12.915267944335938,12.930537576120798,12.826197519244655,12.856735812019549,6974600
2004-01-02,12.813471794128418,12.976344947168341,12.726945825961337,12.927991600642901,7210200
2004-01-05,12.828741073608398,12.874548994958534,12.739670654758,12.813471442893436,9740200
2004-01-06,12.775299072265625,12.818561570612385,12.75493956424731,12.780388949270206,8223200
2004-01-07,12.693862915039062,12.785478759050227,12.653144870011298,12.775299005094592,10242800
2004-01-08,12.754941940307617,12.765121696213116,12.637877659779255,12.676051259027396,9070800
2004-01-09,12.620060920715332,12.930536615033656,12.617516467671056,12.754939260341276,13127800
2004-01-12,12.726943016052246,12.73966819125139,12.584430373449692,12.597154577854267,9204400
2004-01-13,12.650598526000977,12.775298075900714,12.620060237150007,12.663322732122657,8906000
2004-01-14,12.673504829406738,12.686229037881864,12.622607024711353,12.65314629000551,7565200
2004-01-15,12.65568733215332,12.670956960684606,12.515719135064371,12.571706802217797,9990200
2004-01-16,12.693862915039062,12.732035536180534,12.620061155052873,12.655689323102822,8282800
2004-01-20,12.706586837768555,12.739670551986709,12.635330503263061,12.648054710025507,8777000
2004-01-21,12.668414115905762,12.721857341246537,12.637875823421616,12.678593870332083,7990200
2004-01-22,12.553894996643066,12.64805529600124,12.477547810941786,12.604791826050862,11138600
2004-01-23,12.734578132629395,12.762571964394578,12.558980813663991,12.571705988680568,11214600
2004-01-26,12.772748947143555,12.826192150623587,12.681134107165825,12.698948184727696,8437000
2004-01-27,12.721855163574219,12.872003117878908,12.719309740005945,12.734579369031636,8519400
2004-01-28,12.569164276123047,12.798203902916487,12.505542265435405,12.673504334818983,10017800
2004-01-29,12.620060920715332,12.762574561063609,12.495361364061248,12.533534955288657,8916600
2004-01-30,12.530989646911621,12.571707688404,12.380841686884475,12.495360511160442,12398200
2004-02-02,12.625155448913574,12.71677132497635,12.449558029528214,12.469917544562215,8595600
2004-02-03,12.681137084960938,12.724399577543155,12.551347665624997,12.586975829114975,7749600
2004-02-04,12.660778045654297,12.71931016937,12.569162209996785,12.579341963024216,9109400
2004-02-05,12.821109771728516,12.872007582004645,12.617519501418977,12.622608408731104,10215800
2004-02-06,12.976346015930176,12.978890469264606,12.782934555488168,12.788024432951891,10103000
2004-02-09,13.335177421569824,13.431882204899559,13.004342100215665,13.004342100215665,11581000
2004-02-10,13.276638984680176,13.335172081142685,13.210472529384536,13.322446904036664,10408000
2004-02-11,13.182480812072754,13.218108983789444,13.006884406842692,13.131583007851109,11974200
2004-02-12,13.116314888000488,13.157032938900969,13.052692872793804,13.060327203964235,6958200
2004-02-13,13.01452350616455,13.228293585584025,12.991619534412637,13.228293585584025,8566200
2004-02-17,13.01452350616455,13.075601087768069,12.95344689535626,13.055241570301822,7491600
2004-02-18,13.039963722229004,13.067956582843923,12.955982228000627,13.014514343313795,7385200
2004-02-19,12.978891372680664,13.075597109633021,12.940717774443042,13.017064970918284,9698800
2004-02-20,12.963623046875,12.971258349769661,12.76512264592435,12.83892442553755,14664600
2004-02-23,12.810924530029297,13.00433496130857,12.788020573751988,12.86436677107816,11319600
2004-02-24,12.668414115905762,12.838921604764773,12.607337530937471,12.780389473005654,14578400
2004-02-25,12.63532829284668,12.73457844734364,12.614968788952647,12.62260311751562,10332400
2004-02-26,12.681137084960938,12.71167537212454,12.589521252675484,12.6327837452577,9824000
2004-02-27,12.71422290802002,12.81092864008246,12.373208877816039,12.500452904447451,14180400
2004-03-01,12.627690315246582,12.681133516236208,12.546254258531615,12.655684141766297,15142800
2004-03-02,12.541168212890625,12.650598129538052,12.475001760654694,12.571707471579211,12598600
2004-03-03,12.505535125732422,12.548798573113219,12.469906975415462,12.469906975415462,11588800
2004-03-04,12.426651954650879,12.482638665542668,12.355394640469257,12.444466040497566,8508000
2004-03-05,12.749845504760742,12.788019084375167,12.363024687253889,12.406287171408744,22941800
2004-03-08,12.688773155212402,12.775299123044615,12.663323770088354,12.719311446566484,12211400
2004-03-09,12.770209312438965,12.877093818131556,12.627695667387394,12.66077938282334,12788400
2004-03-10,12.698948860168457,12.84400691134167,12.653140952345918,12.770205174205973,11676000
2004-03-11,12.322968482971191,12.691276029257162,12.302506464780608,12.673372251181766,18371000
2004-03-12,12.3920259475708,12.3920259475708,12.19508341914988,12.363891161270283,15979600
2004-03-15,12.20276165008545,12.471319408804655,12.169512320195155,12.443185585593593,16688400
2004-03-16,12.317855834960938,12.39202920457868,12.238566959609253,12.276932764772347,11500800
2004-03-17,12.502007484436035,12.5352568011233,12.328084229138238,12.37412279528664,9687000
2004-03-18,12.54293441772461,12.660588133895873,12.499453102636853,12.499453102636853,9101600
2004-03-19,12.476432800292969,12.588971976790445,12.435509729480152,12.545490665230155,12974200
2004-03-22,12.340880393981934,12.476437938940673,12.264149726565353,12.366456957893003,11216800
2004-03-23,12.31019115447998,12.402268366838344,12.294844627192386,12.353671518269431,8855600
2004-03-24,12.402257919311523,12.430391732113767,12.315296289304552,12.353661111680033,10076200
2004-03-25,12.47131633758545,12.473874578136632,12.310182307445096,12.443182521302694,8376600
2004-03-26,12.476432800292969,12.573625459354524,12.366451864542965,12.430394223668179,8349200
2004-03-29,12.635007858276367,12.742430530364864,12.578738282030338,12.629892353555569,9608200
2004-03-30,12.84730052947998,12.880550834207249,12.650357917915573,12.673377209544741,14505400
2004-03-31,12.865204811096191,12.911243396131397,12.744993817444838,12.80382068150468,10403200
2004-04-01,12.936817169189453,12.957278214544306,12.847297290673733,12.911239642892305,8979400
2004-04-02,13.026338577270508,13.059588880010123,12.94960793498782,13.057030639046971,9452800
2004-04-05,12.936817169189453,13.005874050984591,12.913797883363452,12.980297500370307,9491000
2004-04-06,13.01098918914795,13.074931539562433,12.824277643019599,12.839624158364895,9925800
2004-04-07,13.064702033996582,13.108182365711162,12.936817327989646,12.967509384240104,11291200
2004-04-08,13.105623245239258,13.190026631897894,13.044238165747103,13.126084287948153,8024800
2004-04-12,13.005873680114746,13.100509061191316,12.985412635343351,13.057027755567491,9983600
2004-04-13,13.016107559204102,13.0416850904094,12.92914590447219,13.008434787684038,12863000
2004-04-14,13.092840194702148,13.172129089984903,12.970070953275535,12.993090247023225,8876400
2004-04-15,13.09539794921875,13.223282692910958,13.049359363434903,13.156782079808439,8750000
2004-04-16,13.282103538513184,13.312795589898471,13.11073755227299,13.15933435728931,10517000
2004-04-19,13.555778503417969,13.683663206280402,13.37673972427399,13.37673972427399,17597800
2004-04-20,13.371623039245605,13.576239326317667,13.353719260479217,13.568565581358666,9239600
2004-04-21,13.33326244354248,13.479050960099386,13.172127407885819,13.197703964035668,14946400
2004-04-22,13.16189956665039,13.197707144161619,12.967515156296578,12.967515156296578,18415600
2004-04-23,13.057034492492676,13.13376515742043,12.98030382756492,13.108188594338959,13696000
2004-04-26,12.964953422546387,13.090280885762063,12.921473083189406,13.057030583164753,11161600
2004-04-27,12.97006607055664,12.990528090932866,12.918911995298913,12.980297080744753,11534200
2004-04-28,12.842180252075195,12.990526959837661,12.826834713812007,12.967507676760132,9501200
2004-04-29,12.906128883361816,12.952167471942724,12.732205543319097,12.824282720480916,10371400
2004-04-30,12.934260368347168,13.10306815796579,12.852414226452261,12.906125574130236,10971200
2004-05-03,12.947041511535645,13.031445847681464,12.860079911725908,12.95471525389227,8053800
2004-05-04,12.85753345489502,12.929148605866901,12.762899008870281,12.9214758327437,10786000
2004-05-05,13.06725788116455,13.100508174310274,12.877988107507475,12.993084525563617,11156200
2004-05-06,13.062145233154297,13.154222387736949,12.980299090343715,12.980299090343715,9009600
2004-05-07,12.977737426757812,13.19258372273948,12.957275410148773,13.018660484293243,10231800
2004-05-10,12.770566940307617,12.941931979644753,12.727085632500224,12.91635542847538,13490400
2004-05-11,12.801259994506836,12.81404827108817,12.609432918737955,12.635010447583582,10300800
2004-05-12,12.768006324768066,12.788468342443673,12.601756821725921,12.788468342443673,8902400
2004-05-13,12.688726425170898,12.760341580707474,12.596649239090551,12.704071972395411,7085000
2004-05-14,12.788473129272461,12.798704141939814,12.606877045000727,12.624780829327063,8548800
2004-05-17,12.739874839782715,12.819162733543752,12.66314323517375,12.69383626729049,7597800
2004-05-18,12.814044952392578,12.911237585468227,12.66825649062046,12.711737790555372,9899400
2004-05-19,12.624784469604492,12.829399903535814,12.611996187924413,12.796149590620928,9078400
2004-05-20,12.693838119506836,12.775684265728255,12.576183430590897,12.578741671482017,7053400
2004-05-21,12.629898071289062,12.85753276816288,12.609436043142416,12.85753276816288,9992000
2004-05-24,12.744990348815918,12.765451394550103,12.635009422906382,12.686162525083287,9990000
2004-05-25,12.88821792602539,12.921468216098413,12.66825611977455,12.711737418436607,11520800
2004-05-26,12.844745635986328,12.970072154690229,12.778245014251643,12.895898759556651,7401600
2004-05-27,13.126086235046387,13.149105521310238,13.000759768696541,13.018663549603662,11214800
2004-05-28,13.133758544921875,13.17212434591126,13.092835479185194,13.141432290529462,7948400
2004-06-01,13.062145233154297,13.184914447370172,12.972626319356156,13.09539553357203,6464000
2004-06-02,13.284667015075684,13.302570801396126,13.169571524639462,13.197705349083602,11810600
2004-06-03,13.241183280944824,13.343490465779322,13.223279499206713,13.287221855609372,8386800
2004-06-04,13.369070053100586,13.425339647621144,13.248858092327787,13.305127686848344,7293600
2004-06-07,13.481611251831055,13.49184226686091,13.32814992911638,13.369073013552514,7378000
2004-06-08,13.456031799316406,13.466262812148438,13.369070141610306,13.402320445472867,8212000
2004-06-09,13.238624572753906,13.300009662032995,13.151662932090222,13.274433110648395,13833400
2004-06-10,13.205381393432617,13.300015848393308,13.103073188940867,13.300015848393308,9386000
2004-06-14,13.205378532409668,13.233650227004667,13.107712945744359,13.16682604333821,7353400
2004-06-15,13.166824340820312,13.326172712879005,13.094860749651303,13.326172712879005,9286200
2004-06-16,13.156549453735352,13.166830251497585,13.0434636196433,13.130848439760605,7924400
2004-06-17,13.130842208862305,13.16425429551931,13.097430122205298,13.15654321064131,6106800
2004-06-18,13.207940101623535,13.228501677905697,13.028030230874299,13.069152403008703,10107400
2004-06-21,13.151403427124023,13.28248109142483,13.146264010872995,13.184815515338208,5516800
2004-06-22,13.112852096557617,13.17967529344176,13.056308712742277,13.102571303058387,7195000
2004-06-23,13.18481731414795,13.205378903678955,13.030609314387608,13.123134506416033,6094000
2004-06-24,13.117997169494629,13.207951693603016,13.094865866090931,13.146268871480345,6205600
2004-06-25,12.876399040222168,13.195096782912346,12.876399040222168,13.138553397814785,10580800
2004-06-28,12.950926780700684,13.046021623602417,12.917514708167118,12.94064599216267,7731600
2004-06-29,12.989483833312988,13.069157521535715,12.95350204115688,12.95350204115688,6743400
2004-06-30,12.974064826965332,13.015187022120909,12.9123820244472,12.966354721758183,8854000
2004-07-01,12.943222999572754,13.076870374535883,12.902100805771054,12.981774504769724,9761200
2004-07-02,12.986910820007324,13.143689440988243,12.968919927150182,13.004901712864466,6780200
2004-07-06,13.020322799682617,13.120558053535689,12.958639038618356,12.96891982886742,5764600
2004-07-07,12.958643913269043,13.030608491653272,12.896961109431693,12.981775209815671,6745000
2004-07-08,12.994623184204102,13.14112102930236,12.956070706891834,12.986912100483513,8869200
2004-07-09,13.112852096557617,13.112852096557617,12.940652236952003,12.997195620767343,6813400
2004-07-12,13.064017295837402,13.207944455537518,12.98691233979206,13.112849584959907,6718600
2004-07-13,13.020322799682617,13.056304585124222,12.950928936146619,12.958639038618356,5210600
2004-07-14,13.148832321166992,13.197664613803811,12.979203170433978,12.98177287828631,8310000
2004-07-15,13.066584587097168,13.20023191098201,13.048593695461715,13.197661223359766,8425000
2004-07-16,12.999764442443848,13.171963296889324,12.93037056693543,13.171963296889324,7449600
2004-07-19,12.938077926635742,13.028032386680563,12.86354367092427,13.017752577268357,9049600
2004-07-20,12.871261596679688,12.935515096710002,12.804437407607018,12.873831305291434,8366800
2004-07-21,12.645086288452148,12.938082028845425,12.645086288452148,12.83784674717724,9999800
2004-07-22,12.585973739624023,12.652796936797639,12.47802736827534,12.606534346281123,8141800
2004-07-23,11.609317779541016,12.0436719125012,11.336883663931225,12.0436719125012,50347800
2004-07-26,11.38571834564209,11.686425191669585,11.339455753945552,11.655582810251587,21925000
2004-07-27,11.244359970092773,11.452541616208286,11.167255983526786,11.39856794322475,27922000
2004-07-28,11.226369857788086,11.34973644100845,11.190388060235952,11.244360756564152,25208600
2004-07-29,11.067023277282715,11.226371683976339,11.000199087732396,11.226371683976339,26268800
2004-07-30,11.27263355255127,11.303474956267879,11.067022560389638,11.069592268853295,17788200
2004-08-02,11.362581253051758,11.462816490448027,11.223793548766173,11.25463591444961,15973400
2004-08-03,11.336886405944824,11.403709606946242,11.282913707394005,11.383148999111379,12271600
2004-08-04,11.360017776489258,11.442262169225158,11.26235219245394,11.272632986653552,10292400
2004-08-05,11.270064353942871,11.431983460619733,11.244363344185576,11.360019848954762,15254600
2004-08-06,11.180107116699219,11.280342402945584,11.11071323073702,11.241790897697987,17143200
2004-08-09,11.10814380645752,11.221229597343292,11.09015290746275,11.180107402436606,9179800
2004-08-10,11.169822692871094,11.172393380643706,11.067017731859266,11.115850014807625,10483200
2004-08-11,11.424273490905762,11.467965404103742,11.115856467962852,11.169829177359421,13898400
2004-08-12,11.26749038696289,11.473101328609415,11.257209594772988,11.421698348090207,11305000
2004-08-13,11.403708457946777,11.411419542984587,11.234079293570835,11.2674913809203,8895200
2004-08-16,11.442264556884766,11.475676654790364,11.34202924359867,11.437124158712312,9069400
2004-08-17,11.393423080444336,11.519359302863556,11.370291797489593,11.44225535315772,8221200
2004-08-18,11.455110549926758,11.465391342222055,11.347165172117071,11.411418653317213,8944000
2004-08-19,11.31375503540039,11.449972125261155,11.218660141371016,11.398569135364296,10514000
2004-08-20,11.362581253051758,11.362581253051758,11.195522850867963,11.28290759277778,9611600
2004-08-23,11.39599895477295,11.493664533486328,11.308614169698966,11.3702979511049,8768200
2004-08-24,11.31375503540039,11.43712162289456,11.30604493006653,11.43712162289456,9699600
2004-08-25,11.39599895477295,11.424270647066066,11.234079886459007,11.303473772879267,9734400
2004-08-26,11.426838874816895,11.475672148062042,11.354875289525499,11.395997478324913,5642400
2004-08-27,11.493664741516113,11.537356644628684,11.437121355906468,11.449971857973079,5444200
2004-08-30,11.398569107055664,11.480813498514188,11.395999398760921,11.437121594490183,5287800
2004-08-31,11.491089820861816,11.493660508586673,11.313750604620637,11.40627575411346,7030200
2004-09-01,11.473100662231445,11.529644035561466,11.385715894553346,11.5142228481723,7076200
2004-09-02,11.66586685180664,11.686428445142937,11.449975023929188,11.473106326217156,10707400
2004-09-03,11.691561698913574,11.791796954098709,11.671000118142196,11.678710220716397,9841800
2004-09-07,11.732687950134277,11.771239456809054,11.604180967024067,11.745538452359202,8490200
2004-09-08,11.167252540588379,11.65557829190581,11.154402043527673,11.65557829190581,23239400
2004-09-09,11.182671546936035,11.213513913093815,11.05673531663002,11.128698876804886,18173800
2004-09-10,11.041319847106934,11.10043294218699,10.966785560967981,11.064451143480042,20256000
2004-09-13,11.064583778381348,11.108532405111125,10.98702848045899,11.064583778381348,18311200
2004-09-14,11.082683563232422,11.16540937257295,10.999957753891893,10.999957753891893,18448400
2004-09-15,10.640617370605469,10.661299316095182,10.438973332927972,10.552721074613071,61406200
2004-09-16,10.351078033447266,10.689736541004164,10.327811335616143,10.653544119082316,43299200
2004-09-17,10.418285369873047,10.490671151107826,10.32780437604066,10.32780437604066,24090600
2004-09-20,10.45448112487793,10.467407830578733,10.369170587033913,10.44414114095415,14747000
2004-09-21,10.529450416564941,10.59666572794251,10.436383669223117,10.50876946502735,15514000
2004-09-22,10.449308395385742,10.58632375426456,10.444138897618823,10.539790385010468,20142000
2004-09-23,10.345907211303711,10.508774090843637,10.345907211303711,10.451899723284091,15195200
2004-09-24,10.33814811706543,10.366584304065867,10.270932801179324,10.343317615669774,14931800
2004-09-27,10.24509048461914,10.338157321060315,10.141682669424497,10.141682669424497,17705800
2004-09-28,10.33814811706543,10.356244320688042,10.263177567103671,10.289029004801936,13817200
2004-09-29,10.343317985534668,10.36658467476275,10.247666479227739,10.289029372725533,13398800
2004-09-30,10.353660583496094,10.44155686927116,10.317468169265652,10.382097762154103,12534000
2004-10-01,10.420875549316406,10.539793759407692,10.413119327844859,10.464823197588247,15593800
2004-10-04,10.534623146057129,10.573401294436707,10.431215407824439,10.431215407824439,13469800
2004-10-05,10.506179809570312,10.635438913499414,10.493254096411142,10.534616970221707,15395400
2004-10-06,10.573399543762207,10.573399543762207,10.454480368633691,10.493258510592637,12522200
2004-10-07,10.371756553649902,10.588912020240565,10.36917180390792,10.586327270498584,8238000
2004-10-08,10.340734481811523,10.415705043485287,10.317467789780677,10.356245938555185,13898800
2004-10-11,10.343317985534668,10.38209612963786,10.291615108289303,10.37175515972112,7699200
2004-10-12,10.283858299255371,10.301954502489496,10.229569689552998,10.252836377449603,11810200
2004-10-13,10.183042526245117,10.31230176315845,10.14685009769654,10.283864573250362,12224000
2004-10-14,10.120996475219727,10.281277618506472,10.120996475219725,10.211477527195427,10283600
2004-10-15,10.133919715881348,10.208890275531555,10.097727303958973,10.208890275531555,14591400
2004-10-18,10.144262313842773,10.16494327275726,10.08480221481125,10.108068909945935,10428200
2004-10-19,10.180452346801758,10.276103854984937,10.13391896743282,10.276103854984937,15291600
2004-10-20,10.198548316955566,10.211474036223281,10.149429203101414,10.154599688042333,11038000
2004-10-21,10.206303596496582,10.21664456642423,10.1209930600164,10.15977021799133,11923600
2004-10-22,10.056366920471191,10.405366392587053,10.017588763049648,10.340736787664152,22106400
2004-10-25,9.991730690002441,10.089966914302478,9.92968587650397,10.0873821657341,14432800
2004-10-26,10.159768104553223,10.211471957266848,9.901249827154063,10.017583249217479,16715800
2004-10-27,10.451894760131836,10.451894760131836,10.064117317098013,10.115821173402997,17942400
2004-10-28,10.46741008758545,10.534624435344277,10.338150892059753,10.426047184464004,12326400
2004-10-29,10.51135540008545,10.573400234036479,10.46999250617449,10.573400234036479,16822600
2004-11-01,10.477747917175293,10.542377501635874,10.420874553445035,10.52169654741647,11649200
2004-11-02,10.508777618408203,10.663888326876659,10.340740195759183,10.340740195759183,12005400
2004-11-03,10.560470581054688,10.619930648990302,10.495841015721012,10.54237438165477,13773800
2004-11-04,10.692323684692383,10.723345623826692,10.578574930917148,10.596672130429296,17884000
2004-11-05,10.70266056060791,10.790556842965012,10.638030970232668,10.7724596503842,12283600
2004-11-08,10.671632766723633,10.754358525677397,10.645781336863896,10.741432810747527,10122200
2004-11-09,10.66130256652832,10.74402840136986,10.65354634152023,10.715591210736255,10215800
2004-11-10,10.643200874328613,10.725927660430255,10.601837974362455,10.723341924462124,10052000
2004-11-11,10.588911056518555,10.625103466628158,10.175282103595649,10.38468132956384,37510800
2004-11-12,10.544962882995605,10.550133367919045,10.366584604728995,10.524280943301845,23008600
2004-11-15,10.490671157836914,10.55013023756046,10.449307290722581,10.521693072003792,13567400
2004-11-16,10.405364036560059,10.599252807427636,10.379512594912095,10.493260318800132,14366400
2004-11-17,10.413121223449707,10.544966164604864,10.317469688022072,10.41829170998221,14161200
2004-11-18,10.413121223449707,10.467410838956255,10.356247843931111,10.46482510260527,12628600
2004-11-19,10.2709321975708,10.43638375592226,10.265761713101181,10.392436117184124,18230600
2004-11-22,10.307126998901367,10.314883220493508,10.206304993727302,10.314883220493508,14761600
2004-11-23,10.265763282775879,10.301955693428084,10.183037490951056,10.289029973362187,15814800
2004-11-24,10.289031028747559,10.296787250518065,10.237327157011274,10.289031028747559,11893600
2004-11-26,10.304542541503906,10.32522349860798,10.258009155308075,10.263179641126428,6474800
2004-11-29,10.330560684204102,10.406004454675035,10.236906485328998,10.406004454675035,13666800
2004-11-30,10.226497650146484,10.330557062778363,10.200482052693337,10.283729979756268,16382800
2004-12-01,10.346166610717773,10.346166610717773,10.223895781432782,10.262918682130339,20019800
2004-12-02,10.515263557434082,10.536076035829087,10.327956213846983,10.346166636245819,25100400
2004-12-03,10.590704917907715,10.731186138255651,10.536073663014639,10.538674726031438,20564000
2004-12-06,10.50745964050293,10.619324233726877,10.471038794782318,10.606316930597174,11860600
2004-12-07,10.447626113891602,10.536077171819912,10.43982192984883,10.50746050713815,11603200
2004-12-08,10.50745964050293,10.533475239155951,10.450226315859902,10.499655457103833,12023200
2004-12-09,10.616717338562012,10.645332992772047,10.42420598384578,10.442416396703564,15715600
2004-12-10,10.543877601623535,10.598509847651748,10.471035930110377,10.471035930110377,10780000
2004-12-13,10.629730224609375,10.642737527434898,10.468437486306982,10.562090662086904,13432400
2004-12-14,10.744195938110352,10.772812599920563,10.611519860728174,10.62973028326311,14325800
2004-12-15,10.788420677185059,10.811834216576136,10.668750924523167,10.783217558165543,12765800
2004-12-16,10.699968338012695,10.81963708373485,10.65314126492257,10.793622484192941,13292600
2004-12-17,10.653143882751465,10.74159493228,10.653143882751467,10.66355012208273,22433000
2004-12-20,10.653143882751465,10.720782453617472,10.61412098145603,10.718181389981458,11756400
2004-12-21,10.666147232055664,10.707771181558199,10.614117047079183,10.653139933909852,14368000
2004-12-22,10.81704044342041,10.871671720231117,10.666152925683683,10.668753989744008,14404000
2004-12-23,10.798829078674316,10.87427283791471,10.749400922134285,10.796228014601166,8831800
2004-12-27,10.835247993469238,10.892480319151442,10.783217794527095,10.785818857897127,8800600
2004-12-28,10.88727855682373,10.895083732693534,10.801429561404909,10.861263950307391,10439400
2004-12-29,10.811832427978516,10.858659499014086,10.744192884307882,10.856057443738045,10343200
2004-12-30,10.835247993469238,10.902886557418572,10.749398016355677,10.796225096164255,9978600
2004-12-31,10.832645416259766,10.897682913708389,10.806630814237698,10.843051654025974,9805800
2005-01-03,10.806634902954102,10.91849952028146,10.772815113614852,10.900289093497362,14072000
2005-01-04,10.655743598937988,10.835247731325858,10.640135234308419,10.806631072980345,16860200
2005-01-05,10.606319427490234,10.718184047048858,10.59851524225391,10.666153829887708,13271000
2005-01-06,10.694770812988281,10.705177055204851,10.549086399137945,10.585507254502058,10038600
2005-01-07,10.707773208618164,10.785818004660719,10.62712635701792,10.684359670566057,9732800
2005-01-10,10.767610549926758,10.804031398614637,10.668753251778442,10.684362612241975,10577000
2005-01-11,10.707773208618164,10.749397166000422,10.668750314400176,10.733787809834542,10594000
2005-01-12,10.707773208618164,10.731186746670273,10.62712635701792,10.710374271782433,10857200
2005-01-13,10.5985107421875,10.71557744060193,10.564690966533357,10.707773258679216,9431200
2005-01-14,10.658341407775879,10.69476223392414,10.601108113889705,10.601108113889705,8296400
2005-01-18,10.731191635131836,10.733792699480986,10.562093673014632,10.593312399567697,10045800
2005-01-19,10.692166328430176,10.780617382399203,10.686964200896988,10.689565264663582,8542600
2005-01-20,10.752005577087402,10.8066368673705,10.580305534950798,10.671358677816634,13351600
2005-01-21,10.642735481262207,10.770209406188815,10.616720880612728,10.72858544971361,13431600
2005-01-24,10.655743598937988,10.712976915629017,10.601112337947539,10.653142535630886,13641800
2005-01-25,10.728585243225098,10.778013380465145,10.686961287551009,10.705171706133836,9709400
2005-01-26,10.84305477142334,10.892482926433331,10.705175554757645,10.705175554757645,15601000
2005-01-27,10.863862037658691,10.926298465543445,10.80402766514887,10.843050556626011,11226400
2005-01-28,10.793622970581055,10.830043808538285,10.720780302273186,10.804028215430687,13453000
2005-01-31,10.793622970581055,10.882074002360076,10.767607377473457,10.866464646495517,14094600
2005-02-01,10.775412559509277,10.796225035927414,10.699969813477276,10.796225035927414,10813000
2005-02-02,10.905488014221191,10.908090070078599,10.759804642799638,10.783218183548609,13188200
2005-02-03,10.858661651611328,10.905487739536284,10.822239817279785,10.900285612739577,9620200
2005-02-04,11.048569679260254,11.058974923969172,10.811833243346339,10.82484054352753,15542400
2005-02-07,11.053779602050781,11.079794218426665,10.993944198077045,11.079794218426665,8667000
2005-02-08,11.095396041870117,11.155230412778932,11.040763796785264,11.097997104782097,9454600
2005-02-09,11.124013900756836,11.215066998954725,11.030360731526713,11.137022195066194,14255400
2005-02-10,11.05637264251709,11.212462212277666,10.99393621917689,11.155229899308539,8683800
2005-02-11,11.124013900756836,11.20726281628393,11.01215031036584,11.01215031036584,10168000
2005-02-14,11.150030136108398,11.178646797399672,11.095398869494282,11.176044741431241,6977200
2005-02-15,11.095396041870117,11.170838775037465,10.98092942587645,11.170838775037465,11663400
2005-02-16,11.264491081237793,11.48561910364272,11.22546918956151,11.404972273016005,33930000
2005-02-17,11.186450958251953,11.277503069094246,11.137022811279504,11.274902005524572,14434800
2005-02-18,11.176045417785645,11.204662080808749,11.124015211597605,11.204662080808749,11256600
2005-02-22,11.131819725036621,11.225473892122244,11.04596974107694,11.134420788614074,17063600
2005-02-23,11.077187538146973,11.165637585942669,11.03036045849425,11.131818800277314,11546800
2005-02-24,11.09799861907959,11.139622578104058,11.032961121079266,11.09019443688546,9311000
2005-02-25,11.191654205322266,11.199458388513802,11.02255629195263,11.1084062766339,10707200
2005-02-28,11.134420394897461,11.222871439306939,11.105803734589461,11.150029752990974,13223200
2005-03-01,11.256688117980957,11.290507888336773,11.124011091719906,11.134417327582199,9999400
2005-03-02,11.196857452392578,11.290511621331653,11.150030367923039,11.191654332741118,9719200
2005-03-03,11.233274459838867,11.298311944672399,11.199454689855319,11.235875522579175,9450000
2005-03-04,11.352947235107422,11.38676701712992,11.251488881433543,11.300917030240566,13141400
2005-03-07,11.373756408691406,11.407575188492233,11.319124163641362,11.326929337158983,9485000
2005-03-08,11.2957124710083,11.394569748417764,11.27750205048465,11.334735367783836,11534600
2005-03-09,11.241079330444336,11.298312638176737,11.134417888466064,11.24368138573762,12479200
2005-03-10,11.20466136932373,11.287909296980976,11.178646764078433,11.251488452680128,9968600
2005-03-11,11.123483657836914,11.236080207249115,11.076350172088222,11.23346212421289,11803400
2005-03-14,11.086822509765625,11.194181874926404,11.023977540431241,11.15490364423155,11332000
2005-03-15,11.06064224243164,11.181094067787317,11.044930743907605,11.128723404927841,10415800
2005-03-16,10.982084274291992,11.128721910834132,10.955899445821371,11.063258840770402,14509600
2005-03-17,10.997794151306152,11.03707238711563,10.932331090881712,10.96637216199079,8479200
2005-03-18,10.85639476776123,11.026599141143173,10.840684271003415,11.000413315068267,31165400
2005-03-21,10.893058776855469,10.91662553137532,10.801410841993583,10.898295944402944,13221800
2005-03-22,10.840682029724121,10.963751890726899,10.809259044930844,10.903526001536832,13188600
2005-03-23,10.78307819366455,10.832829772909546,10.751656196188096,10.814500191141006,13798200
2005-03-24,10.788314819335938,10.848540727685451,10.712377413591545,10.848540727685451,10321600
2005-03-28,10.767363548278809,10.89043441751274,10.759508300927536,10.843300935631106,11567800
2005-03-29,10.838066101074219,10.853777598041429,10.759510614012598,10.788314525675542,10896000
2005-03-30,10.98470687866211,11.000417381227106,10.85378069655383,10.85378069655383,13239800
2005-03-31,10.911385536193848,10.974230531589996,10.869489205558853,10.974230531589996,9457400
2005-04-01,10.835445404052734,10.984701093133745,10.811878663730102,10.953279105665892,11705200
2005-04-04,10.859012603759766,10.893052675420414,10.801404791892494,10.893052675420414,9298200
2005-04-05,10.961133003234863,10.98469974065587,10.86686605355084,10.90352520089755,8743600
2005-04-06,10.921854972839355,11.018741005599436,10.89305107114781,10.995174267750615,8363000
2005-04-07,11.029214859008789,11.065874008764698,10.950659395405138,10.950659395405138,10670200
2005-04-08,11.023983001708984,11.102539502015555,11.010890584620354,11.05540600138657,7767400
2005-04-11,10.963751792907715,11.071111159442909,10.948041299538167,11.063255912758136,9955200
2005-04-12,11.084209442138672,11.105157108803095,10.916623114386537,10.937571779938311,14217000
2005-04-13,11.023983001708984,11.147053919894375,11.00041625139449,11.084209918313993,13992400
2005-04-14,11.016120910644531,11.120862180088048,11.003028501685783,11.05016197304669,13765800
2005-04-15,10.811881065368652,11.031837024276284,10.775221905365246,11.01874460983038,14048600
2005-04-18,10.728093147277832,10.822360171096635,10.667867215146403,10.76737040794391,15410600
2005-04-19,11.10253620147705,11.23869849738564,11.013506393298607,11.181091679543421,25291800
2005-04-20,10.966383934020996,11.1418246448222,10.900920803324171,11.133969388782775,16812400
2005-04-21,10.992561340332031,11.076354010951373,10.929717336811237,11.076354010951373,16392600
2005-04-22,11.031837463378906,11.144434030092325,10.968992473095065,10.984703970387834,13380200
2005-04-25,11.175856590270996,11.188949005899302,11.02660085455627,11.110393513242176,12265400
2005-04-26,11.24917984008789,11.340828787370647,11.154912808088584,11.175861481371863,17567600
2005-04-27,11.212512969970703,11.246554041263105,11.123483167358525,11.230842547077296,10492600
2005-04-28,11.178473472595215,11.238699377123337,11.160143892907838,11.162762975084421,10612000
2005-04-29,11.374868392944336,11.390579897229733,11.154912327387152,11.183716252466542,16370800
2005-05-02,11.408904075622559,11.421996490207675,11.322493340251018,11.387956412063811,10587800
2005-05-03,11.458658218383789,11.526740387702533,11.395814214737563,11.408906632256574,13355600
2005-05-04,11.503167152404785,11.584341693485348,11.440322185296147,11.51625956254375,11776000
2005-05-05,11.560776710510254,11.584343451892371,11.458653498596403,11.463890663224321,9011800
2005-05-06,11.571253776550293,11.660283606193294,11.547687027559872,11.579110025471994,11362800
2005-05-09,11.670754432678223,11.678609680352693,11.547683558380635,11.57386938210727,9263200
2005-05-10,11.5817289352417,11.628862436584289,11.526740183304483,11.552925017878184,8607000
2005-05-11,11.592199325561523,11.605291738395014,11.466510364363286,11.555540170072922,9109200
2005-05-12,11.56601619720459,11.717891018360985,11.456038705101522,11.56601619720459,7955200
2005-05-13,11.55030632019043,11.644573317866241,11.487461322110768,11.644573317866241,9995000
2005-05-16,11.589583396911621,11.615769228590212,11.54245089766484,11.576490980515995,5694200
2005-05-17,11.626242637634277,11.647190302425656,11.450801075431071,11.529356566451453,8947200
2005-05-18,11.762406349182129,11.767643515722101,11.613150598898788,11.636717348884966,12734800
2005-05-19,11.848819732666016,11.851437816853334,11.751934635534932,11.767645138433881,12546400
2005-05-20,11.796448707580566,11.835726961433092,11.717893198763006,11.835726961433092,12042800
2005-05-23,11.775493621826172,11.827863262130437,11.738834474058443,11.775493621826172,10954600
2005-05-24,11.788592338562012,11.82001433933208,11.7205101715249,11.723129254273386,7739800
2005-05-25,11.75716781616211,11.835723300682718,11.73883823640354,11.749311568489023,7436800
2005-05-26,11.754547119140625,11.796443438388396,11.741454706667017,11.767639531614233,6121200
2005-05-27,11.765026092529297,11.793830010672853,11.717892589910281,11.754551758861195,6379200
2005-05-31,11.686469078063965,11.73098349207159,11.61838691690402,11.723128242279024,12964600
2005-06-01,11.675995826721191,11.765025661866199,11.634099492469858,11.662903409559037,9291200
2005-06-02,11.725750923156738,11.744080512450637,11.600061882760993,11.641958229559576,11104000
2005-06-03,11.5817289352417,11.691707438003544,11.4822247658643,11.683851188521505,9711200
2005-06-06,11.51364803314209,11.566017703504501,11.469132614669117,11.524121367882111,8067200
2005-06-07,11.55030632019043,11.644573317866241,11.51364715418036,11.529357654534756,7902600
2005-06-08,11.495320320129395,11.579113005015284,11.45866014646517,11.555546249960653,8908600
2005-06-09,11.429854393005371,11.497935558037826,11.377483728194909,11.442946809486148,10212600
2005-06-10,11.508411407470703,11.511029491556956,11.406289147019653,11.450803568698324,9273400
2005-06-13,11.487327575683594,11.582198989404132,11.455704106207405,11.489962445934957,8915400
2005-06-14,11.52421760559082,11.595371140039692,11.487323403719168,11.487323403719168,9641600
2005-06-15,11.500507354736328,11.555848694086542,11.437260396991016,11.555848694086542,9612200
2005-06-16,11.537395477294922,11.579560428582525,11.439889215934542,11.516313504296988,7681600
2005-06-17,11.608552932739258,11.648083027706704,11.534764494444904,11.63490666448158,14473400
2005-06-20,11.571659088134766,11.608553308476106,11.53212899188784,11.542670484925967,5860800
2005-06-21,11.511042594909668,11.582196137680922,11.479419133219684,11.542666056599652,7781000
2005-06-22,11.445160865783691,11.547937879845833,11.400360036020407,11.51104367021243,10469000
2005-06-23,11.35029125213623,11.463609774003764,11.331844144417513,11.424079683011099,9401400
2005-06-24,11.121013641357422,11.331838339641294,11.1025665430883,11.313391241372171,15487000
2005-06-27,11.155278205871582,11.192172419729962,11.08939539389821,11.134195223499978,9165200
2005-06-28,11.297584533691406,11.329209007858989,11.192172635675318,11.250148827731984,10173800
2005-06-29,11.252785682678223,11.302856263197159,11.231702698064753,11.294950646613128,7701000
2005-06-30,11.002429962158203,11.234337749429155,10.981346979091768,11.215890641892008,20526600
2005-07-01,11.12365436553955,11.200078673049259,11.028782950050534,11.057771549815731,15284600
2005-07-05,11.173722267150879,11.234334317010168,11.121015830880122,11.189533494327945,11501200
2005-07-06,11.055139541625977,11.152645852659285,11.047232918093588,11.131563868921495,10375800
2005-07-07,11.005066871643066,11.08149119148243,10.907560570122726,10.947090668051265,12983600
2005-07-08,11.260684967041016,11.292308420886366,11.002424582505796,11.05513100910903,12800400
2005-07-11,11.271228790283203,11.334475711086885,11.210616738974808,11.252781687941157,10255400
2005-07-12,11.284411430358887,11.366106504275828,11.21062297991277,11.316034908365472,12893000
2005-07-13,11.313397407531738,11.323938899514244,11.236973098596588,11.239608974238218,7104800
2005-07-14,11.379279136657715,11.418809225167141,11.318667071490662,11.32920856246543,12267200
2005-07-15,11.352925300598145,11.371372405348062,11.260688771556756,11.337113065687442,9868200
2005-07-18,11.313397407531738,11.437257425096156,11.308126661540486,11.35292749982013,7096600
2005-07-19,11.418807029724121,11.442523871919553,11.31075827594466,11.389818437762969,10527000
2005-07-20,11.418807029724121,11.476783208354705,11.321299764892665,11.418807029724121,12966800
2005-07-21,11.582199096679688,11.745588196660622,11.471515444549906,11.682341257122443,26064600
2005-07-22,11.603279113769531,11.637538453316425,11.371372367599907,11.516314335278874,14347600
2005-07-25,11.50313949584961,11.64544560721412,11.447797169177472,11.616458014080642,10391800
2005-07-26,11.513678550720215,11.613820695026314,11.482055086046854,11.50313806602364,11479600
2005-07-27,11.598012924194336,11.645448642108605,11.511048111546314,11.569025323506464,11134200
2005-07-28,11.698149681091309,11.756126866159892,11.595372675045537,11.655984729757359,12293000
2005-07-29,11.532122611999512,11.706053129737034,11.532122611999512,11.67179480425393,9949400
2005-08-01,11.561114311218262,11.613820756145785,11.503138126560627,11.592738781349869,10047400
2005-08-02,11.669167518615723,11.687614632158501,11.550579218781373,11.55584896097163,8803400
2005-08-03,11.77193832397461,11.779844943641852,11.561113563197013,11.59273803128247,12820200
2005-08-04,11.690248489379883,11.74295494980951,11.619094918593703,11.700789982524231,9906400
2005-08-05,11.611186027526855,11.648080237837382,11.489960901131344,11.621726512407125,8597800
2005-08-08,11.508410453796387,11.611188496894586,11.453069126561081,11.60855262114507,7319400
2005-08-09,11.62172794342041,11.632269434890514,11.529492406286899,11.561115875405251,8243200
2005-08-10,11.569022178649902,11.708693418267705,11.550575071730266,11.663892583397208,8072000
2005-08-11,11.624363899230957,11.629634645002417,11.492598270820345,11.516316124145934,8301200
2005-08-12,11.484694480895996,11.61909500091628,11.437258766702456,11.561117793503701,8020000
2005-08-15,11.474152565002441,11.518952401594866,11.44516396236401,11.463611072171723,5786800
2005-08-16,11.410905838012695,11.497871655261806,11.379282361418563,11.489965032144125,8983000
2005-08-17,11.413538932800293,11.442526526193856,11.3608324811259,11.374008842721512,11194000
2005-08-18,11.471516609191895,11.511046704385521,11.389822553553454,11.426716772911728,13145600
2005-08-19,11.698149681091309,11.78247958375921,11.663890343978807,11.687608191934887,23074000
2005-08-22,11.666526794433594,11.793021654675547,11.584831757378844,11.742951086650125,12600200
2005-08-23,11.6454439163208,11.6823391305091,11.584831858092002,11.674432510537137,8960200
2005-08-24,11.550573348999023,11.70342092714956,11.529490369782794,11.658621104252745,10785200
2005-08-25,11.545305252075195,11.576928722860504,11.463610196813471,11.521587397663213,7725800
2005-08-26,11.48205280303955,11.571653439541722,11.47678205909335,11.500499904205443,10020600
2005-08-29,11.59537124633789,11.621723960690195,11.421440717854486,11.42671146178327,6421200
2005-08-30,11.434624671936035,11.57429596032259,11.384554079284245,11.542672481031579,13138600
2005-08-31,11.59537124633789,11.611183478124241,11.36346353992948,11.42671146178327,15536400
2005-09-01,11.563746452331543,11.677064920481971,11.495227794463542,11.545299353357427,9958400
2005-09-02,11.569022178649902,11.637539860738277,11.516315728040112,11.61382200822847,8507600
2005-09-06,11.732410430908203,11.777210257279757,11.687609599244793,11.687609599244793,10253200
2005-09-07,11.76667308807373,11.782484322876176,11.661260164694102,11.750860847979144,12324400
2005-09-08,11.669167518615723,11.671803395003144,11.511049115308394,11.516319862790944,17879000
2005-09-09,11.608552932739258,11.684977246853881,11.57165871359208,11.669165007808488,15940800
2005-09-12,11.661256790161133,11.700786876312316,11.569021262864169,11.569021262864169,9145200
2005-09-13,11.579048156738281,11.634741915796413,11.549874946271427,11.555179258328499,12303000
2005-09-14,11.541913032531738,11.624128309481534,11.507435527785882,11.5684335674479,10005200
2005-09-15,11.571085929870605,11.59230215491827,11.494174964224072,11.563128960245892,10943200
2005-09-16,11.510086059570312,11.62677780799095,11.464999944518981,11.589648661297717,39747600
2005-09-19,11.499481201171875,11.549870629339154,11.446439112120492,11.49682854028777,11264800
2005-09-20,11.377488136291504,11.502135915329314,11.372183824803558,11.483571330968491,14977600
2005-09-21,11.205095291137695,11.297918161061475,11.178574760214731,11.274049278553445,14035400
2005-09-22,11.197136878967285,11.207744481994464,11.099008710343707,11.16796369433288,12395200
2005-09-23,11.231618881225586,11.300573899116072,11.202446693942035,11.205098343079202,10658200
2005-09-26,11.236921310424805,11.33239685048155,11.13879412167471,11.284659080453176,15488400
2005-09-27,11.226310729980469,11.353611079101649,11.218353762621291,11.218353762621291,10018800
2005-09-28,11.369525909423828,11.404003412316639,11.23161690954608,11.292615957623173,11590600
2005-09-29,11.430525779724121,11.433178440514896,11.284660798735224,11.38809231231474,15022800
2005-09-30,11.45439624786377,11.507438342363093,11.393398193282378,11.45439624786377,9953400
2005-10-03,11.459697723388672,11.526000072186376,11.435828837353757,11.459697723388672,13063800
2005-10-04,11.414615631103516,11.563132284210694,11.406658659191471,11.502134228585414,9836800
2005-10-05,11.303224563598633,11.451742194684178,11.303224563598633,11.39339580181243,10305600
2005-10-06,11.327088356018066,11.37217446069368,11.25548172743431,11.311176446350435,13721400
2005-10-07,11.191838264465332,11.316486009906969,11.149404795692789,11.308530050666398,14741800
2005-10-10,11.133489608764648,11.215704880462445,11.101664766559548,11.175923068935948,12022200
2005-10-11,11.048625946044922,11.138797201957088,11.027409715550537,11.099015378701154,11594800
2005-10-12,11.064534187316895,11.138792480109078,11.008839456029394,11.014143764327887,17748200
2005-10-13,11.064534187316895,11.117575246915104,11.006187807726828,11.006187807726828,9680400
2005-10-14,11.15735912322998,11.197140937002356,11.019450116964238,11.064536240019168,10720800
2005-10-17,11.162667274475098,11.226317996079471,11.117581135902437,11.125538108411671,9956200
2005-10-18,11.072492599487305,11.197141342912104,11.072492599487305,11.141446599273065,11762000
2005-10-19,11.085752487182617,11.112274033647363,10.94784348064659,11.07779652908997,14578800
2005-10-20,11.165313720703125,11.388089624955175,11.16001042376038,11.37748201937626,21683000
2005-10-21,11.120227813720703,11.308526204119104,11.088402975889805,11.24222386848361,13578600
2005-10-24,11.244880676269531,11.268749566370376,11.154709426076751,11.186534275646636,11878600
2005-10-25,11.260796546936035,11.297925719746186,11.154713340577612,11.205102787720806,11748200
2005-10-26,11.228962898254395,11.364219209308477,11.221006942219827,11.266092042006758,10462600
2005-10-27,11.178577423095703,11.271400315131089,11.170620452568638,11.231618497576697,8195200
2005-10-28,11.358918190002441,11.39604734119743,11.228965149126488,11.244878076078695,12878000
2005-10-31,11.345659255981445,11.396049695895229,11.244880399541282,11.297921476954546,19920400
2005-11-01,11.311184883117676,11.353618360036801,11.263447095121926,11.30322791065579,11631400
2005-11-02,11.284661293029785,11.30853018272393,11.242227823761716,11.292618264056973,12415400
2005-11-03,11.292616844177246,11.34831057589635,11.268747957484262,11.305877111963664,9076400
2005-11-04,11.218355178833008,11.324439322339403,11.146748533720197,11.31383070565009,11434800
2005-11-07,11.24753475189209,11.263447685956699,11.167972104956934,11.231621817827481,10704000
2005-11-08,11.175923347473145,11.282007506392072,11.138794195359576,11.247530002989393,9146200
2005-11-09,11.186530113220215,11.247528140404626,11.144096659018306,11.183877453255086,9225400
2005-11-10,11.27670955657959,11.316490379837749,11.199798548575428,11.239580383527676,9571800
2005-11-11,11.34035587310791,11.340355873107912,11.202447846525391,11.258141589379154,8627000
2005-11-14,11.292616844177246,11.34831057589635,11.266095296910828,11.32974599865665,6991200
2005-11-15,11.260796546936035,11.316490306151263,11.205102787720806,11.263449208819091,8944200
2005-11-16,11.175923347473145,11.271398888161475,11.170619038357847,11.25548596081558,10351400
2005-11-17,11.104316711425781,11.221009488779899,11.104316711425781,11.18653198531677,14969200
2005-11-18,11.191838264465332,11.266096581893857,11.109622976102537,11.263444932711565,17160400
2005-11-21,11.178577423095703,11.223662538743277,11.149404225114969,11.223662538743277,13533000
2005-11-22,11.228962898254395,11.252831778051384,11.157356258863423,11.181225138660414,13147600
2005-11-23,11.311184883117676,11.353618360036801,11.234273890047424,11.2581427840453,9917600
2005-11-25,11.35096549987793,11.382790354086497,11.332400917281777,11.364225771490343,3958400
2005-11-28,11.345659255981445,11.478263972902008,11.337703296708195,11.390745385815162,15625800
2005-11-29,11.492483139038086,11.545874670666677,11.423074860772049,11.436422489089507,14827800
2005-11-30,11.396379470825195,11.527188682555998,11.391040215411811,11.48714477613504,13232000
2005-12-01,11.436421394348145,11.457777393940038,11.399047631293328,11.399047631293328,10905200
2005-12-02,11.4310884475708,11.46045385427741,11.375027772054121,11.38036702948798,8286800
2005-12-05,11.385704040527344,11.48714685667836,11.372355390396764,11.401720791309595,9906000
2005-12-06,11.356337547302246,11.407058950499103,11.30561512574646,11.380363689523689,16146600
2005-12-07,11.265568733215332,11.39370777912085,11.20416883736635,11.321629374856755,12944600
2005-12-08,11.180150032043457,11.249558345526854,11.134766850706434,11.236210710436886,13954400
2005-12-09,11.081375122070312,11.209515268375133,11.011966809651193,11.166802225726615,18714200
2005-12-12,10.98526668548584,11.137431896326762,10.971918038140048,11.060014222499959,19171400
2005-12-13,10.934544563293457,11.006622983789459,10.883823164437237,11.001283728379514,20553000
2005-12-14,10.969249725341797,11.05200666051338,10.93721520974846,10.977258099650408,13085800
2005-12-15,10.987937927246094,11.006624815110674,10.905180982160807,10.945224895218626,13107800
2005-12-16,11.001282691955566,11.08136947884214,10.987935063867594,11.033318221397193,16554200
2005-12-19,11.057344436645508,11.14810974234016,10.974588523284307,10.974588523284307,14156200
2005-12-20,11.003950119018555,11.09204525739396,10.982593104649672,11.081366750209517,11937600
2005-12-21,11.001282691955566,11.062682595847232,10.96657906259859,10.987935063867594,9821400
2005-12-22,11.019970893859863,11.022641030812277,10.947892471527721,11.0066232641744,11072200
2005-12-23,10.98526668548584,11.019970317180215,10.974588174952734,11.001283432926686,5063200
2005-12-27,10.93721866607666,11.038661500572859,10.849122447406621,10.971922311286786,14248000
2005-12-28,10.886483192443848,10.985257807510003,10.87313557424404,10.939874683601067,9763000
2005-12-29,10.838441848754883,10.918529675186665,10.79038956023942,10.857128736693229,11163400
2005-12-30,10.76102352142334,10.857127065300661,10.76102352142334,10.779710406484947,11743200
2006-01-03,10.91852855682373,10.942554698620512,10.771701568977333,10.889163159254451,13640800
2006-01-04,10.89716911315918,10.963908267952345,10.854456094825903,10.942552267965048,19993200
2006-01-05,10.950563430786133,10.979928829314597,10.833102855031225,10.870476628300562,16613000
2006-01-06,11.054676055908203,11.094719965171507,10.907850085874276,10.961241625439044,17122800
2006-01-09,11.108071327209473,11.124088081608463,11.011966727378507,11.076036800052236,13819600
2006-01-10,11.118746757507324,11.140102763567214,10.99327678494393,10.99327678494393,13849800
2006-01-11,11.124082565307617,11.161457349876478,11.070692052641032,11.121413447017789,10574400
2006-01-12,11.062687873840332,11.113410310476473,11.019974832565243,11.019974832565243,17086000
2006-01-13,11.027974128723145,11.09204312278303,10.958564863740254,11.04666100352047,10548400
2006-01-17,10.953227996826172,11.019967140883574,10.918524375134458,10.966576640324469,11574000
2006-01-18,10.89716911315918,10.945221386078954,10.838438331066417,10.945221386078954,12906200
2006-01-19,10.926536560058594,10.98259721622671,10.838440370343948,10.9292056786747,10907600
2006-01-20,10.702293395996094,10.910519281573075,10.507415140814752,10.899841788271916,18971600
2006-01-23,10.811741828918457,10.854454842323051,10.678263534734278,10.678263534734278,13222200
2006-01-24,10.91852855682373,11.025310617196943,10.865137017457668,10.998615356693367,15888400
2006-01-25,10.982596397399902,10.99594402620303,10.918527371801373,10.982596397399904,13699000
2006-01-26,11.073362350463867,11.100058627999596,10.985267180493116,11.019970813751272,14573200
2006-01-27,11.204169273376465,11.2095085277918,11.003951815415391,11.073360086097424,13646400
2006-01-30,11.145441055297852,11.201501712008186,11.089380398587515,11.172136315152615,12143400
2006-01-31,11.046667098999023,11.142771661477019,11.001283936336034,11.142771661477019,13115000
2006-02-01,11.078706741333008,11.089385257297158,10.953236724652562,10.995949770149835,12966600
2006-02-02,11.006619453430176,11.08136696847656,10.939880309750615,11.03064558588916,12468400
2006-02-03,10.913191795349121,11.006626246825743,10.817087206196513,10.95056557593977,12538000
2006-02-06,10.929203033447266,10.945220796343705,10.84644713771224,10.89983866234174,13500600
2006-02-07,10.953227996826172,11.073358659801201,10.841106723621825,11.052002663249262,20573000
2006-02-08,11.006619453430176,11.022637214522337,10.857123404978894,11.014627824797,18185800
2006-02-09,10.945222854614258,11.057344160898072,10.918527596458729,10.97725736807266,15045200
2006-02-10,10.987937927246094,11.057346222406101,10.86780720643165,10.921198751055737,12782000
2006-02-13,10.87581729888916,11.046669437977215,10.846451896541074,11.046669437977215,11791600
2006-02-14,11.035993576049805,11.062688847311096,10.929210454285993,10.942559108275962,14048800
2006-02-15,11.035993576049805,11.062688847311096,10.974593637461377,11.049341211680451,13561600
2006-02-16,11.102725982666016,11.110734355475001,10.987934553396633,11.019969062991272,14381400
2006-02-17,11.15611743927002,11.185482830526029,11.006621364857018,11.116073538764791,14525200
2006-02-21,11.172138214111328,11.22286064215925,11.105399034771693,11.156121462819614,20793200
2006-02-22,11.233538627624512,11.257563753433631,11.19082457722871,11.225529233995792,11821200
2006-02-23,11.220192909240723,11.294941498604222,11.196166758795183,11.260236832769715,9523400
2006-02-24,11.273580551147461,11.302945949085327,11.169467608174239,11.214849755271725,10691400
2006-02-27,11.353666305541992,11.353666305541992,11.260231882859758,11.286927141237873,13199800
2006-02-28,11.204169273376465,11.367012968788856,11.190820628158805,11.350995205542855,16189400
2006-03-01,11.294933319091797,11.313620198310275,11.172132517766533,11.185481161515623,11036800
2006-03-02,11.18815803527832,11.252228107270565,11.132097358759637,11.2308710771534,11537800
2006-03-03,11.15878677368164,11.225525930244759,11.097386871846618,11.113404636030904,10586800
2006-03-06,11.198832511901855,11.26290154243078,11.132093344391544,11.150780229825722,10945800
2006-03-07,11.15878677368164,11.222856812060067,11.132091518399879,11.198830674962997,11242600
2006-03-08,11.273580551147461,11.348328096182813,11.132093835656562,11.137433091496076,13843000
2006-03-09,11.318964004516602,11.369685408743768,11.244215439220996,11.244215439220996,13296600
2006-03-10,11.417736053466797,11.460449076772711,11.353666009328522,11.377692148585526,15399000
2006-03-13,11.425806999206543,11.509167134174776,11.404294044508845,11.452697166784526,13502200
2006-03-14,11.50648021697998,11.527992149041665,11.412362565051518,11.420430437144654,11377200
2006-03-15,11.490335464477539,11.514537008034003,11.441932377364616,11.479578994942802,12805400
2006-03-16,11.479585647583008,11.498408967280575,11.431182532419548,11.484963885467167,14209000
2006-03-17,11.50648021697998,11.51992530274282,11.450010241299477,11.47958901966001,16508800
2006-03-20,11.533370971679688,11.560262170359387,11.479589600114632,11.51454764550107,11851600
2006-03-21,11.495718955993652,11.525298747843696,11.431181135066844,11.509164036163527,14625800
2006-03-22,11.50109577178955,11.549498875054008,11.479582825541465,11.514540850297736,16481600
2006-03-23,11.404293060302734,11.519922617338525,11.34782309778592,11.49572105828931,12053200
2006-03-24,11.471517562866211,11.49840772358452,11.382779211860688,11.388156423369248,9723600
2006-03-27,11.398908615112305,11.468824647980869,11.382774935060706,11.44462310210998,9339200
2006-03-28,11.337067604064941,11.42580700353536,11.323622520270858,11.377403881241339,10910400
2006-03-29,11.337067604064941,11.388159332800123,11.299420959123847,11.320932888035555,8702000
2006-03-30,11.326303482055664,11.36395010158728,11.267144948131744,11.288656862524046,13586200
2006-03-31,11.259082794189453,11.345132546997007,11.242949106659266,11.326309227682477,14535800
2006-04-03,11.259082794189453,11.355889022546442,11.240259474874923,11.32093098990776,11291600
2006-04-04,11.31555461883545,11.328999701374423,11.207991906935565,11.245638548362312,9257600
2006-04-05,11.280593872070312,11.315551898903982,11.22681252904785,11.307484030684645,13148800
2006-04-06,11.210672378540039,11.294033471064434,11.181093628734574,11.294033471064434,10988400
2006-04-07,11.119247436523438,11.26176811855704,11.108491990881728,11.237566570724434,11893400
2006-04-10,11.154212951660156,11.15959119099209,11.084297891933538,11.119254908899714,7726200
2006-04-11,11.103113174438477,11.296724521179302,11.043953610432197,11.296724521179302,11085200
2006-04-12,11.065469741821289,11.116561454503575,10.998243318179103,11.095048506557044,10010000
2006-04-13,11.095050811767578,11.140765322755119,11.04664872041905,11.070849253196299,9029000
2006-04-17,11.035888671875,11.132694874823786,10.987485570400606,11.105803693008179,9270800
2006-04-18,11.105807304382324,11.15690005354941,11.038580866673238,11.038580866673238,11528400
2006-04-19,11.210672378540039,11.326301850902494,11.132690546080834,11.154202457375108,16677600
2006-04-20,11.242950439453125,11.358580000831934,11.173034365887567,11.224127117907189,12246600
2006-04-21,11.253703117370605,11.299417619713077,11.210678246468545,11.296727988272664,13110600
2006-04-24,11.1757173538208,11.267145300885792,11.164960883391158,11.226809049671376,12466400
2006-04-25,11.119247436523438,11.191852080021256,11.092357283728798,11.173028767906294,12600800
2006-04-26,11.218743324279785,11.234877005733578,11.11924750161134,11.11924750161134,12248600
2006-04-27,11.307486534118652,11.331688092547202,11.189168373909089,11.194546611981437,13146400
2006-04-28,11.283285140991211,11.318243176076594,11.24832813169987,11.29673022347204,11529400
2006-05-01,11.285972595214844,11.345131151874016,11.269837883874793,11.318240992101105,13265600
2006-05-02,11.358582496643066,11.37471618963086,11.291356040409083,11.32093481948481,10551400
2006-05-03,11.272530555725098,11.355891722361036,11.248330018676244,11.334379791941764,14313200
2006-05-04,11.31555461883545,11.328999701374423,11.240260310187912,11.280596583598879,13301800
2006-05-05,11.48496150970459,11.53336461485545,11.304795193927099,11.366643378110137,18958000
2006-05-08,11.662439346313477,11.761935188975578,11.514541423770028,11.522608266117954,27358400
2006-05-09,11.743111610412598,11.7431116104126,11.611348389794898,11.611348389794898,13929600
2006-05-10,11.71890640258789,11.76730846628879,11.689326622808743,11.743106921541619,14902400
2006-05-11,11.66512680053711,11.721596738021061,11.635547016390202,11.708151661352538,16969400
2006-05-12,11.611349105834961,11.667819061010608,11.592525787443078,11.63823926759653,14767800
2006-05-15,11.815720558166504,11.831855275555455,11.5763945587653,11.614041206878627,18623200
2006-05-16,11.788824081420898,11.8856302823759,11.735042744691045,11.86949557361884,16978000
2006-05-17,11.710844993591309,11.823785939942772,11.616728393126765,11.767314953870034,19862400
2006-05-18,11.710844993591309,11.810339832052971,11.6597532713097,11.718912863483991,15375800
2006-05-19,11.737730979919434,11.764621132189875,11.63554655486336,11.761932527280253,16014600
2006-05-22,11.724288940429688,11.75924697112898,11.665130379777702,11.710843859635776,15634200
2006-05-23,11.71890640258789,11.769998096701501,11.702771697491961,11.759241626637548,13705800
2006-05-24,11.839919090270996,11.877565728746585,11.683954298615847,11.70277761785364,20534800
2006-05-25,11.931343078613281,11.931343078613281,11.791512021322996,11.88293998086689,14125400
2006-05-26,11.963619232177734,12.036222893893848,11.891014544667426,11.963619232177736,12337000
2006-05-30,11.743111610412598,11.917900728465792,11.73235616184758,11.888320936875818,16652200
2006-05-31,11.839919090270996,11.856053803529376,11.713534093359227,11.751180731834816,14599800
2006-06-01,11.81033706665039,11.845295092549197,11.743110646118563,11.826471776863787,9973400
2006-06-02,11.80226993560791,11.866807749088313,11.724287043508932,11.764623305158402,12120400
2006-06-05,11.678574562072754,11.79958233149595,11.66781808794762,11.77538077761131,11428600
2006-06-06,11.69739818572998,11.75386813767746,11.616726679263028,11.724288345954344,16578600
2006-06-07,11.66512680053711,11.778066675505013,11.65705893390112,11.729663578863455,11577400
2006-06-08,11.667818069458008,11.702776097412386,11.576390091126903,11.689331017674188,23080400
2006-06-09,11.710844993591309,11.788827905858508,11.67857659140261,11.778071429864271,13947800
2006-06-12,11.646306037902832,11.745800857985765,11.635549563895536,11.74311122658703,13990600
2006-06-13,11.621930122375488,11.714017235613076,11.581303059727771,11.695058215227908,18118600
2006-06-14,11.59484577178955,11.678806850187655,11.50817567159139,11.600262782200572,12402600
2006-06-15,11.657145500183105,11.678812519155404,11.516306260699583,11.632769458095773,14639400
2006-06-16,11.70318603515625,11.746521096936739,11.627349935337735,11.627349935337735,16754800
2006-06-19,11.627349853515625,11.735688023799154,11.57318076837386,11.703185952800478,11623000
2006-06-20,11.592131614685059,11.678801676488456,11.565047607817236,11.619216654741518,11303800
2006-06-21,11.64901351928711,11.684223569486948,11.559635432704834,11.559635432704834,9266400
2006-06-22,11.61109447479248,11.659846529865034,11.543383401990491,11.651721531749267,8044600
2006-06-23,11.578594207763672,11.651722295163811,11.565052198953804,11.575886219277315,7681400
2006-06-26,11.600261688232422,11.611094674843764,11.508174586307558,11.573176638731583,9625600
2006-06-27,11.513589859008789,11.586717938406075,11.448587810559378,11.562341911940312,12008800
2006-06-28,11.489215850830078,11.527134924473822,11.47296585245759,11.491924872684903,10224200
2006-06-29,11.662558555603027,11.686934589418497,11.489217296699001,11.524427352918956,14379000
2006-06-30,11.651726722717285,11.779023926917757,11.651726722717285,11.71131282394975,22568000
2006-07-03,11.746516227722168,11.768184266225173,11.676097168965285,11.700473195686696,5875600
2006-07-05,11.651726722717285,11.746521853596718,11.602974645925165,11.700478799509405,11837800
2006-07-06,11.735682487487793,11.806101541719325,11.657137402745366,11.69505543449995,10246000
2006-07-07,11.69505500793457,11.7790170988922,11.678803980694399,11.708597014040294,5874000
2006-07-10,11.816935539245605,11.849436561664715,11.711306441491843,11.72755643610696,9588800
2006-07-11,11.865690231323242,11.93881832293961,11.814229148414075,11.835897190310378,15525400
2006-07-12,11.800687789916992,11.881940885132996,11.765477736487366,11.871107896776248,8300400
2006-07-13,11.673383712768555,11.822348837911603,11.605672667953915,11.7817217977474,12870400
2006-07-14,11.55151081085205,11.695057971690284,11.475673697701483,11.646305910803884,13775200
2006-07-17,11.565052032470703,11.600262081420734,11.521716984989522,11.5271339950733,11175800
2006-07-18,11.795269966125488,11.841314037927322,11.66526481610298,11.741100895318837,23951200
2006-07-19,11.868401527404785,11.892777564736592,11.795273415409365,11.887360552752924,16154800
2006-07-20,11.87381362915039,11.909023675888943,11.82235358637017,11.865688631129556,10657600
2006-07-21,11.890068054199219,12.003822191735068,11.85485799740463,12.003822191735068,18399800
2006-07-24,11.917145729064941,11.960480763115811,11.881935691027138,11.881935691027138,11459200
2006-07-25,11.984865188598633,12.022783240834173,11.84131798136711,11.881944023109718,10983800
2006-07-26,12.039027214050293,12.090487250008016,11.927981112002389,11.944231105889655,16632800
2006-07-27,12.001112937927246,12.090491031830545,11.976736906282863,12.066115000186164,12820000
2006-07-28,12.057991027832031,12.098617061907198,12.001113960213255,12.049866027654845,12831000
2006-07-31,12.052573204040527,12.13111831108844,12.033614182779193,12.057990214856504,12836200
2006-08-01,12.001112937927246,12.090491031830545,11.982153917002632,12.052572989981318,9094400
2006-08-02,12.001112937927246,12.049865001216011,11.968610873608636,11.995695927207477,9120600
2006-08-03,11.922563552856445,12.011941614678888,11.887353512410622,11.971315598646425,11378000
2006-08-04,11.8765230178833,11.971319149790041,11.849438999160855,11.968610128004345,9781800
2006-08-07,11.811516761779785,11.90631182680662,11.776306723403222,11.876518796887124,10029400
2006-08-08,11.865690231323242,11.917150281043307,11.835897190310378,11.865690231323244,8162800
2006-08-09,11.849437713623047,11.94423280205644,11.838603694033807,11.90360677838026,7719000
2006-08-10,11.890068054199219,11.965904145889786,11.838606963532683,11.85485799740463,8430600
2006-08-11,11.852145195007324,11.88464725238492,11.811519173068728,11.841312209070392,5677400
2006-08-14,11.914446830749512,11.957781897859835,11.884653778388133,11.914446830749512,8528800
2006-08-15,12.00382137298584,12.011946372773,11.946944308097352,11.982154362490355,9501200
2006-08-16,12.006532669067383,12.041741696939756,11.974030597384507,12.022782671719437,9839400
2006-08-17,11.965904235839844,12.003822281970164,11.903610155312993,11.960487224508473,9517200
2006-08-18,12.001112937927246,12.030904947102245,11.852147726106493,11.852147726106493,9963000
2006-08-21,11.968610763549805,12.063406900490316,11.93881875464876,12.011945815720308,8328400
2006-08-22,12.02819538116455,12.05798841962215,11.9496502858107,11.992985332697476,8017800
2006-08-23,12.00382137298584,12.036322405323665,11.952361319018522,12.00653039504102,7561200
2006-08-24,12.055281639099121,12.07965767207875,11.965903540299953,11.998404573209724,10326200
2006-08-25,12.057991027832031,12.08507505054881,12.011946949386422,12.039032005292439,5025800
2006-08-28,12.10944938659668,12.182577477506943,12.011945265382995,12.057989337373497,8918600
2006-08-29,12.225914001464844,12.23133101253961,12.093200846295383,12.101325846312921,14100000
2006-08-30,12.177163124084473,12.296335312988049,12.169038123273529,12.247583241743735,12119200
2006-08-31,12.136537551879883,12.225915663792971,12.133828529379551,12.22049865198167,7306800
2006-09-01,12.206954956054688,12.223205989248038,12.152785878599406,12.182578922859271,7852000
2006-09-05,12.18257999420166,12.206956029540718,12.136536945888613,12.190704994918244,8144800
2006-09-06,12.106740951538086,12.150076000125155,12.055279871023464,12.082364922133543,9858000
2006-09-07,12.04986572265625,12.10674278883539,12.017363656391701,12.093200777819769,14780600
2006-09-08,12.079660415649414,12.09861944191858,12.003824310572746,12.033617361335564,8646200
2006-09-11,12.066112518310547,12.15278260562139,11.99840144802464,11.99840144802464,8995000
2006-09-12,12.128413200378418,12.179874303131307,12.044452088627075,12.044452088627075,10300800
2006-09-13,12.166593551635742,12.212957564139254,12.122956405588829,12.212957564139254,10795800
2006-09-14,12.15841293334961,12.20477694974834,12.114774743244855,12.114774743244855,7799800
2006-09-15,12.163869857788086,12.226599252324231,12.128415379614424,12.191143733758581,15846400
2006-09-18,12.12022590637207,12.215682858201863,12.076588769658608,12.142044994924506,8969000
2006-09-19,12.10386848449707,12.152960417092409,12.06023132667809,12.147505642316048,8292600
2006-09-20,12.122949600219727,12.16385881645352,12.079312478669054,12.117494829977012,8288200
2006-09-21,12.054776191711426,12.150232146465795,12.019320676920426,12.122959313790798,12089600
2006-09-22,11.997499465942383,12.05477302374364,11.9838620127969,12.027499157844277,9691600
2006-09-25,12.1093168258667,12.166590370002485,12.002950334825643,12.046587469461196,12606800
2006-09-26,12.174776077270508,12.199322038732413,12.084774912171328,12.128412061393414,10611400
2006-09-27,12.193863868713379,12.245683684250697,12.092953184317077,12.150226731645404,11340200
2006-09-28,12.259320259094238,12.270229803605549,12.1829544879065,12.221137893696083,9706200
2006-09-29,12.185688972473145,12.25932687708955,12.172052554668326,12.215689715878938,9214800
2006-10-02,12.136590003967285,12.253865001843673,12.136590003967285,12.245683363979724,9450600
2006-10-03,12.152956008911133,12.223865974499187,12.136591690517797,12.136591690517797,10755000
2006-10-04,12.218408584594727,12.223863356224127,11.942949379853516,11.942949379853516,10242000
2006-10-05,12.226592063903809,12.259319655434775,12.185681794196569,12.196591338170682,8949800
2006-10-06,12.207501411437988,12.242956913717169,12.180228588387243,12.223865729503343,10106200
2006-10-09,12.114771842956543,12.180228072051676,12.046588747828537,12.150227343732718,15335800
2006-10-10,12.016589164733887,12.133864172608487,11.986588436153204,12.128409400103683,25847200
2006-10-11,12.032954216003418,12.041136896162822,11.972953790387022,11.997499750081975,10412400
2006-10-12,12.013863563537598,12.068410258660727,11.989317602751774,12.054773844977863,11042400
2006-10-13,12.005677223205566,12.054769125557826,11.962040092269255,12.032950039894036,16628600
2006-10-16,12.068410873413086,12.131139211862916,12.000227761133917,12.04113804465811,14568800
2006-10-17,11.942948341369629,12.062950185607901,11.932038799059454,12.027494693295441,16209800
2006-10-18,11.989315032958984,12.041134850395139,11.92385984515425,11.978405488194378,20173800
2006-10-19,12.248412132263184,12.3111404598765,12.163864713101821,12.191138577536881,35323000
2006-10-20,12.750234603881836,12.851145260239406,12.300225907588379,12.330226626060092,53627400
2006-10-23,12.894782066345215,12.954783501805041,12.736597882484439,12.750234288618646,30265400
2006-10-24,12.826602935791016,12.883877523775977,12.788420570728652,12.832057707998699,20931600
2006-10-25,12.870240211486816,12.894786166489684,12.818421435543618,12.859331707345541,14119400
2006-10-26,12.856605529785156,12.872969848784647,12.788422427874636,12.862060302784988,15688600
2006-10-27,12.782963752746582,12.823874017561254,12.752963030601325,12.807509703557134,13495800
2006-10-30,12.752967834472656,12.870242861366634,12.725695007917071,12.810242434866018,10973600
2006-10-31,12.742060661315918,12.802061094094517,12.684786054929788,12.769333490725122,12161800
2006-11-01,12.720232963562012,12.791143936700005,12.682050612052807,12.747506814919335,10464600
2006-11-02,12.739327430725098,12.77205606080985,12.657507936295854,12.684780754308496,15476800
2006-11-03,12.68205451965332,12.772056696277428,12.654781700283733,12.763874018153455,11942600
2006-11-06,12.76660442352295,12.791150381917257,12.635692992217164,12.73660369210862,18737000
2006-11-07,12.79660701751709,12.821152981479768,12.701151068991019,12.728423899886522,16346000
2006-11-08,12.785694122314453,12.818421716237793,12.690237166150151,12.725692666462118,14765000
2006-11-09,12.722967147827148,12.82114993999473,12.690238510046393,12.736603560040017,16073600
2006-11-10,12.673872947692871,12.750237674637114,12.622053134073813,12.722964855125992,9880800
2006-11-13,12.657508850097656,12.709327624219231,12.59750739766849,12.657508850097656,13673200
2006-11-14,12.695693016052246,12.712057334598526,12.589327546480288,12.635692595498973,16383000
2006-11-15,12.722967147827148,12.750239972252883,12.646601366730282,12.673875231547578,19823800
2006-11-16,12.856605529785156,12.870241942088947,12.750240057267396,12.763876469571187,14747000
2006-11-17,12.889334678649902,12.919335413563832,12.832061115846054,12.853880210471345,18904800
2006-11-20,12.82933235168457,12.916606636494,12.807513260286443,12.848423536462162,12338400
2006-11-21,12.815693855285645,12.862057856378257,12.769328813801662,12.782965223511761,12110600
2006-11-22,12.845693588256836,12.867512676187225,12.78569317723102,12.818420768735226,7258600
2006-11-24,12.79660701751709,12.870244909405121,12.777515827811875,12.791153283651438,4565800
2006-11-27,12.695693016052246,12.807513258472966,12.652055873653712,12.780240434620708,18962400
2006-11-28,12.731146812438965,12.804784675436878,12.641144633088828,12.646599405206237,14540000
2006-11-29,12.80527400970459,12.851949009945255,12.728398770892406,12.79429153348954,15077800
2006-11-30,12.857449531555176,12.906868615511945,12.742135542729821,12.753118026874587,21071200
2006-12-01,12.786056518554688,12.827240284934879,12.692707555793387,12.808021473249905,15461000
2006-12-04,12.857449531555176,12.975507570395719,12.777828092526638,12.829993321193266,14004400
2006-12-05,13.17867374420166,13.17867374420166,12.862934266808072,12.901372945000048,26343400
2006-12-06,13.283003807067871,13.32693267303282,13.159453544245583,13.1923999318826,29681000
2006-12-07,13.376352310180664,13.447736322121244,13.31320463302449,13.33791468472445,24190600
2006-12-08,13.42851734161377,13.44773615410175,13.357133330565079,13.392824812416059,16320400
2006-12-11,13.401063919067383,13.497157993873932,13.337916234573527,13.412045350940371,18181400
2006-12-12,13.425780296325684,13.49716435017834,13.370868921713527,13.387341600954024,16227000
2006-12-13,13.40929889678955,13.491665387903097,13.359878792652072,13.491665387903097,12960800
2006-12-14,13.453229904174805,13.499903872544397,13.379099736164047,13.423028608242987,15830200
2006-12-15,13.434004783630371,13.549317625967111,13.28299942218379,13.453223590686495,23760200
2006-12-18,13.425780296325684,13.480690623590485,13.403815327541878,13.412051667162126,10438400
2006-12-19,13.390079498291016,13.414789549279304,13.28849419860437,13.362623304222522,15461400
2006-12-20,13.384587287902832,13.403806098682345,13.354386000293127,13.379096049487737,12103600
2006-12-21,13.359882354736328,13.417538809153811,13.351646017632985,13.3845924133934,14383200
2006-12-22,13.283003807067871,13.39831668747082,13.24731127617548,13.379097874070329,7878000
2006-12-26,13.32968521118164,13.343412793082559,13.26379239911828,13.29124756292012,5260400
2006-12-27,13.368115425109863,13.392825477728604,13.25829378362962,13.368115425109862,9620800
2006-12-28,13.326937675476074,13.401067860995196,13.31595519302572,13.357138978540958,7907000
2006-12-29,13.247313499450684,13.357136206467814,13.230839779194028,13.296733612873696,12339600
2007-01-03,13.337926864624023,13.420293429723632,13.255559252176718,13.277524228122052,15753400
2007-01-04,13.34340763092041,13.370863831447638,13.247313547442513,13.293987517318362,11810400
2007-01-05,13.250055313110352,13.335167942329267,13.225345262520776,13.315949130464785,11607000
2007-01-08,13.33516788482666,13.362623030987045,13.181416343227104,13.181416343227104,17551000
2007-01-09,13.34615707397461,13.406559682719791,13.304973286676129,13.32693825252791,13724000
2007-01-10,13.36536979675293,13.395571087344557,13.280257163935318,13.313204597678952,8928000
2007-01-11,13.381843566894531,13.41753504923877,13.34340489404061,13.384588662710724,11009600
2007-01-12,13.32968521118164,13.362631617213319,13.247318672428758,13.343412793082559,13667200
2007-01-16,13.315950393676758,13.368115595493737,13.272021527055406,13.310459154430738,12685200
2007-01-17,13.34340763092041,13.414792704944244,13.310461237634698,13.324188814224831,14400200
2007-01-18,13.27476978302002,13.453231435284033,13.233587049891662,13.293988601282662,15223000
2007-01-19,13.250055313110352,13.296730318600304,13.197890116242,13.29123907987521,13008200
2007-01-22,13.186911582946777,13.27476933413281,13.175930149558779,13.208876544416789,12198800
2007-01-23,13.211620330810547,13.24182162616343,13.162200219750721,13.219857714218454,12149000
2007-01-24,13.21436595916748,13.233584774125083,13.16219970655668,13.230838630647217,8641600
2007-01-25,13.162198066711426,13.23907436431087,13.151216636208705,13.197890596048783,11596600
2007-01-26,13.132000923156738,13.20613004777022,13.123763539152034,13.17867489401315,14459000
2007-01-29,13.099054336547852,13.15671079160798,13.057871603225067,13.112781914322113,10077800
2007-01-30,13.126506805419922,13.16494443119254,13.079831797448351,13.131998044436974,8986000
2007-01-31,13.145726203918457,13.170436256922594,13.038649656682793,13.123761246871759,10604400
2007-02-01,13.20612621307373,13.252801217723984,13.137487301264933,13.175925971649068,10398600
2007-02-02,13.244563102722168,13.291237053750416,13.189651771188641,13.206124437506125,10703600
2007-02-05,13.151219367980957,13.244568354398307,13.134745647784852,13.208875817646891,9192800
2007-02-06,13.192401885986328,13.222603182188271,13.140236677221932,13.178674309716428,11168800
2007-02-07,13.186911582946777,13.214367784784292,13.140237610843512,13.186911582946776,9242400
2007-02-08,13.140236854553223,13.192402064021607,13.082580405033388,13.164946911111288,9076600
2007-02-09,13.112784385681152,13.175933140569052,13.079837983344124,13.101802949800307,9828400
2007-02-12,13.156706809997559,13.280257067270032,13.123760423840478,13.137487997460367,13925400
2007-02-13,13.236327171325684,13.293983604442154,13.203380787737224,13.206125883308491,19411800
2007-02-14,13.145726203918457,13.329678006123972,13.104542433129295,13.315950431643184,32846800
2007-02-15,13.13748836517334,13.206127282540697,13.063359256081744,13.17592703867034,19195000
2007-02-16,13.14298152923584,13.206129216781145,13.112780233595277,13.178674064751679,17492200
2007-02-20,13.118268966674805,13.145725160804528,13.041393717805008,13.046884956630953,17828800
2007-02-21,13.060615539550781,13.118271989488774,13.046887962996061,13.055124299459502,16489600
2007-02-22,12.986485481262207,13.107290669617582,12.964521568054753,13.093562045597587,16721000
2007-02-23,12.975502014160156,13.159454879098886,12.953538102623122,13.088069810073032,29516200
2007-02-26,13.101797103881836,13.15121720901014,13.06335947708133,13.096305864717937,18709000
2007-02-27,12.736637115478516,13.134743038688505,12.508756458440386,13.033157736025567,30318600
2007-02-28,12.81625747680664,12.876660053312845,12.717417277922547,12.835476287995586,27629200
2007-03-01,12.772334098815918,12.884901918680097,12.70369515871954,12.744877894369102,27342000
2007-03-02,12.599365234375,12.884903511844865,12.577401315448908,12.753116856246598,34050600
2007-03-05,12.709186553955078,12.824499471990798,12.566417431139104,12.602109973679879,29572400
2007-03-06,12.884899139404297,12.920591673812716,12.78056767970493,12.81900531029236,25097800
2007-03-07,12.835476875305176,12.904115789076862,12.8107668244535,12.838221971023492,26321800
2007-03-08,12.945300102233887,13.002956540870498,12.873915042386583,12.876661185567423,17422400
2007-03-09,13.060615539550781,13.088070692660219,12.945302639674793,12.967266552692951,26127200
2007-03-12,13.164946556091309,13.175929035898049,13.033159940451176,13.060615092621108,26009000
2007-03-13,13.012866020202637,13.236843695491315,12.985213739111854,13.093054998299243,32198000
2007-03-14,13.007329940795898,13.090284638552834,12.882897366747388,13.065398123743133,32553400
2007-03-15,13.018394470214844,13.032220081216298,12.907787472550188,12.982447037749854,19059000
2007-03-16,13.054344177246094,13.081996461127977,12.94650290717369,13.065405090798848,28231600
2007-03-19,13.087517738342285,13.13452500573051,13.007327753570104,13.090282437377933,15513600
2007-03-20,13.167716026306152,13.203663468272845,13.062640511060104,13.112412512855883,14456000
2007-03-21,13.34467887878418,13.369565393021604,13.098579490673073,13.189830394485696,24361000
2007-03-22,13.341920852661133,13.394458606851094,13.247905202387138,13.247905202387138,16486800
2007-03-23,13.286614418029785,13.347448370941146,13.264493651860688,13.308736239025365,16012200
2007-03-26,13.314270973205566,13.325330832431284,13.184307870155289,13.258967457769694,14385200
2007-03-27,13.278315544128418,13.319792364640294,13.231307215090201,13.272785090428265,13230600
2007-03-28,13.247901916503906,13.35574315378243,13.159416744643245,13.214720240762771,22657800
2007-03-29,13.303204536437988,13.383394547788445,12.954793272210814,13.164946332658465,18947800
2007-03-30,13.272788047790527,13.41104625662168,13.162181058795039,13.344681852259102,17937600
2007-04-02,13.41657829284668,13.45529042710983,13.286615223683354,13.328093113151898,22443400
2007-04-03,13.546537399291992,13.590779976197268,13.419339067716367,13.419339067716367,19033200
2007-04-04,13.676497459411621,13.726270483309689,13.53270884090899,13.55206489966645,22203000
2007-04-05,13.693090438842773,13.762219529676091,13.632256501365065,13.643317409056687,17959200
2007-04-09,13.723505973815918,13.811991116451967,13.668202495961863,13.715209766500841,14632800
2007-04-10,13.847944259643555,13.911542916276534,13.72904210229556,13.764988481157761,26317400
2007-04-11,13.726274490356445,13.881124060446728,13.715213580744338,13.84794238643681,24374000
2007-04-12,13.734565734863281,13.811991025278314,13.452520003838988,13.729036336457868,15512400
2007-04-13,13.792638778686523,13.90601046420332,13.684797547929863,13.90601046420332,13829600
2007-04-16,13.900476455688477,13.9474837268923,13.806460858454708,13.82858161701353,20130200
2007-04-17,14.259950637817383,14.428625810284464,14.035971974485077,14.116161983498337,50341600
2007-04-18,14.28483772277832,14.306959541932732,14.199117255794572,14.26548165843141,22955600
2007-04-19,14.309720039367676,14.351197910687583,14.188053234229285,14.201878839727224,18696200
2007-04-20,14.403742790222168,14.420334157959013,14.273779713350073,14.392681878397605,21201000
2007-04-23,14.282073020935059,14.43415683570942,14.265481656571414,14.40373986178927,14465800
2007-04-24,14.298660278320312,14.373319819780503,14.20464467664742,14.373319819780503,16117400
2007-04-25,14.30695915222168,14.395444316776262,14.237830051486764,14.376088252956594,21349800
2007-04-26,14.400978088378906,14.44245492547736,14.337378372806716,14.376091564189192,15173600
2007-04-27,14.39544677734375,14.412037089266983,14.309726298043037,14.33737752113279,13926200
2007-04-30,14.43138599395752,14.475628561839036,14.337370405356042,14.35672646287758,23486000
2007-05-01,14.553059577941895,14.55582427803688,14.414801367010957,14.431391677233748,20552200
2007-05-02,14.575178146362305,14.636012087547284,14.517109959681884,14.544761175769812,17473000
2007-05-03,14.630480766296387,14.655367281231147,14.541995614267503,14.600063797506541,16194400
2007-05-04,14.713436126708984,14.743853096867868,14.641542333009472,14.655367940856348,18067000
2007-05-07,14.824044227600098,14.835105136650103,14.696846938004068,14.713437246752731,14151800
2007-05-08,14.674722671508789,14.799155240494612,14.633244796904792,14.75491266650256,15197400
2007-05-09,14.685786247253418,14.765976256818439,14.613891392186034,14.680255792646207,11234400
2007-05-10,14.511581420898438,14.666430993977936,14.497755811029617,14.641544474283489,14908400
2007-05-11,14.569650650024414,14.580711560635617,14.425861976558231,14.503287296010171,12985200
2007-05-14,14.544758796691895,14.644304846047797,14.517107585126857,14.528168491683314,13295800
2007-05-15,14.506048202514648,14.597299108952699,14.42309350427856,14.461805626466987,31652800
2007-05-16,14.583475112915039,14.597300721677485,14.414799943464729,14.517110714098429,16792200
2007-05-17,14.434151649475098,14.652599788388567,14.406499385471232,14.649834034575173,18808400
2007-05-18,14.553059577941895,14.558590032958305,14.403740456978136,14.478400017460014,25827200
2007-05-21,14.35396957397461,14.605599513494369,14.309726982020365,14.553061765182013,26409400
2007-05-22,14.235062599182129,14.370556084588173,14.218471237246826,14.36502563060974,19057200
2007-05-23,14.193584442138672,14.315251253746709,14.168697928988605,14.27930383367969,15167600
2007-05-24,14.168696403503418,14.309719259619696,14.143809893032778,14.176991555384955,17765600
2007-05-25,14.348438262939453,14.428628285710396,14.237832317059413,14.257188383959084,18502400
2007-05-29,14.42862606048584,14.475633342899288,14.353966504747095,14.38714817791108,16716400
2007-05-30,14.669190406799316,14.669190406799315,14.356726673218544,14.481159226841509,29334600
2007-05-31,14.652604103088379,14.782566090284933,14.622187131140356,14.644307894031256,21255400
2007-06-01,14.600066184997559,14.691317106288995,14.497755409013603,14.65813437773226,17018400
2007-06-04,14.564117431640625,14.600064856893914,14.436920148222889,14.589003948381164,20438800
2007-06-05,14.467336654663086,14.558587564723693,14.40650271462268,14.508814532840864,19282600
2007-06-06,14.378850936889648,14.467336089038255,14.334608360815343,14.447980027932386,11280800
2007-06-07,14.207408905029297,14.400970541194482,14.174226186948829,14.376084030047158,18724600
2007-06-08,14.287602424621582,14.301429089008087,14.11063209066881,14.171466038524972,13315200
2007-06-11,14.2765474319458,14.337380345693061,14.190826935757572,14.28760729046464,21803400
2007-06-12,14.1410551071167,14.315260815526685,14.11893433333352,14.196358623814914,22790200
2007-06-13,14.296935081481934,14.33590630736715,14.213425160029864,14.244044650449487,20020800
2007-06-14,14.283023834228516,14.388802623592094,14.216215227679141,14.296941984209328,17990600
2007-06-15,14.358181953430176,14.51406691958628,14.296940824219313,14.360965158445811,26360400
2007-06-18,14.408281326293945,14.477873104662976,14.34425701762079,14.35817622280361,11100800
2007-06-19,14.305282592773438,14.386009292482589,14.227340158232755,14.358173012114069,21341400
2007-06-20,14.333123207092285,14.497359847286104,14.28580024539935,14.347041350453875,19981600
2007-06-21,14.500144004821777,14.516846415085901,14.296936125096808,14.308071065272891,18870400
2007-06-22,14.369309425354004,14.547464199708633,14.319203262330989,14.489007363477187,30157400
2007-06-25,14.41106128692627,14.486220512538116,14.335902061314425,14.383223946763023,21450600
2007-06-26,14.461173057556152,14.569736071670114,14.36931139214504,14.447254913008326,22278800
2007-06-27,14.597572326660156,14.61984220739374,14.405499383821624,14.405499383821624,18175600
2007-06-28,14.65046215057373,14.731187810145512,14.536331671296749,14.564167959164767,16126400
2007-06-29,14.561385154724121,14.739539950495502,14.461172816631136,14.708919395868607,19029200
2007-07-02,14.630975723266602,14.750673665839736,14.564167149456797,14.656028805709495,18294600
2007-07-03,14.725622177124023,14.747890996213235,14.614274896018856,14.70056909196968,8382800
2007-07-05,14.661593437194824,14.753455082318375,14.608704074839105,14.72561879937034,10865400
2007-07-06,14.642105102539062,14.656024303309492,14.558595207346134,14.628186963654562,12349600
2007-07-09,14.669947624206543,14.75345754889852,14.633759600815043,14.67829829810985,19237800
2007-07-10,14.502923011779785,14.736751378375931,14.494572340007576,14.736751378375931,14505200
2007-07-11,14.500144004821777,14.550250173727807,14.419417281374692,14.477874124469613,12185400
2007-07-12,14.65046215057373,14.656029620524597,14.489008707657538,14.516846057411872,23446200
2007-07-13,14.784077644348145,14.825832074457333,14.6114903304137,14.650461556603451,16634800
2007-07-16,14.990067481994629,15.168223312889321,14.853668201547698,14.864803140082277,33549400
2007-07-17,14.800773620605469,15.137598514486136,14.700562387577166,15.12368037616714,33030000
2007-07-18,14.873154640197754,14.914910131081523,14.772942311585702,14.839750884622484,28491200
2007-07-19,14.948315620422363,15.015123139321506,14.873156365246052,15.00398926076256,14462400
2007-07-20,14.811912536621094,15.003986507453895,14.778508783301282,14.959447815732089,22396600
2007-07-23,14.931609153747559,14.962229700711251,14.795209886946115,14.845316043452872,14063800
2007-07-24,14.814696311950684,14.976148665892504,14.742320276618795,14.74510454207025,18704400
2007-07-25,15.045747756958008,15.087503263958745,14.803568577259043,14.88429532445425,25611600
2007-07-26,14.747892379760742,15.09306813405972,14.630978679329996,14.795215350330189,29326200
2007-07-27,14.553030014038086,14.778507721998253,14.536328669520655,14.731184768131312,24074400
2007-07-30,14.58365249633789,14.990068215768645,14.416632657688229,14.770159009320045,19912000
2007-07-31,14.50571060180664,14.717269142986728,14.486224988614511,14.681082182422076,19887000
2007-08-01,14.828611373901367,14.887068193607782,14.52519127776237,14.575297426620988,24743400
2007-08-02,14.937179565429688,14.976150792194053,14.79799600590765,14.79799600590765,19595400
2007-08-03,14.83139419555664,15.101410539476104,14.820260322007815,14.981712638267634,22044200
2007-08-06,15.09584903717041,15.10141650708786,14.795213094832308,14.795213094832308,23334800
2007-08-07,15.159870147705078,15.251731789118883,14.951094848367614,15.017903411385479,22657200
2007-08-08,15.549592018127441,15.555159489573963,15.137608688064146,15.140391892844107,25070400
2007-08-09,15.546807289123535,15.786203244771764,15.257306215719847,15.257306215719847,34244000
2007-08-10,15.304624557495117,15.624747179187798,15.059661187727315,15.421539303340372,29816800
2007-08-13,15.176573753356934,15.33802611209028,15.090279573865173,15.307406624418528,19106400
2007-08-14,15.070796966552734,15.268437383419302,14.976152095366631,15.248951768341549,26200600
2007-08-15,14.984498977661133,15.218326282848029,14.923257886177307,15.076359553000838,14280600
2007-08-16,14.914915084838867,15.112555541974599,14.706139684851,14.892645199134595,29002000
2007-08-17,15.157094955444336,15.825175629301526,14.798000995934856,15.290711090215773,28468600
2007-08-20,15.176573753356934,15.276786074860608,15.07357822820534,15.137602530969096,15993800
2007-08-21,15.040180206298828,15.268441236428485,15.026262058000514,15.143176839856993,16781600
2007-08-22,15.017905235290527,15.171006927688119,14.970582276179293,15.1348189074132,15279400
2007-08-23,15.026252746582031,15.07914210209599,14.926040441914747,14.998416467234891,13930000
2007-08-24,15.031827926635742,15.235035843402766,14.93439983705105,14.93439983705105,13493400
2007-08-27,15.03460693359375,15.07357922043313,14.94831381030786,15.026256260214145,9995800
2007-08-28,14.825831413269043,15.031823536367726,14.803562597247854,15.031823536367726,15706000
2007-08-29,14.895427703857422,14.948318148976057,14.775730790425495,14.88707702805408,15922800
2007-08-30,14.864803314208984,14.931610822426666,14.789644071049443,14.814697152102625,13982600
2007-08-31,14.970582962036133,15.026256596882108,14.862019958123923,14.967799758142652,15035200
2007-09-04,15.134819030761719,15.154304642940973,14.93996184708297,14.93996184708297,12463000
2007-09-05,14.945528030395508,15.129250259336809,14.85366744686792,15.068010224280462,18938600
2007-09-06,15.215546607971191,15.32132641000425,14.809130871062976,14.906558937484027,19000200
2007-09-07,15.196060180664062,15.3101906503091,15.062444098778622,15.196060180664062,23982600
2007-09-10,15.190486907958984,15.315752268710886,15.112544488773722,15.198837578047172,20339400
2007-09-11,15.493911743164062,15.571854186328139,15.226679599270529,15.229462802860898,23866200
2007-09-12,15.639552116394043,15.7851927725101,15.4827080863277,15.572332941104882,18437000
2007-09-13,15.647957801818848,15.740384056080323,15.577938300740566,15.67036455500204,14353000
2007-09-14,15.796395301818848,15.841207726811295,15.589137168470971,15.605942228497822,15459800
2007-09-17,15.482710838317871,15.712374703057806,15.415492719493503,15.684367331616443,21078400
2007-09-18,15.799195289611816,15.804796976173499,15.519117372002379,15.519117372002379,19898800
2007-09-19,15.858019828796387,15.897230587167032,15.650762657862112,15.824410759966268,17220600
2007-09-20,15.77119255065918,15.866419113311345,15.72918042333128,15.84121205059716,12583400
2007-09-21,15.83841609954834,15.925240693851725,15.771197954885777,15.790803336113452,21948800
2007-09-24,15.88041877746582,16.070871854532694,15.827203287207055,15.827203287207055,20872800
2007-09-25,15.970048904418945,16.040068409751328,15.83561158239032,15.877622644542031,15230200
2007-09-26,16.06247329711914,16.154899552399833,15.93923935849103,16.012059170313822,14776200
2007-09-27,16.05687713623047,16.129696968275606,16.00086130551177,16.05127544631729,14274400
2007-09-28,16.096084594726562,16.182908099534252,15.972849578747306,16.048470774440155,13061200
2007-10-01,16.216520309448242,16.336953962266634,16.121293725089817,16.135297414586905,19918600
2007-10-02,16.222110748291016,16.28932991146343,16.143689281600164,16.244517492152603,17565600
2007-10-03,16.12409019470215,16.252925816846233,16.068074381644312,16.174504319612925,12628400
2007-10-04,16.208112716674805,16.28093359119322,16.124089534733553,16.146496286404673,11534600
2007-10-05,16.264123916625977,16.322940020469453,16.196905817494127,16.236116553389778,10896400
2007-10-08,16.188507080078125,16.280933326600326,16.15769833123739,16.233319514279362,6021600
2007-10-09,16.210908889770508,16.210908889770508,16.048463197551833,16.13248635251456,16272000
2007-10-10,16.208112716674805,16.30053896469909,16.182905655251155,16.241722844181485,13236400
2007-10-11,16.01766586303711,16.29494364709569,15.942044649202952,16.244529504539585,12950600
2007-10-12,16.188507080078125,16.224917516745602,16.006457033566157,16.02046071892666,10410200
2007-10-15,16.143693923950195,16.308939968005035,16.009256627358358,16.269729223383997,13801000
2007-10-16,16.177303314208984,16.272529868141227,16.084878138328897,16.15209625380302,14228200
2007-10-17,16.5498046875,16.645031225061675,16.261324765656912,16.34254655219077,32814800
2007-10-18,16.62542724609375,16.706650107832733,16.460181213223535,16.535802387765422,20771800
2007-10-19,16.457387924194336,16.73466570046277,16.437782543574794,16.673048179422427,24173600
2007-10-22,16.594623565673828,16.63663569826855,16.353756284744986,16.395768417339706,18251800
2007-10-23,16.73465919494629,16.74306119239897,16.59462020586724,16.611425269185297,11663000
2007-10-24,16.85508918762207,16.86069087419054,16.625425380377184,16.664636117944,18633200
2007-10-25,17.168779373168945,17.213591805699917,16.829885285377706,16.86909603029072,19553800
2007-10-26,17.24440574645996,17.250007435764836,17.051152273300204,17.179987922073376,16187400
2007-10-29,17.32002067565918,17.373235102160255,17.165978015019135,17.224794128796,16951200
2007-10-30,17.289213180541992,17.40684648501786,17.182783251428145,17.317221618947045,13738200
2007-10-31,17.297616958618164,17.381641214070804,17.121168586358316,17.362035839375267,16640000
2007-11-01,17.056753158569336,17.364838576923773,17.03434640240606,17.26121000070098,20035400
2007-11-02,16.947519302368164,17.126770119755257,16.80748030243039,17.123968741445342,17152600
2007-11-05,16.899906158447266,17.009136404888153,16.782272845686713,16.944718594638726,17845400
2007-11-06,17.08755111694336,17.109957860349443,16.874692396647244,16.913903129195553,15285600
2007-11-07,16.79347038269043,17.0847516508618,16.785068387704918,17.056744288635176,14486800
2007-11-08,17.21639633178711,17.26400908262686,16.7766739232934,17.00633781556096,26091200
2007-11-09,17.03714370727539,17.294814931062035,16.981127898674437,17.22479543741401,18189800
2007-11-12,16.765466690063477,17.04554464728228,16.74866162800181,16.983927154802107,16680200
2007-11-13,17.095958709716797,17.140771139990246,16.70665052138883,16.871896558349544,15326800
2007-11-14,17.18558120727539,17.29481142427217,17.01473350647019,17.168776147578786,16542800
2007-11-15,17.350833892822266,17.479669528128827,17.081959244770427,17.081959244770427,21229800
2007-11-16,17.538482666015625,17.566491104835794,17.280811439346255,17.432053803737073,21454000
2007-11-19,17.448863983154297,17.52168488148452,17.367641084406383,17.504879812236066,16893400
2007-11-20,17.586097717285156,17.672921212715327,17.39284321524971,17.51047652975991,21572400
2007-11-21,17.434852600097656,17.770946357878447,17.404043854275965,17.586094951360902,18067800
2007-11-23,17.448863983154297,17.57489933148501,17.342434014740242,17.516083191735035,9446000
2007-11-26,17.289213180541992,17.605701589836684,17.25280274482176,17.462861225002605,16760800
2007-11-27,17.639305114746094,17.731731329873245,17.275204076986164,17.350825234341375,21048000
2007-11-28,17.737876892089844,17.802644370367585,17.597077746039385,17.802644370367585,25499000
2007-11-29,17.681549072265625,17.788555601739564,17.63367682553318,17.715340551351513,15031600
2007-11-30,17.48724937438965,17.768847599898095,17.380242822129066,17.768847599898095,21684200
2007-12-03,17.515405654907227,17.740683966625202,17.44782162428597,17.487245194560153,17112000
2007-12-04,17.6702823638916,17.723785620986416,17.32110021584048,17.445004078477137,16878600
2007-12-05,17.754770278930664,17.754770278930664,17.585811750704906,17.69563490147286,14622000
2007-12-06,17.760398864746094,17.78855825581713,17.566096488247364,17.71534319450529,15824600
2007-12-07,17.782922744750977,17.95188119691968,17.757578869504506,17.757578869504506,13413800
2007-12-10,17.81671714782715,17.881484600940887,17.706894028451163,17.763213879831927,8487800
2007-12-11,17.732236862182617,17.991306659360085,17.723788186736044,17.808268495931245,17336600
2007-12-12,17.957515716552734,18.036363935875794,17.726605299402475,17.805452444513747,23241400
2007-12-13,18.04762840270996,18.06170917270047,17.847695003915046,17.904014861241293,12418200
2007-12-14,17.968780517578125,18.112395118843427,17.949068730624298,17.954699749000973,19006000
2007-12-17,17.591434478759766,18.064519394964343,17.537930149746007,18.02227924829154,23869200
2007-12-18,17.521039962768555,17.68718294008647,17.42529653390379,17.684366356589702,23756400
2007-12-19,17.69843864440918,17.740678785487763,17.487240087439087,17.515400539561945,14402000
2007-12-20,17.537940979003906,17.72942790019251,17.430934403325498,17.670292517705143,15065400
2007-12-21,17.760398864746094,17.87303857745406,17.543568116021007,17.599887972374987,25318800
2007-12-24,17.799823760986328,17.867407808461806,17.684368530300212,17.75195257777569,4593800
2007-12-26,17.743499755859375,17.867403634920443,17.67310021519713,17.867403634920443,9484400
2007-12-27,17.543569564819336,17.797008402236006,17.518225681077666,17.71252914783445,7729800
2007-12-28,17.535112380981445,17.673094837131696,17.45908077129784,17.549192069986983,8346400
2007-12-31,17.281679153442383,17.515406146936016,17.239440073052812,17.47598257555438,11729200
2008-01-02,17.20283317565918,17.34081675905094,17.101457657120225,17.304208694198135,15453800
2008-01-03,17.383056640625,17.487247673147575,17.197201872838736,17.225361262965308,13902600
2008-01-04,17.416845321655273,17.659019904946323,17.366157568212415,17.368974151299078,18027400
2008-01-07,17.827985763549805,17.86459276296481,17.430932270247002,17.48725106141227,23782000
2008-01-08,17.901199340820312,18.134926386632547,17.82798427389585,17.906831434308657,20883200
2008-01-09,18.379913330078125,18.39117751574274,17.90964485780504,17.915276950637352,35949600
2008-01-10,18.461578369140625,18.470025971879977,18.22222031502216,18.30388405554237,28944200
2008-01-11,17.957515716552734,18.410887875154337,17.870219895742547,18.410887875154337,32147800
2008-01-14,18.10676383972168,18.168713634667576,17.951883981297897,17.951883981297897,22931400
2008-01-15,17.912460327148438,18.078602221413863,17.898380633049378,17.918092419630423,22999400
2008-01-16,17.642127990722656,17.98004497769384,17.5942557372342,17.819534086618958,25334000
2008-01-17,17.47035789489746,17.827987846483452,17.430934306790885,17.811091562632544,37273000
2008-01-18,17.104276657104492,17.585809363985938,16.940949171002305,17.554833387365733,33758200
2008-01-22,16.555156707763672,16.726931763707483,16.25103016788706,16.538260430811047,37369800
2008-01-23,16.57768440246582,16.597396188946526,15.907481513698155,16.200342801788015,32257400
2008-01-24,16.862096786499023,16.901520353903727,16.59739384956174,16.659345783604365,30700600
2008-01-25,16.448144912719727,16.991629329498597,16.397457168984076,16.991629329498597,25926400
2008-01-28,16.729751586914062,16.732567096692993,16.34677780425676,16.436889156151178,18341400
2008-01-29,16.487571716308594,16.800145839396432,16.41154008575655,16.800145839396432,26833600
2008-01-30,16.26792335510254,16.56923325448725,16.20878800831748,16.47348985169696,23066800
2008-01-31,16.614290237426758,16.715665739562887,16.118677984353255,16.13557318523484,24041800
2008-02-01,16.687511444091797,16.887447013461045,16.476312761379027,16.695960121864502,16520200
2008-02-04,16.510103225708008,16.741013670189638,16.46504755542408,16.73256499349071,15315800
2008-02-05,16.16374397277832,16.47350169461608,16.13840008104888,16.467869599319275,24709600
2008-02-06,16.251028060913086,16.386195036374133,16.2116044940134,16.304532393886916,16816400
2008-02-07,16.459421157836914,16.524188639143393,16.287646019748635,16.287646019748635,23313200
2008-02-08,16.684694290161133,16.83394100082319,16.611479226688786,16.63963861859078,20221800
2008-02-11,16.755090713500977,16.811410560993746,16.557971784382143,16.71285055932846,13635800
2008-02-12,16.87335968017578,17.03668711358045,16.79732912927265,16.839568204861987,23823800
2008-02-13,16.724117279052734,17.0226117640681,16.617109660015238,17.0226117640681,29032000
2008-02-14,16.487571716308594,16.808593440276088,16.4453326376986,16.760722269675753,25045400
2008-02-15,16.546714782714844,16.563611066560615,16.335516068597652,16.456603417295153,20761400
2008-02-19,16.36085319519043,16.62837167068048,16.32424620663953,16.614291977067694,17218000
2008-02-20,16.397464752197266,16.41154444881039,16.205977870465183,16.355225662357892,14832000
2008-02-21,16.32988739013672,16.490398349948403,16.256671223850333,16.422814279084996,17465200
2008-02-22,16.40591049194336,16.425623354017144,16.16092036122253,16.332695433343662,14768400
2008-02-25,16.54952621459961,16.63400545910228,16.389015327780974,16.389015327780974,16020800
2008-02-26,16.760725021362305,16.78043680945882,16.422806965946197,16.501654118332265,16807800
2008-02-27,16.909969329833984,17.011344839527737,16.69313861725829,16.69313861725829,19804800
2008-02-28,16.74382972717285,16.92968450744839,16.656534967387216,16.89589302218337,15436000
2008-02-29,16.462228775024414,16.70721995657469,16.383381631102086,16.642451432110754,15967400
2008-03-03,16.619932174682617,16.65654025529857,16.431260750780964,16.431260750780964,12492600
2008-03-04,16.718482971191406,16.77761940300609,16.479124957534776,16.498836743402418,20105800
2008-03-05,16.805776596069336,16.895887912331506,16.62273738066776,16.681873804761757,16079400
2008-03-06,16.642457962036133,16.85365667259097,16.61993065816729,16.757913214170955,14563200
2008-03-07,16.572053909301758,16.72693378118517,16.47349496738677,16.54389451852945,18332600
2008-03-10,16.5185489654541,16.710035811120456,16.515733456346563,16.572052232191663,18909600
2008-03-11,16.74664878845215,16.80578416496759,16.57768918870675,16.617112773050376,29836200
2008-03-12,16.77498435974121,16.86000795524508,16.709800396009523,16.7636488173113,22601200
2008-03-13,16.701305389404297,16.749484437775113,16.525591976051363,16.63045308453872,17542000
2008-03-14,16.30453109741211,16.70130441393322,16.191168064920586,16.70130441393322,26531400
2008-03-17,16.34987449645996,16.443400040744653,16.083470268008114,16.125982075613916,21630200
2008-03-18,16.837331771850586,16.837331771850586,16.42072011856707,16.49440707767069,18364800
2008-03-19,16.99321174621582,17.239778476005622,16.826000310653576,16.826000310653576,23258600
2008-03-20,17.299291610717773,17.327632088085092,17.01588251256494,17.049891301629703,31028600
2008-03-24,17.338977813720703,17.429668686248945,17.15759606866422,17.358816374516227,14037600
2008-03-25,17.40415382385254,17.520351518525178,17.30779468087133,17.338969856706424,15298200
2008-03-26,17.330467224121094,17.486342015835294,17.287955425871793,17.404153115817284,16547800
2008-03-27,17.375812530517578,17.54302394488251,17.347470971486274,17.389982769473264,16830400
2008-03-28,17.270946502685547,17.4579964257789,17.25394265220777,17.452329196366104,13671600
2008-03-31,17.25111198425293,17.344637508196232,17.185928019589387,17.231273433317067,18541400
2008-04-01,17.412656784057617,17.429661721281594,17.25961667352199,17.29079077008588,25873200
2008-04-02,17.134920120239258,17.39282245121764,17.06406781962849,17.39282245121764,18167000
2008-04-03,17.16326141357422,17.259620584102485,17.075404173024232,17.086740800408805,16176200
2008-04-04,17.075395584106445,17.268113828225776,17.0612253475635,17.154749773642727,15262800
2008-04-07,17.109405517578125,17.17742417112193,17.0810650425881,17.0810650425881,16193200
2008-04-08,17.14908218383789,17.166087117076245,16.96770055377459,17.08106461312405,19942800
2008-04-09,17.22560691833496,17.239778240013084,17.092405359745072,17.146252706313746,12995600
2008-04-10,17.381484985351562,17.42399571235142,17.137752925186355,17.253950642111608,14842200
2008-04-11,17.08673095703125,17.429655629459205,17.030048933882245,17.293619422573396,15567600
2008-04-14,17.2879581451416,17.38715091516568,17.047060800157343,17.115078390710966,20029600
2008-04-15,17.270946502685547,17.350301769020692,17.123573672199917,17.296453359521898,23441800
2008-04-16,17.330467224121094,17.526019117604008,17.157587496883185,17.500512254878416,23117600
2008-04-17,17.197265625,17.39565222680339,17.157588520863325,17.285122842102645,16659800
2008-04-18,17.03572654724121,17.310633806908463,16.90535857959045,17.21994187167287,22254200
2008-04-21,17.103744506835938,17.129251377662115,16.90535893498819,16.981878466346444,12428800
2008-04-22,16.973369598388672,17.117908834361742,16.919522262486456,17.066895113561817,17274000
2008-04-23,17.095243453979492,17.115082012182054,16.93653390723866,16.93653390723866,18987200
2008-04-24,17.075395584106445,17.287952375609844,16.945027678119768,17.083897509808263,12836600
2008-04-25,16.81466293334961,17.146251071497186,16.709800784753924,17.075398794342238,18802400
2008-04-28,16.715465545654297,16.976202432376354,16.68145676255828,16.81465936127062,16098000
2008-04-29,16.641786575317383,16.721140795847695,16.54259271853432,16.6644587464174,14869000
2008-04-30,16.684297561645508,16.93936624749809,16.633283824474994,16.641786834750203,23359200
2008-05-01,16.74664878845215,16.76648734491674,16.551096839963897,16.61061250935768,15127600
2008-05-02,16.655954360961914,16.862842891918273,16.60777424765974,16.746645194227167,16519000
2008-05-05,16.54541778564453,16.71546275384349,16.477399149693223,16.655947123085806,14121400
2008-05-06,16.51424217224121,16.54541733448884,16.403712837813817,16.508573862639867,13390400
2008-05-07,16.162818908691406,16.517080246028108,16.15148336754768,16.51424663102213,29866200
2008-05-08,15.953097343444824,16.31586061922194,15.885078688676693,16.253510275777806,28002800
2008-05-09,15.913420677185059,15.967268014544684,15.822729855779441,15.953097776410033,20830000
2008-05-12,15.984273910522461,16.001277764858973,15.870909836386014,15.92192356163542,17243400
2008-05-13,16.01261329650879,16.08629918288848,15.947429336717562,15.953097648149825,20876800
2008-05-14,16.023948669433594,16.154316578846768,15.924754848786352,16.05228914326436,20732200
2008-05-15,16.157146453857422,16.202491850162335,15.944589705968236,16.012608340985366,16503200
2008-05-16,16.174156188964844,16.26768170476412,16.091967295890303,16.171322573843586,17961000
2008-05-19,16.30169105529785,16.39238187799081,16.137313263466933,16.182658674813414,20009200
2008-05-20,16.179828643798828,16.338538159229262,16.142985151068167,16.296026353684645,17955200
2008-05-21,16.055124282836914,16.239339530065344,15.99844225248978,16.128810165504326,25203800
2008-05-22,16.51424217224121,16.55675287257201,16.021110048119553,16.063621829569865,25230600
2008-05-23,16.616281509399414,16.732479236830727,16.440567028994764,16.46890859734404,30583000
2008-05-27,16.604938507080078,16.63611367973534,16.468902274591542,16.59360188409273,15614200
2008-05-28,16.279020309448242,16.67579353051242,16.250679828423678,16.67579353051242,24045600
2008-05-29,16.400890350341797,16.474577348888136,16.194001760934526,16.304531177633724,24705200
2008-05-30,16.228008270263672,16.434897911564686,16.159990676266766,16.349874297388308,26831600
2008-06-02,16.154319763183594,16.259180834371364,15.998444964148803,16.168490002892213,19121200
2008-06-03,15.984273910522461,16.22517121666249,15.95309873607894,16.114641838995418,18839800
2008-06-04,16.06929588317871,16.145816468470024,15.941761574359852,15.941761574359852,14971800
2008-06-05,16.20816421508789,16.22800276336488,16.001275725113707,16.083464614329692,15701400
2008-06-06,15.814229965209961,16.18549633179094,15.797226108544626,16.157154768815246,24947800
2008-06-09,15.831231117248535,15.94176048362248,15.72920367717418,15.72920367717418,19351600
2008-06-10,16.4405574798584,16.607768852077072,15.870905800911203,15.907749277805394,32680000
2008-06-11,16.300771713256836,16.497614072358974,16.263685298198002,16.466233343328295,23459000
2008-06-12,16.300771713256836,16.42914692826946,16.18951355632867,16.349269500371975,19044000
2008-06-13,15.810097694396973,16.289364562477264,15.38218092562876,16.26939520032797,61756600
2008-06-16,15.456360816955566,15.83863334808354,15.416422074460707,15.810104897552131,35384800
2008-06-17,15.393592834472656,15.604698926548593,15.393592834472656,15.561906812888347,28668600
2008-06-18,15.165366172790527,15.404999542537714,15.151102501974881,15.342238085050875,26037200
2008-06-19,15.222423553466797,15.290889615918797,15.119723371540358,15.233834926624944,25221200
2008-06-20,15.30801010131836,15.373623879288248,15.099757391696887,15.139696118439542,33273000
2008-06-23,15.19389533996582,15.362209287609337,15.125429276525196,15.362209287609337,17910600
2008-06-24,15.225273132324219,15.26806522989736,15.014168207858939,15.119720670091578,21827400
2008-06-25,15.4335355758667,15.570469939909497,15.233841895489578,15.250957874808222,23750600
2008-06-26,15.182489395141602,15.581877781381795,15.156814341949472,15.382183044137314,30532200
2008-06-27,14.788801193237305,15.188190548474768,14.785948894067063,15.168220101289295,35673200
2008-06-30,14.828737258911133,15.091193353817937,14.674687013308112,14.794504233748766,30142000
2008-07-01,14.549164772033691,14.811619771052412,14.5263420304243,14.811619771052412,35340600
2008-07-02,14.654722213745117,14.708925699371699,14.51208329493594,14.552022018082734,32505400
2008-07-03,14.686103820800781,14.763128972114696,14.603372981806356,14.654723082682299,14904400
2008-07-07,14.6318998336792,14.77168535782455,14.549169003655235,14.740304623108665,23402400
2008-07-08,14.683253288269043,14.74316138375159,14.549172332261533,14.571995085730379,26657400
2008-07-09,14.517790794372559,14.73174919929237,14.509232806415357,14.728896899389545,23205400
2008-07-10,14.27530574798584,14.534908582013713,14.178311222730986,14.534908582013713,30312600
2008-07-11,14.340919494628906,14.406533277978362,14.126961079609426,14.166899809626592,26927400
2008-07-14,14.537755966186523,14.623339085825105,14.417939816342194,14.417939816342194,25123000
2008-07-15,14.77454662322998,14.834454736949413,14.43221283472748,14.449329905039795,38457400
2008-07-16,14.931438446044922,15.00561018702181,14.62048563486613,14.800210933721331,27188400
2008-07-17,14.360886573791504,14.651870102491523,14.178308929489203,14.606225691415947,79214400
2008-07-18,14.272451400756836,14.400826659123116,14.164046594357494,14.400826659123116,36493800
2008-07-21,14.149785041809082,14.292424008312192,14.104140616058043,14.292424008312192,21760400
2008-07-22,14.649009704589844,14.868673667851757,14.281002292506352,14.298118258313721,43142600
2008-07-23,14.977087020874023,14.991350695625131,14.55487593639922,14.697514860407544,25824200
2008-07-24,14.794510841369629,15.088346705765348,14.700368619816398,14.957119143826361,21340400
2008-07-25,14.851570129394531,14.905772546886299,14.700372079340246,14.905772546886299,16853600
2008-07-28,14.591961860656738,14.851564649914188,14.580550485947962,14.834447587851022,14040000
2008-07-29,14.711776733398438,14.780243887366616,14.583401499863415,14.609076546570419,16244800
2008-07-30,14.637606620788574,14.834447942096897,14.549170097056573,14.791655830041401,19487000
2008-07-31,14.691811561584473,14.791658389324844,14.611934099392172,14.69181156158447,21216800
2008-08-01,15.159666061401367,15.18248881369756,14.760277690456558,14.817332394699584,33156000
2008-08-04,15.376477241516113,15.42782734388434,15.091199378692059,15.153959768504246,22279000
2008-08-05,15.664609909057617,15.690284964347414,15.419270733677097,15.43353441144946,25483200
2008-08-06,15.792985916137695,15.82721896202486,15.57617408627153,15.653199255704333,20380000
2008-08-07,15.407851219177246,15.735921075930133,15.359354522712852,15.735921075930133,19928800
2008-08-08,15.807244300842285,15.841477335265063,15.322271778817322,15.405002609566868,19658200
2008-08-11,15.790129661560059,15.927063996752665,15.647490726629078,15.730221570068737,14183600
2008-08-12,15.63037395477295,15.924209797524455,15.439237225811784,15.744484443956212,16690800
2008-08-13,15.75019359588623,15.81580738645422,15.519119178722644,15.564763602085108,19036800
2008-08-14,15.6959810256958,15.929908680075185,15.618955907071147,15.704539009460255,15411800
2008-08-15,15.707395553588867,15.867150419961662,15.618959046669348,15.75303995658801,23892000
2008-08-18,15.499153137207031,15.792989107636423,15.387893811154507,15.710258232462415,21137600
2008-08-19,15.499153137207031,15.57332493299292,15.399305191505915,15.470624686328515,16564200
2008-08-20,15.504851341247559,15.616110621390309,15.376477174138198,15.561907131212093,11033200
2008-08-21,15.265214920043945,15.473468676080048,15.18248518337379,15.45920391518145,11670800
2008-08-22,15.510555267333984,15.550493989298197,15.236688812509188,15.296596895455508,14812600
2008-08-25,15.28233528137207,15.573318836934858,15.225279490198224,15.444943578855877,12329200
2008-08-26,15.268074035644531,15.373626558753795,15.162521512535266,15.282337713645965,9461400
2008-08-27,15.345100402832031,15.407860808596368,15.182492066751182,15.288044598115304,13595400
2008-08-28,15.153962135314941,15.282337411285702,15.091201735700565,15.191048567984017,20861000
2008-08-29,14.854418754577637,15.145402315520283,14.84586076663038,15.145402315520283,17841200
2008-09-02,14.823034286499023,15.108312087647574,14.808770614091287,14.897207124216779,25723800
2008-09-03,14.737449645996094,14.845855503977404,14.626191489126375,14.737449645996094,22448800
2008-09-04,14.751716613769531,14.91432489295836,14.606225396481635,14.760275688844288,25899000
2008-09-05,14.814470291137695,14.86582036157389,14.686095115047213,14.74600316780677,18284200
2008-09-08,15.228130340576172,15.27092136063905,14.92002977253056,15.039847022853362,22306800
2008-09-09,15.37077522277832,15.553352924448467,15.16822706475462,15.16822706475462,29463600
2008-09-10,15.35080337524414,15.43353313477994,15.208164432821965,15.424975146474216,24609000
2008-09-11,15.557666778564453,15.681208815020513,15.241628577588308,15.281851362297038,27409200
2008-09-12,15.658218383789062,15.672583502558181,15.385276743222601,15.471468551825613,20364200
2008-09-15,15.7300443649292,16.02309737776702,15.382403464832787,15.44561020376688,32162400
2008-09-16,15.758772850036621,15.810488146319459,15.428370785994197,15.523181431853974,32829400
2008-09-17,15.129570960998535,15.770264778222632,15.126698376198577,15.675454135990666,37536000
2008-09-18,15.33930492401123,15.526054722110352,14.968679008638693,15.290463309855276,40347200
2008-09-19,15.14681339263916,15.730045789933193,14.399815126757078,15.730045789933193,47807400
2008-09-22,14.761823654174805,15.129576006544163,14.741712265903884,15.086479548255925,23355200
2008-09-23,14.560711860656738,15.0376412079605,14.529107930463748,14.776192007257631,25686000
2008-09-24,14.41993236541748,14.681381590587211,14.327994248609805,14.652651340080613,21740600
2008-09-25,14.784808158874512,15.00603453378357,14.46877110671214,14.480263642133298,26174800
2008-09-26,15.07785701751709,15.12957231645427,14.606674156967836,14.635404391493738,27516800
2008-09-29,14.661261558532715,15.21576361534464,14.483131699159461,14.962934491069104,39031200
2008-09-30,15.192784309387207,15.198530577064112,14.65551978947567,14.88536611259794,35193200
2008-10-01,15.560531616210938,15.595008115080308,15.08934877970636,15.118079012766145,29096400
2008-10-02,15.399646759033203,15.592142918915165,15.198532840335323,15.241628210346873,30669000
2008-10-03,15.103714942932129,15.80187039535125,15.051999643050102,15.451355828592684,27695800
2008-10-06,14.629663467407227,15.023274619265873,13.997589309130156,14.75033290765245,46243600
2008-10-07,14.164223670959473,14.81066390935407,14.101016926255198,14.738837216199116,34820200
2008-10-08,13.6212158203125,14.250417339751428,13.345401545708189,13.977476747001111,49084200
2008-10-09,12.440381050109863,13.684419703114942,12.440381050109863,13.667180904952765,46288400
2008-10-10,11.923227310180664,12.94316581269731,11.575586487788424,12.081245766178228,73567200
2008-10-13,13.578121185302734,13.655694165958808,12.414528667438937,12.47773652485988,50478400
2008-10-14,12.563929557800293,13.532153423185159,12.25363870158903,13.532153423185159,57665600
2008-10-15,12.701830863952637,13.598228692562213,12.615639060121628,13.454575320847784,56256000
2008-10-16,13.152905464172363,13.1902556564999,12.104236261032753,12.87134492075453,53069400
2008-10-17,12.698959350585938,13.264952937640446,12.328333357243512,12.917312011786702,42030000
2008-10-20,13.348272323608398,13.466068055931686,12.793770167650681,12.954662354038636,27773000
2008-10-21,13.224733352661133,13.540771530865099,13.216114498269919,13.319545134918904,21927000
2008-10-22,13.037982940673828,13.279320697435127,12.704707095240458,13.101189691643082,31891200
2008-10-23,12.371430397033691,13.101188788566809,11.923231423660743,13.101188788566809,56321200
2008-10-24,11.954838752746582,12.354195117224243,11.77958139084172,11.77958139084172,40797600
2008-10-27,11.782448768615723,12.417397488530431,11.779576183488714,11.8226726323114,29412000
2008-10-28,13.00063419342041,13.020745584051587,11.814056666238052,11.940472374192407,36079600
2008-10-29,12.598400115966797,13.158648478402895,12.497843195319293,12.813880171058509,29859200
2008-10-30,12.831119537353516,13.072457253566585,12.604146939584073,12.911565077428444,25942200
2008-10-31,12.65873908996582,13.21611393528954,12.497846873589022,12.969029890706393,31870200
2008-11-03,13.058093070983887,13.115554644864886,12.687467070239215,12.788024002539693,18576200
2008-11-04,13.224733352661133,13.500548749054628,13.104065007229721,13.417229503310878,23774200
2008-11-05,12.851232528686523,13.342526874389538,12.813882339273958,13.135666731771039,23496800
2008-11-06,12.782280921936035,13.060967792454118,12.601277318205756,12.856980213005691,34002800
2008-11-07,13.287941932678223,13.480436997844624,12.782282354339968,12.882839314353959,29180800
2008-11-10,13.187384605407715,13.586740944039665,12.96041193513864,13.466071499394744,22561600
2008-11-11,12.767916679382324,13.152907922121,12.621390660543808,13.098320012355419,27487000
2008-11-12,12.592657089233398,12.805263499361645,12.299604032904792,12.552433218139008,35027800
2008-11-13,13.296558380126953,13.322416036018693,12.44613051344733,12.59840276703843,37546800
2008-11-14,12.934550285339355,13.555132834397487,12.923057752063318,13.09831504856384,33382200
2008-11-17,12.632877349853516,12.908691549385638,12.411651034815812,12.819626067958552,30672000
2008-11-18,12.494975090026855,12.569674387006067,12.07550626610341,12.446132356780403,38923200
2008-11-19,12.144454956054688,12.813879031070337,12.127216158625238,12.540938529026938,32379800
2008-11-20,11.799690246582031,12.572545147842163,11.779578858161807,12.066885659580388,42268800
2008-11-21,12.64150333404541,12.724822596329846,11.63592920520089,11.963458888952037,50104800
2008-11-24,12.994885444641113,13.247715716298329,12.555306424773173,12.782279042556485,36720800
2008-11-25,12.948915481567383,13.362636818090248,12.716196613279852,13.1672692311679,32370600
2008-11-26,13.148845672607422,13.169128069317631,12.676553209267409,12.824325114628614,21349000
2008-11-28,13.58057689666748,13.592167157423528,13.096695115837585,13.096695115837585,12565600
2008-12-01,12.844606399536133,13.476259810679256,12.835913155798211,13.383539983063338,25153200
2008-12-02,12.72871208190918,13.044539489492733,12.441859219667656,13.044539489492733,28670000
2008-12-03,13.369056701660156,13.444392274867766,12.604117343198084,12.653374282727176,39894200
2008-12-04,12.966300964355469,13.493645406771689,12.80983583828273,13.203895664551455,32059200
2008-12-05,13.322693824768066,13.354566475199594,12.580934041669053,12.844607384218008,28276200
2008-12-08,13.322693824768066,13.635624095942026,13.166228689181088,13.470466821258308,26908400
2008-12-09,12.989483833312988,13.487852728831898,12.859096204572555,13.192307805456164,26635000
2008-12-10,13.12856674194336,13.29372407607662,12.885176811856237,12.885176811856237,29363800
2008-12-11,12.812736511230469,13.224180696731935,12.720016663644005,13.090896053989864,33283400
2008-12-12,12.91414737701416,12.934429772829633,12.459240318911089,12.676552650054887,30458000
2008-12-15,13.030045509338379,13.116970205926249,12.702628010039671,13.00396798983127,20399200
2008-12-16,13.461772918701172,13.557390865320944,12.960505991323513,13.116971119260834,35063000
2008-12-17,13.177820205688477,13.458877853322209,13.041637451835808,13.351670741410386,26407400
2008-12-18,13.090902328491211,13.458884883547077,12.97210489774942,13.348779597274005,31094400
2008-12-19,12.87358283996582,13.33138691853544,12.801145394818727,13.169127748802879,50547600
2008-12-22,12.940220832824707,12.983683727512696,12.748986085750738,12.960503222263814,22376800
2008-12-23,12.740293502807617,13.076403079995526,12.708420861860157,12.960502768424266,20176200
2008-12-24,12.777961730957031,12.850399158242066,12.748987202165988,12.76347446656151,5316600
2008-12-26,12.91704273223877,13.018454689635577,12.827219923324856,12.867784706283578,9626600
2008-12-29,12.86778736114502,12.998174979919021,12.667860415896657,12.998174979919021,13950600
2008-12-30,13.018454551696777,13.079301725490149,12.905452341706969,12.928631743734595,16001800
2008-12-31,13.116973876953125,13.183616199831823,13.056126682843157,13.087998233109477,15550400
2009-01-02,13.299515724182129,13.328490260887055,13.05033072941196,13.154640830042052,16355800
2009-01-05,13.166232109069824,13.296619755926768,13.090897638279092,13.203899897119141,20237200
2009-01-06,12.95470905303955,13.319794300530482,12.88227162674614,13.24156174749671,21307800
2009-01-07,13.018454551696777,13.090891979157675,12.812732522981616,12.812732522981616,21581000
2009-01-08,13.108280181884766,13.119869332740022,12.911250248345794,12.9923798308709,20087000
2009-01-09,12.922839164733887,13.114073966721707,12.821427188417484,13.105381827411055,19802400
2009-01-12,12.670760154724121,12.943124601773702,12.60701483731145,12.8822774016841,20469800
2009-01-13,12.754786491394043,12.84171121144169,12.638886127791991,12.691041180882136,22602400
2009-01-14,12.349137306213379,12.612809604335334,12.247725308977193,12.604117463231624,27053600
2009-01-15,12.563547134399414,12.572239271677217,12.285387688435913,12.334644606753303,28061600
2009-01-16,12.702630043029785,12.888069720177896,12.595422936923722,12.720015427252795,28353200
2009-01-20,12.424466133117676,12.893860288050558,12.424466133117674,12.685240172388268,28331800
2009-01-21,12.543269157409668,12.58962908138266,12.215851572614795,12.575141812386308,23800600
2009-01-22,12.494009971618652,12.52588262367478,12.256415244864558,12.354930212443646,23489400
2009-01-23,12.227437019348145,12.36072161016945,12.041997396412876,12.357824599633048,31255800
2009-01-26,12.467930793762207,12.569343864606756,12.204258578058422,12.256413618993898,25210800
2009-01-27,12.554862022399902,12.72871149708056,12.459244037609938,12.540373645086511,19822800
2009-01-28,12.708423614501953,12.748988400746033,12.531676098460588,12.748988400746033,18563600
2009-01-29,12.618602752685547,12.890968254464156,12.557755563895402,12.662065661997193,21258400
2009-01-30,12.378111839294434,12.656271382685645,12.323058669765828,12.586730944183955,22607400
2009-02-02,12.23903751373291,12.314372009100003,12.033314223664252,12.230344264234514,15966800
2009-02-03,12.551959991455078,12.604115038660355,12.163695254097833,12.314365267656669,17950000
2009-02-04,12.285390853881836,12.618602430638806,12.250620085196847,12.560652254804824,18307000
2009-02-05,12.369413375854492,12.427363532609395,12.143408980348406,12.233231778583871,22119800
2009-02-06,12.618602752685547,12.659167545212311,12.360725624215952,12.381008020479333,18722400
2009-02-09,12.259316444396973,12.563553563179637,12.169493593770188,12.5519633040069,19688400
2009-02-10,11.7841215133667,12.259312020187952,11.671119290483265,12.172386213070647,45488000
2009-02-11,11.957971572875977,12.05069139869602,11.868148758040773,11.868148758040773,21237400
2009-02-12,12.861989974975586,12.879375356195794,12.212951217059112,12.35782607797176,61226200
2009-02-13,12.705524444580078,12.859092543736514,12.659164534815806,12.80693750708828,22736400
2009-02-17,12.343340873718262,12.514293297657012,12.296980950547129,12.459241234299967,26421200
2009-02-18,12.366520881652832,12.470830980844196,12.241928385986226,12.395495417958118,18108200
2009-02-19,12.546161651611328,12.667857099039123,12.366517149063743,12.491109607124574,19813000
2009-02-20,12.412881851196289,12.595424540196944,12.279597204443723,12.450549635820382,30173200
2009-02-23,12.19556713104248,12.514291416776732,12.146309098340954,12.465034489382795,23461400
2009-02-24,12.4766263961792,12.517191190062837,12.22454328223191,12.378111423044194,26216000
2009-02-25,12.27669620513916,12.540368424988907,12.21584902486019,12.441853468929247,26349400
2009-02-26,11.90002155303955,12.39259632463646,11.882636170992297,12.39259632463646,21334000
2009-02-27,11.836278915405273,11.96376953509876,11.72037965832038,11.868151570328644,35448000
2009-03-02,11.500166893005371,11.798609879677333,11.479884499435414,11.720377316489976,31199000
2009-03-03,11.250986099243164,11.676917585233161,11.230702594855211,11.534940791672447,37264600
2009-03-04,11.511760711669922,11.682713157043603,11.253883537614751,11.372680924717962,33883400
2009-03-05,10.96703052520752,11.427732794995945,10.848233140183227,11.346603197020684,36464600
2009-03-06,11.32921028137207,11.361082918057132,11.039460646500078,11.05394901248939,33002400
2009-03-09,11.227806091308594,11.552325596590526,11.222010961979358,11.43932333794017,35127400
2009-03-10,11.346601486206055,11.494373389567123,11.198829582844986,11.482784238252238,35181400
2009-03-11,11.58670711517334,11.697977297474608,11.434442949130098,11.466652826928014,27254000
2009-03-12,11.95858383178711,11.964440275223627,11.522288290286735,11.589636831305498,25473600
2009-03-13,12.069857597351074,12.13720504131122,11.838533039616639,12.028863598158177,24396800
2009-03-16,12.084492683410645,12.301175471665378,12.04056992300653,12.140127211853953,23204000
2009-03-17,12.137200355529785,12.201618993533222,11.952726313378522,12.10499047802693,20241600
2009-03-18,12.19576644897461,12.371455308327361,12.005435920507026,12.0932803501834,28792800
2009-03-19,12.35095500946045,12.371452000337516,12.23968483255478,12.254325380752366,22777600
2009-03-20,12.485651969909668,12.632059710864523,12.38902344172072,12.391951105058753,38328800
2009-03-23,12.924874305725098,12.924874305725096,12.591064857978143,12.637915287188202,26501400
2009-03-24,12.889740943908691,12.983441832721077,12.71112327554674,12.766757829215749,21878800
2009-03-25,13.103489875793457,13.144483855343749,12.892662418675194,13.001004926917728,24485400
2009-03-26,13.132770538330078,13.17669329611799,12.831171026992948,13.162052749189396,27807800
2009-03-27,13.205977439880371,13.235259657502384,13.009791608323637,13.009791608323637,23103600
2009-03-30,12.860454559326172,13.077138492762135,12.716975608417867,13.030288063506026,22905800
2009-03-31,12.869241714477539,13.094709788179486,12.842888274252571,12.962942587054645,23836600
2009-04-01,13.135703086853027,13.173769413391183,12.737473840922194,12.813605376996053,21254800
2009-04-02,13.276256561279297,13.41973666663636,13.074214241819886,13.264543671657773,24926400
2009-04-03,13.167912483215332,13.399235863320893,13.024432406641331,13.28503800492649,17886600
2009-04-06,13.1737699508667,13.244045045955493,13.04200275132209,13.088853187048786,16084000
2009-04-07,13.065428733825684,13.226477053132971,13.018578293354423,13.129848508349642,15666200
2009-04-08,13.1737699508667,13.217691606046571,13.036146307230942,13.085924406501963,13595600
2009-04-09,13.1737699508667,13.390452797226727,13.123990734593182,13.384596353135578,16203000
2009-04-13,13.097637176513672,13.167913387970911,13.001008642387767,13.162056943932601,13174400
2009-04-14,12.945372581481934,13.059570444184962,12.828247055351692,13.059570444184962,16458200
2009-04-15,13.1854829788208,13.2118364212416,12.913164446140065,12.942446669386845,16665600
2009-04-16,13.205977439880371,13.326031739624652,12.98343817096502,13.285037751956223,17325600
2009-04-17,13.182552337646484,13.305534296499008,13.07713859177155,13.249899760399394,22426000
2009-04-20,12.980510711669922,13.176696546309374,12.828246528650059,13.13277377768738,27665400
2009-04-21,12.617417335510254,13.162054231820406,12.47979372147426,12.930729766483985,37523000
2009-04-22,12.570568084716797,12.655484838207412,12.473938444468367,12.649628394828506,28969200
2009-04-23,12.567639350891113,12.634987891495832,12.500291927288758,12.61156211789378,28034600
2009-04-24,12.52957534790039,12.61741977334182,12.465155581308856,12.576425782602652,29316200
2009-04-27,12.368528366088867,12.582283567002715,12.321677926395457,12.421234133366687,23763600
2009-04-28,12.380243301391602,12.459303648012003,12.298255290230982,12.330465185187762,18167600
2009-04-29,12.506147384643555,12.61741756647549,12.403662425720901,12.406590088689144,20426400
2009-04-30,12.605703353881836,12.904375210310663,12.532499500355225,12.629129123171387,35959200
2009-05-01,12.435874938964844,12.65255778861009,12.350958173859471,12.632060792481553,21220200
2009-05-04,12.64084243774414,12.661340546882046,12.365596316921467,12.473937720638585,26789000
2009-05-05,12.632061004638672,12.810678645617978,12.5969234559714,12.684767886140845,22393600
2009-05-06,12.57349681854248,12.763827335055415,12.517862277209103,12.737473896107508,19488600
2009-05-07,12.532502174377441,12.6847663562412,12.465154748803503,12.6847663562412,27057600
2009-05-08,12.567639350891113,12.64084321789398,12.447585053686504,12.576424574493064,24158600
2009-05-11,12.517865180969238,12.646703625155313,12.456374181494253,12.512008735733138,18437800
2009-05-12,13.001007080078125,13.085922715923239,12.550070996338848,12.579352096009252,37052200
2009-05-13,12.77553939819336,12.998078666165183,12.719903743448615,12.892664917177651,23717800
2009-05-14,13.147417068481445,13.226476274558264,12.857529217190445,12.860456880858921,34590000
2009-05-15,13.164979934692383,13.200118586450186,13.06835143486365,13.126914737457898,34102200
2009-05-18,13.490009307861328,13.504649858714394,13.082995962333012,13.217690817385094,28462000
2009-05-19,13.656914710998535,13.741831473890848,13.416806090891118,13.51050696132316,31889400
2009-05-20,13.762328147888184,13.847244908796169,13.627633289414975,13.706693606432498,33379200
2009-05-21,13.668625831604004,13.709619817491902,13.58663785982821,13.656912945063937,28366400
2009-05-22,13.850174903869629,13.970229231328652,13.65691669095992,13.665700799773155,24576400
2009-05-26,13.823816299438477,13.902876600249133,13.727187787560268,13.762325326697596,28784800
2009-05-27,13.653985977172852,13.81796192907388,13.627632539616988,13.800393715371568,19064800
2009-05-28,13.733046531677246,13.820890952742921,13.574925903557578,13.65984266128878,18940200
2009-05-29,14.394808769226074,14.394808769226072,13.747686834728686,13.76525504842393,45436800
2009-06-01,14.353812217712402,14.479722939385493,14.265967813917786,14.421159631188349,42668400
2009-06-02,14.541214942932129,14.62027524706212,14.312819253447012,14.350884457026348,33442000
2009-06-03,14.374317169189453,14.49437151483423,14.280616270979031,14.447521065729019,26862800
2009-06-04,14.57049560546875,14.579280828111234,14.263039621035654,14.38895034788957,21710200
2009-06-05,14.47679615020752,14.623203882330582,14.4153051707964,14.61441977584395,19833400
2009-06-08,14.459224700927734,14.532428550604562,14.292320013024733,14.415301944320797,15849400
2009-06-09,14.374317169189453,14.523652626648929,14.306969718413388,14.497299179214572,20304400
2009-06-10,14.175199508666992,14.453374480583927,14.069785741035096,14.43580514697775,28236200
2009-06-11,14.346481323242188,14.532529974728181,14.198823019593554,14.21063482771242,20569000
2009-06-12,14.43802547454834,14.482323406209172,14.316945738091023,14.376009271457734,17240800
2009-06-15,14.20767879486084,14.370102665125632,14.204724998622593,14.355337063563958,17630000
2009-06-16,14.124996185302734,14.272654513178145,14.122042387880787,14.231309235076372,15866200
2009-06-17,14.154521942138672,14.364196416498759,14.127943408308294,14.13975634035362,16653800
2009-06-18,14.632940292358398,14.659518836846786,14.163386757426002,14.17224702328457,24154600
2009-06-19,14.414406776428223,14.73334818776836,14.384874434099904,14.686097566586723,30718400
2009-06-22,14.172245979309082,14.414405532790024,14.172245979309082,14.32876343724239,21359600
2009-06-23,14.116137504577637,14.331718552296508,14.101371895440902,14.23131083300544,18727000
2009-06-24,14.027545928955078,14.319910013469514,13.986201763306255,14.210642002490166,17777000
2009-06-25,14.130897521972656,14.184054595065113,13.933035959439986,14.003911305867714,20630200
2009-06-26,14.213590621948242,14.26084124069374,14.065932297550612,14.092510841003929,26200600
2009-06-29,14.260846138000488,14.322862385173979,14.210641704661946,14.216548174851422,17526600
2009-06-30,14.172245979309082,14.249027809650826,14.119088894248039,14.237214873738688,31447400
2009-07-01,14.523675918579102,14.647708396299853,14.296281916213871,14.316953995833996,24212400
2009-07-02,14.435076713562012,14.597500629394297,14.402591705086854,14.402591705086854,22199200
2009-07-06,14.470514297485352,14.485279903092453,14.287418309561593,14.376013069747701,16671800
2009-07-07,14.364202499389648,14.52071997237033,14.337623954303902,14.390781044475395,17109000
2009-07-08,14.32580852508545,14.435076483953571,14.225400830733669,14.337621460078244,21321000
2009-07-09,14.384872436523438,14.426216583498096,14.32580888661242,14.387826233617922,17427000
2009-07-10,14.266745567321777,14.432122144835091,14.181103481656129,14.322855316614731,15619200
2009-07-13,14.48528003692627,14.523671513094243,14.204729021625251,14.287418441567308,20608400
2009-07-14,14.556160926818848,14.5738792084558,14.39373696139833,14.476425279821028,15369200
2009-07-15,14.922348976135254,14.937115708892579,14.58568819766943,14.609314068846317,20127200
2009-07-16,14.999135971069336,15.025714520030732,14.813086128339553,14.869195897683015,15817800
2009-07-17,14.860336303710938,14.92825900975346,14.774694190053221,14.857383632380312,19808400
2009-07-20,15.070006370544434,15.070006370544434,14.786502693005858,14.94597393407511,19104800
2009-07-21,14.8691987991333,15.01095183895048,14.706774802250196,15.01095183895048,28738600
2009-07-22,14.508904457092285,14.866237262468028,14.426215045415566,14.860330795452306,28358800
2009-07-23,14.523675918579102,14.771742000564455,14.435081130700869,14.508910308356704,26749000
2009-07-24,14.576833724975586,14.659522047474324,14.42326889280371,14.591599335915516,16574000
2009-07-27,14.624079704284668,14.644751778333982,14.51481286623207,14.576829088380014,16257600
2009-07-28,14.585687637329102,14.692001800453717,14.47051433612527,14.597500572463726,16079600
2009-07-29,14.553202629089355,14.748111552638106,14.497092877014722,14.594546775517347,18125000
2009-07-30,14.668379783630371,14.913493182620401,14.632942095460367,14.712677738750722,19436600
2009-07-31,14.71858024597168,14.824894408408197,14.618172551064248,14.659516697224339,16822200
2009-08-03,14.647711753845215,14.795370143003106,14.5591169456593,14.77469805864453,18436000
2009-08-04,14.618172645568848,14.810128898602809,14.573874702086089,14.635892048270652,17580200
2009-08-05,14.520711898803711,14.64474541575535,14.470508634079206,14.62111955479578,15010000
2009-08-06,14.585687637329102,14.632938251324099,14.529577885254888,14.591594104896414,13811600
2009-08-07,14.570923805236816,14.692003588745639,14.520719388075598,14.665425044729378,13305400
2009-08-10,14.60045337677002,14.612266312012894,14.464608001107496,14.547296294720596,13499200
2009-08-11,14.482322692871094,14.612261558643056,14.45574416049238,14.594542161542867,12509000
2009-08-12,14.311049461364746,14.497099329644636,14.302190319342275,14.458707836640595,24894800
2009-08-13,14.2106351852417,14.367153757096695,14.003913329623947,14.302183741362791,26560600
2009-08-14,14.313993453979492,14.313993453979494,14.175194315810021,14.189959917913676,14806400
2009-08-17,14.381918907165527,14.408497446711188,14.210634735306048,14.305135958903191,16211600
2009-08-18,14.355339050292969,14.45574673196889,14.31694757968482,14.396683191004819,15516200
2009-08-19,14.576833724975586,14.612271416540201,14.269704060631836,14.269704060631836,17039600
2009-08-20,14.594544410705566,14.64179614358803,14.505949664637583,14.585685274061763,11873200
2009-08-21,14.739249229431152,14.75992129817795,14.544340348001894,14.647700691735874,17650000
2009-08-24,14.488235473632812,14.706769167072844,14.41440631001644,14.706769167072844,21742400
2009-08-25,14.393732070922852,14.514811835993445,14.378965339184136,14.505951571641523,21427800
2009-08-26,14.523675918579102,14.565020077819351,14.381924032665161,14.417361722507684,13591400
2009-08-27,14.60045337677002,14.65951692644088,14.399637983815198,14.523671550778356,13884800
2009-08-28,14.488235473632812,14.65951854742011,14.446890195710992,14.653612079145564,13716200
2009-08-31,14.402588844299316,14.579778330640556,14.322853237482777,14.423260913487686,21321600
2009-09-01,14.331713676452637,14.544341980622626,14.287416864112808,14.387824549243817,24552800
2009-09-02,14.70676326751709,14.854421535517348,14.337617597516445,14.337617597516445,40824000
2009-09-03,14.641799926757812,14.721534430240595,14.538438424185705,14.656565533827083,22579800
2009-09-04,14.75106143951416,14.7894529052535,14.485276102154439,14.559105237360672,15117600
2009-09-08,14.886916160583496,14.999136832257513,14.683148024542493,14.748116938422053,31283600
2009-09-09,14.951883316040039,15.00504040675823,14.836709994998525,14.881006819567888,15813000
2009-09-10,14.937114715576172,15.002083603905099,14.813081153232824,14.922347983800833,21545000
2009-09-11,15.336071014404297,15.404549910355074,14.886499237171607,14.925204453198186,34130200
2009-09-14,15.529603958129883,15.621900709812575,15.15744128549856,15.208055999566598,33162200
2009-09-15,15.61594295501709,15.654648183506108,15.377759117681057,15.505783143202322,27725400
2009-09-16,15.68144416809082,15.726104138377005,15.452192985489061,15.612966379868835,26104600
2009-09-17,15.904741287231445,15.913673962480019,15.607011189283268,15.630830142279214,27358600
2009-09-18,16.00596809387207,16.113151100995672,15.869012533991954,15.982150278816874,124169000
2009-09-21,15.779694557189941,16.005968922808265,15.714193574833258,15.922604862172589,24711600
2009-09-22,15.735034942626953,15.871991648419343,15.69930764951815,15.871991648419343,19425600
2009-09-23,15.65464973449707,15.824355806397074,15.532579299033667,15.76183162010478,20835200
2009-09-24,15.583187103271484,15.821370858664013,15.550436623951937,15.65464279776411,24283000
2009-09-25,15.770759582519531,15.863055162188864,15.562348340580884,15.580212550718448,21737000
2009-09-28,15.818390846252441,15.96725580511036,15.749913101467738,15.788617173031154,15193400
2009-09-29,15.871987342834473,15.940465109279659,15.836258923667527,15.898783089334751,17321200
2009-09-30,15.988099098205566,16.06253158829428,15.660595460365428,15.874961395260815,28275800
2009-10-01,15.815412521362305,15.988096414542305,15.791594719121651,15.898777668578276,28071000
2009-10-02,16.038713455200195,16.101237613197796,15.752892951424426,15.797552902029894,25169000
2009-10-05,16.01787757873535,16.077423820033644,15.86901254336467,16.020855515462816,15554600
2009-10-06,16.172693252563477,16.27094469616465,15.97619150111093,16.020851454702335,19109800
2009-10-07,16.318586349487305,16.45851871697086,16.172698108270243,16.333472626570643,20761400
2009-10-08,16.253074645996094,16.37812065390907,16.172687439873727,16.37812065390907,18030400
2009-10-09,16.270944595336914,16.345377093694815,16.151852143664357,16.27689819574573,11828400
2009-10-12,16.3126277923584,16.449583326661035,16.2352173524483,16.324537265536854,16013800
2009-10-13,16.315610885620117,16.363247660957317,16.24117835317135,16.306679345166366,11937400
2009-10-14,16.327512741088867,16.384081030471595,16.253080243388016,16.351330549763254,16081000
2009-10-15,16.351333618164062,16.437675604279455,16.181627582420006,16.29476531816604,24241800
2009-10-16,16.378128051757812,16.434697482960285,16.282854535337744,16.351332304280298,22090800
2009-10-19,16.3126277923584,16.524015830401584,16.276899372823028,16.416832843295214,20656000
2009-10-20,16.0982608795166,16.12207982448472,15.83328136337019,15.955350616957295,26859600
2009-10-21,16.0982608795166,16.282853160020313,15.988101098413559,16.023828380115933,16511200
2009-10-22,16.122081756591797,16.15780904257581,15.901761032232164,15.9523757284803,16361000
2009-10-23,15.851141929626465,16.122076119756326,15.815413520384396,16.05062043702173,21709400
2009-10-26,15.84817123413086,16.16674231303133,15.69335146393856,15.80351240580139,21567600
2009-10-27,15.916640281677246,16.053595763960047,15.806480535993204,15.851140475574287,14735200
2009-10-28,15.931536674499512,16.07742491886372,15.848172612434347,15.854127350546168,16017200
2009-10-29,16.104219436645508,16.11017417430036,15.824353581367957,15.934513388607515,14807000
2009-10-30,15.871987342834473,16.157807881670863,15.812441113306093,16.0952848517535,21812200
2009-11-02,15.994053840637207,16.053598924134263,15.827324653896321,15.931529685765833,18603600
2009-11-03,15.815412521362305,15.982141680044775,15.711207507029183,15.973210146173214,16314800
2009-11-04,15.925581932067871,16.077423767923783,15.78862523680068,15.90473978229345,14114400
2009-11-05,16.196517944335938,16.220335761819413,15.913674121312107,15.931537200487165,16305800
2009-11-06,16.22330665588379,16.22628345587059,16.020850184290012,16.0684869343268,10680400
2009-11-09,16.518062591552734,16.524017328681897,16.128035827717458,16.253083035929905,19230400
2009-11-10,16.616317749023438,16.729454372409563,16.44958847954619,16.479361036068806,16139400
2009-11-11,16.71158790588379,16.753269930867912,16.595473368928022,16.69074689339173,14304600
2009-11-12,16.655014038085938,16.78601595117705,16.628218295476362,16.70562872334833,15196000
2009-11-13,16.809839248657227,16.88129496420548,16.64311113862808,16.69074790374356,23351000
2009-11-16,16.89320182800293,16.997406880662712,16.80090511296863,16.86640608078329,16239400
2009-11-17,16.931909561157227,16.946795838209034,16.806863471021877,16.8634317781188,11344000
2009-11-18,16.845565795898438,16.970611864476716,16.75922381383252,16.949770853047003,15253200
2009-11-19,16.93488883972168,16.96466139618409,16.684795503886644,16.744341752561695,18154400
2009-11-20,17.11351776123047,17.176040779507883,16.87831082304441,16.87831082304441,20697600
2009-11-23,17.339794158935547,17.372543501995633,17.181996500647394,17.181996500647394,18542400
2009-11-24,17.324907302856445,17.39636299851028,17.226656999050892,17.39636299851028,15581400
2009-11-25,17.30109405517578,17.378503371434373,17.265366765806434,17.378503371434373,13380600
2009-11-27,17.145174026489258,17.250119544428834,16.911294790040852,17.08520466888649,15675400
2009-11-30,17.151172637939453,17.18715379824841,17.031233911815633,17.178158794126286,18884800
2009-12-01,17.4150333404541,17.469004497203827,17.20514118755104,17.268108490275893,15359800
2009-12-02,17.379053115844727,17.451016573123038,17.295096702203658,17.340074005980142,13599400
2009-12-03,17.17215919494629,17.418032517572044,17.1391759929662,17.418032517572044,20241800
2009-12-04,17.238126754760742,17.400042534888453,17.034231623230653,17.27110881513206,24927200
2009-12-07,17.35207176208496,17.421036141483498,17.00125281334188,17.079212198455675,16705400
2009-12-08,17.29509925842285,17.31309041135661,17.112193206968094,17.250121947998707,18290800
2009-12-09,17.340072631835938,17.346068537631986,17.100195222464638,17.226130976766594,19494600
2009-12-10,17.56495475769043,17.666901157590733,17.367055575333023,17.38504672204373,30755400
2009-12-11,17.7238712310791,17.810826717978582,17.570949354970356,17.570949354970356,30435600
2009-12-14,17.702882766723633,17.82581940494449,17.666900474693083,17.72387186516475,16670200
2009-12-15,17.708881378173828,17.74786048224998,17.645912933473543,17.735867527668184,15299800
2009-12-16,17.516977310180664,17.75085762803628,17.50498435691683,17.675896236992056,19605000
2009-12-17,17.085201263427734,17.472002341856204,17.0732071655338,17.469003245472656,25472000
2009-12-18,17.067211151123047,17.16915870176084,16.88430629434425,17.16915870176084,37737800
2009-12-21,17.145174026489258,17.274107744998087,17.061217612137597,17.097198769171115,14616200
2009-12-22,17.17215919494629,17.265111751088337,17.11818689058256,17.136178039977235,12111800
2009-12-23,17.178157806396484,17.24112511927171,17.088204338886104,17.15117165176133,10937600
2009-12-24,17.22313117980957,17.24412028070317,17.106191576596604,17.238124375150896,5814200
2009-12-28,17.22313117980957,17.265110525416983,17.175155928649886,17.214136177660947,7679600
2009-12-29,17.313087463378906,17.38205182215134,17.226131954736147,17.226131954736147,9551000
2009-12-30,17.29509925842285,17.361065675359455,17.235129892464165,17.31309041135661,9625200
2009-12-31,17.091205596923828,17.31608988109388,17.070216488573607,17.26511665904923,10848800
2010-01-04,17.103195190429688,17.157167495905586,17.061216984797394,17.13917634614018,13870400
2010-01-05,16.89630126953125,17.088203438952895,16.833333959972133,17.046224088759814,23172400
2010-01-06,16.890302658081055,16.92328471221967,16.785356015137683,16.896298563327964,19264600
2010-01-07,16.848323822021484,16.902296121430346,16.71639217003326,16.89030316675519,13234600
2010-01-08,16.53648567199707,16.68340937878485,16.41654697175298,16.629437078057034,28712400
2010-01-11,16.8723201751709,16.926292500670236,16.43154656486656,16.53649326170227,28642400
2010-01-12,17.055212020874023,17.09119315988846,16.80933880727244,16.818333806071102,23269800
2010-01-13,17.100196838378906,17.220135554398386,16.998249272908463,17.049223627553868,15157400
2010-01-14,17.13018035888672,17.166161512529772,17.0222357541373,17.103194207699364,12392600
2010-01-15,16.878311157226562,17.196146799949226,16.803349748083246,17.07620923161211,27460800
2010-01-19,16.917287826538086,16.938278070385607,16.767365029874032,16.857319622928596,14615400
2010-01-20,16.64142417907715,16.908286473892634,16.578456902646025,16.839322150589062,18810200
2010-01-21,16.3026065826416,16.665420664240834,16.248634277736603,16.65642451754313,27396800
2010-01-22,16.263629913330078,16.449533911538044,16.18566939729996,16.29661197676692,23551400
2010-01-25,16.296606063842773,16.35357745346002,16.155679425540242,16.338585403915506,16853200
2010-01-26,16.233640670776367,16.341585270251645,16.152682221169908,16.212651570191753,15515000
2010-01-27,16.344581604003906,16.389558897270202,16.101707423062138,16.191660865774647,20414800
2010-01-28,16.245637893676758,16.44353598283411,16.230645839493103,16.40455572690027,20905200
2010-01-29,16.266620635986328,16.473513647968385,16.161675153927305,16.3235908771298,22146800
2010-02-01,16.30560302734375,16.359575323470054,16.191661386208207,16.344582129352656,14517600
2010-02-02,16.50650405883789,16.554479320732963,16.236643639610794,16.350584171723796,16888600
2010-02-03,16.452526092529297,16.479512239560613,16.350578553057677,16.467518142253343,15899400
2010-02-04,16.020750045776367,16.39555703516133,16.01175504405358,16.35657678799565,21342800
2010-02-05,15.918804168701172,16.020751726260396,15.75089020806825,15.963781469673288,29285000
2010-02-08,15.786870956420898,15.972774904134415,15.76288275990552,15.972774904134415,16721200
2010-02-09,16.194658279418945,16.48550884020564,16.00275730299805,16.098707791208497,31495000
2010-02-10,16.12869644165039,16.37157066583107,15.942791330618418,16.37157066583107,18717600
2010-02-11,16.257633209228516,16.290616417189124,15.97277958317475,16.07172806323608,26327200
2010-02-12,16.1856632232666,16.311598953499864,16.077718638443816,16.167672077856125,24640000
2010-02-16,16.437530517578125,16.437530517578125,16.170668200733687,16.344577999111706,19339400
2010-02-17,16.590456008911133,16.656421256798875,16.419542980957218,16.434536174578145,17064600
2010-02-18,16.764366149902344,16.76736410238892,16.53648401485913,16.53648401485913,17264600
2010-02-19,16.7073974609375,16.76136976129245,16.545480559872658,16.731384514528475,18944800
2010-02-22,16.605449676513672,16.74937542750005,16.57246647744634,16.73138427969418,13487600
2010-02-23,16.440532684326172,16.67141276009492,16.428538587350637,16.61444251519121,14835600
2010-02-24,16.539487838745117,16.545484889667282,16.39856000162549,16.4915125751883,14470600
2010-02-25,15.927797317504883,16.06572715731603,15.774876570874884,15.933794366524511,63648600
2010-02-26,15.807861328125,15.918803886382983,15.660936472199356,15.918803886382983,63095400
2010-03-01,15.9727783203125,16.00276242854941,15.828852541898602,15.957786266194045,39449800
2010-03-02,15.981771469116211,16.098711079016287,15.936795311980948,16.00575966797791,24506200
2010-03-03,16.170677185058594,16.227647450972363,15.945792931022535,15.981774091398574,26574200
2010-03-04,16.33259391784668,16.503505857267054,16.287616610074814,16.401558284295213,28983200
2010-03-05,16.40155792236328,16.476519337781927,16.29961035164111,16.398558825207097,24238600
2010-03-08,16.329587936401367,16.452524562820372,16.28760974354902,16.407548417829986,18915600
2010-03-09,16.245637893676758,16.36857456809541,16.176673529375606,16.29361315335671,23070000
2010-03-10,16.25162696838379,16.302600156356444,16.203651732248407,16.26961696704715,21574800
2010-03-11,16.20326805114746,16.257682104824344,16.021888641012637,16.257682104824344,29130600
2010-03-12,16.127689361572266,16.254655841744096,16.10048234104844,16.230471310975407,22334400
2010-03-15,16.218381881713867,16.275818418476707,16.13373716842198,16.24256526181011,23874000
2010-03-16,16.233489990234375,16.284880372631473,16.194190716342654,16.26371949127013,22287800
2010-03-17,16.275815963745117,16.321161380211812,16.20326352803477,16.269769831337435,26074400
2010-03-18,16.3090763092041,16.336283340448563,16.245593620694482,16.293961548108815,23496200
2010-03-19,16.5509033203125,16.64461661270526,16.20325831441234,16.5509033203125,43610800
2010-03-22,16.487422943115234,16.581135095188433,16.445101177252287,16.472308191475843,18127400
2010-03-23,16.717174530029297,16.729266795769934,16.448127959800747,16.538817646491662,19081200
2010-03-24,16.51161003112793,16.73531232655385,16.50858754139248,16.69299055116616,17052600
2010-03-25,16.566022872924805,16.680897078650624,16.520678611083266,16.599276023517685,16638800
2010-03-26,16.52068328857422,16.617419125043096,16.47533786071225,16.563005072881587,16276800
2010-03-29,16.55695152282715,16.61438803963438,16.526720866732592,16.56602014306471,13853600
2010-03-30,16.58718490600586,16.641598946523604,16.508587488136833,16.596254681546743,13631600
2010-03-31,16.62648582458496,16.71415302660554,16.47533595345237,16.563003155472952,22922000
2010-04-01,16.717174530029297,16.7564738170954,16.665784130404486,16.73531292864025,14346000
2010-04-05,16.584157943725586,16.795767916094523,16.52067529796938,16.795767916094523,19191800
2010-04-06,16.41185188293457,16.57811649634671,16.390690995037495,16.57811649634671,17604200
2010-04-07,16.2697696685791,16.414873385366366,16.191172254429187,16.414873385366366,24060800
2010-04-08,16.251625061035156,16.257671191071847,16.15488928681089,16.257671191071847,19466800
2010-04-09,16.50253677368164,16.508582904636263,16.278834541086837,16.29697293395071,20640600
2010-04-12,16.553932189941406,16.5841628539056,16.4783572598038,16.52068018935367,16930400
2010-04-13,16.632526397705078,16.650664791323003,16.52067585334857,16.52974447356673,15055000
2010-04-14,16.611371994018555,16.64462515203036,16.5206822969204,16.635555375093098,13865200
2010-04-15,16.402780532836914,16.556954019210696,16.36348240376122,16.55393037655454,20351000
2010-04-16,16.617416381835938,16.668806781959308,16.375575677404733,16.393714076191657,35075600
2010-04-19,16.72321891784668,16.72321891784668,16.6022985794221,16.62043697614033,26468600
2010-04-20,16.466264724731445,16.71415038191117,16.42091930929391,16.692989495555473,32508800
2010-04-21,16.38161849975586,16.499516338271853,16.32418197831092,16.496492695827445,19263200
2010-04-22,16.417896270751953,16.47835528507122,16.32418295346624,16.366504724762443,20295600
2010-04-23,16.28791046142578,16.46324371255715,16.24558868195207,16.46324371255715,21675400
2010-04-26,16.242563247680664,16.429988744617745,16.242563247680664,16.324184307600493,17890800
2010-04-27,15.982590675354004,16.281867995469586,15.973522050047618,16.22140780266841,27600400
2010-04-28,16.130708694458008,16.194191340990702,15.888869217298987,16.024903130388594,24754600
2010-04-29,16.245590209960938,16.381624184440785,16.191176158896152,16.209313407129674,17437600
2010-04-30,16.157920837402344,16.3120931926674,16.14280608150294,16.20931123809671,19349600
2010-05-03,16.251625061035156,16.309062719793022,16.103498911271103,16.236510312534126,16123400
2010-05-04,16.0762996673584,16.26372517629454,16.037000379729516,16.139782333632937,23282800
2010-05-05,16.22140121459961,16.293953647131435,16.08234363486055,16.15187242473008,23670400
2010-05-06,15.810271263122559,16.384641052084348,15.480764602689419,16.224421455460185,47912000
2010-05-07,15.922127723693848,15.973519282283922,15.580529826943733,15.777023978022797,43535600
2010-05-10,16.336273193359375,16.35138794506631,16.09745619557227,16.27883552241874,35311400
2010-05-11,16.20629119873047,16.34534881912292,16.17303803881442,16.209313689094596,23165200
2010-05-12,16.330228805541992,16.354412180218702,16.148848306148743,16.26372250711296,24005400
2010-05-13,16.170011520385742,16.324183860557664,16.15791925557724,16.30906910613796,19319800
2010-05-14,16.124658584594727,16.218371863386885,15.979554934103886,16.130704714179508,25868200
2010-05-17,16.145830154418945,16.188151936359475,15.97654187347475,16.16699104538921,17393400
2010-05-18,16.052108764648438,16.239535352379242,16.04606378727266,16.233489221821976,20435600
2010-05-19,16.05815887451172,16.127687663377696,15.8586411294062,16.02188323536029,21119200
2010-05-20,15.580535888671875,15.870743492921495,15.577512244129112,15.870743492921495,29290400
2010-05-21,15.59564208984375,15.634941375046814,15.205675187059665,15.368917307273732,34233400
2010-05-24,15.556337356567383,15.680280148171677,15.423325945854463,15.48076245551156,16832600
2010-05-25,15.302407264709473,15.335660409207389,15.096843419796546,15.226832355643886,28693800
2010-05-26,15.139167785644531,15.381007287150638,15.09684486384697,15.365892534528077,32607800
2010-05-27,15.486809730529785,15.492855861442866,15.193578723743888,15.299384284950483,22663600
2010-05-28,15.53820514678955,15.704469752282254,15.41728480469567,15.471698843319732,23577000
2010-06-01,15.504948616027832,15.752834225434382,15.335660404626111,15.453557078224154,24274800
2010-06-02,15.843530654907227,15.843530654907227,15.468678438495797,15.580530181959631,18742200
2010-06-03,15.946307182312012,16.021882097867994,15.855617514281175,15.922122655806884,23564400
2010-06-04,15.498907089233398,15.761907527942627,15.423332157739095,15.761907527942627,23942800
2010-06-07,15.356819152832031,15.568429099382254,15.34775053402521,15.486808070576535,20177800
2010-06-08,15.58657455444336,15.66517197714837,15.272182557259407,15.353803623058047,22429800
2010-06-09,15.523092269897461,15.674242150434662,15.468678220649505,15.58657609614146,17645800
2010-06-10,15.855626106262207,15.870740866927578,15.677269162773252,15.677269162773252,18790000
2010-06-11,15.745870590209961,15.770258554891944,15.587344749495431,15.764161272987044,14946000
2010-06-14,15.703193664550781,15.84342885863543,15.687951037328382,15.83428235195166,13656400
2010-06-15,15.907441139221191,15.913538419841588,15.718430091738337,15.800741635707652,16368600
2010-06-16,15.974513053894043,15.986706454480347,15.782452748674325,15.80074459396016,16784800
2010-06-17,15.962315559387207,16.065967004432736,15.864761394984045,16.004995360946417,20740200
2010-06-18,15.947072982788086,16.075112387815288,15.93182919967186,15.971460942486774,28405800
2010-06-21,15.99889850616455,16.15132703746902,15.93487880212165,16.102549953969085,18346400
2010-06-22,15.992803573608398,16.181815817493835,15.983658232527274,15.992803573608398,20805000
2010-06-23,15.92573356628418,16.050724916251802,15.855615418041753,16.023287733920498,20718000
2010-06-24,15.791604042053223,15.998907048346098,15.751972277131284,15.886110200578452,17401400
2010-06-25,15.322122573852539,15.831234709675783,15.322122573852539,15.78855488715102,57969600
2010-06-28,15.572097778320312,15.663554655482917,15.428814600905286,15.46539711918287,23525400
2010-06-29,15.343462944030762,15.53247407636978,15.273344766885458,15.419677241595934,23502600
2010-06-30,15.279435157775879,15.419670285869314,15.245900695904346,15.358698642733563,21933800
2010-07-01,15.251994132995605,15.334305656045688,15.081274970761724,15.334305656045688,26030800
2010-07-02,15.258098602294922,15.383089974804426,15.197126945791782,15.309924917350756,16270200
2010-07-06,15.373946189880371,15.450160477491146,15.248954804716211,15.422723287433756,18338200
2010-07-07,15.690996170043945,15.727578698428573,15.334312738746588,15.407478958453455,23480000
2010-07-08,15.980609893798828,15.986707175835894,15.718433743830738,15.755016273115507,21562600
2010-07-09,15.974513053894043,16.001950240354002,15.87390964922833,15.962318490370153,12948000
2010-07-12,15.989755630493164,15.995852912237439,15.83732707569902,15.90134678960754,10770600
2010-07-13,16.072072982788086,16.142190003714454,16.035489279135895,16.07817026673012,13706400
2010-07-14,16.10256004333496,16.133045303522014,15.980616676710484,16.023297669085743,12392600
2010-07-15,16.111698150634766,16.142184560063953,15.950124250941704,16.072067562783236,14970600
2010-07-16,15.965367317199707,16.181816759871417,15.916590223697133,16.087310632424963,19563800
2010-07-19,15.934879302978516,16.02633619204834,15.867810374956504,16.01719085202259,11367400
2010-07-20,16.230587005615234,16.267169519573425,15.828174700326539,15.843418480501507,19539000
2010-07-21,16.486669540405273,16.703117763100586,16.242782974224113,16.309851896217666,36364000
2010-07-22,16.541547775268555,16.66958837779423,16.453140089193003,16.465333490864936,20692000
2010-07-23,16.690929412841797,16.71531854370996,16.450091978738648,16.523258208405366,16177400
2010-07-26,16.748844146728516,16.761038706550877,16.675679113668803,16.715310851622867,13305800
2010-07-27,16.782392501831055,16.843364188494693,16.71227546919624,16.739712670047968,17905400
2010-07-28,16.730562210083008,16.828116413750372,16.697027734521505,16.78238737199599,12954800
2010-07-29,16.76409339904785,16.861647583589743,16.66348999208662,16.79153058613386,18292600
2010-07-30,16.800676345825195,16.855550721363493,16.593373407777783,16.678733030642846,16672600
2010-08-02,17.196990966796875,17.221380095846623,16.9653000555127,17.017125210336886,32091200
2010-08-03,17.18784523010254,17.233573101614013,17.090291042019537,17.1543107598982,15427400
2010-08-04,17.23967170715332,17.285400745112874,17.136020228991036,17.230526364736505,11974400
2010-08-05,17.184797286987305,17.20003991195928,17.011028803843725,17.196991852139984,15099800
2010-08-06,17.300643920898438,17.312838486467577,16.965301508311644,17.102486300682198,18090600
2010-08-09,17.41039276123047,17.498801617586395,17.181749889029973,17.184797948966686,18731000
2010-08-10,17.370759963989258,17.49880056948008,17.23052595654413,17.267108488282485,15376000
2010-08-11,17.084190368652344,17.300638607812505,17.065898525916126,17.14516201483564,24302000
2010-08-12,16.977495193481445,17.032369576517997,16.873843710294384,16.928718093330936,18782800
2010-08-13,16.98969078063965,17.065905076890285,16.87994200796867,16.962253587471903,14906800
2010-08-16,17.035419464111328,17.050662090452256,16.803727357152972,16.922621470725197,13958400
2010-08-17,17.10858154296875,17.200038447953876,16.919570450941134,17.078096295619588,18060600
2010-08-18,17.023221969604492,17.108581592780784,16.95310497014716,17.10553353321205,16616800
2010-08-19,16.852497100830078,16.989683003874067,16.757992161017704,16.989683003874067,18781400
2010-08-20,16.858598709106445,16.901278520357167,16.74275267647046,16.74275267647046,19263200
2010-08-23,16.950057983398438,17.032369557863113,16.892135540451207,16.922620791910212,15240000
2010-08-24,16.96834945678711,17.053709089334863,16.812872817084017,16.812872817084017,24366400
2010-08-25,16.886030197143555,16.98358435077094,16.78542798500036,16.895175535628233,15853800
2010-08-26,16.8159236907959,16.925672472686003,16.75800123943744,16.898235277213477,14817400
2010-08-27,17.120769500732422,17.13296406014166,16.776280756513277,16.901272083114957,19665600
2010-08-30,16.934812545776367,17.1451646999047,16.922617982042457,17.13297013617079,10220000
2010-08-31,17.035419464111328,17.084196566165005,16.767144821347177,16.828116489648735,18567800
2010-09-01,17.47136878967285,17.474416850370783,17.154316981936486,17.18785146430411,24166000
2010-09-02,17.492704391479492,17.50489779420366,17.334178526687403,17.50489779420366,14701200
2010-09-03,17.54757308959961,17.559766488373807,17.40428989683172,17.48660144397897,14865400
2010-09-07,17.56891632080078,17.623790695965447,17.498799322076515,17.53538185120708,14392200
2010-09-08,17.629884719848633,17.745729567842748,17.590252975567793,17.599398315425905,18378800
2010-09-09,17.770118713378906,17.831090359362424,17.623787460780918,17.751826870702626,18106600
2010-09-10,17.84023666381836,17.876819188211446,17.681710840865,17.7670704520947,18445600
2010-09-13,17.824880599975586,17.969249302665702,17.738874311605883,17.963105828961037,18019600
2010-09-14,17.689729690551758,17.852527660984872,17.677442741755463,17.769592514231796,20985200
2010-09-15,17.637514114379883,17.69280422278061,17.576081702155214,17.622156011323717,17402400
2010-09-16,17.66515350341797,17.717372443160265,17.585290690088772,17.631366156229163,16574000
2010-09-17,17.680509567260742,17.80951897426391,17.63443410947529,17.708154607582504,19971200
2010-09-20,17.806447982788086,17.815662605728374,17.67743740288614,17.69893897091187,14062200
2010-09-21,17.849456787109375,17.87710183645678,17.708160388999513,17.75730701320068,14754000
2010-09-22,17.886308670043945,17.975387253772166,17.846376689105874,17.86173595452259,15176000
2010-09-23,17.775732040405273,17.904742630615527,17.729657750274782,17.821807502283438,12696000
2010-09-24,18.006105422973633,18.06139550366655,17.886310638721504,17.913955679067964,13812000
2010-09-27,17.999963760375977,18.079827739072762,17.98460566347204,18.046039222835482,10544400
2010-09-28,18.153545379638672,18.193477365262407,17.92624275446757,17.996890931034134,19884000
2010-09-29,18.049116134643555,18.1228366637602,17.944679401914676,18.1228366637602,15742000
2010-09-30,17.975391387939453,18.17197784431305,17.892456256954148,18.07982808935639,15849600
2010-10-01,18.159692764282227,18.196553607451566,17.97539323542684,18.13512004058383,16454400
2010-10-04,18.085969924926758,18.13511653457,17.98460438342955,18.101328020737597,11523800
2010-10-05,18.325557708740234,18.34398812495982,18.125898967477603,18.16890327198997,20063000
2010-10-06,18.36857032775879,18.371642651255797,18.233417387592656,18.31635254579054,14123400
2010-10-07,18.25798225402832,18.33170275348363,18.184262926320603,18.328630431309715,14960800
2010-10-08,18.248767852783203,18.33784644894791,18.14126001034138,18.270269421271568,16189400
2010-10-11,18.294845581054688,18.31327482961755,18.2241973941523,18.294845581054688,12997000
2010-10-12,18.307130813598633,18.36856437439884,18.227268004781763,18.227268004781763,16164400
2010-10-13,18.41156578063965,18.420781575527354,18.325559506671766,18.34398992469957,24011000
2010-10-14,18.402359008789062,18.42386058645459,18.331710800495454,18.411573635860545,14491600
2010-10-15,18.41156578063965,18.42385272599152,18.350133397375505,18.417709253315582,19697600
2010-10-18,18.42999839782715,18.42999839782715,18.368564835484843,18.371637158063216,19661800
2010-10-19,18.534433364868164,18.5743653524096,18.377778908740417,18.417709724534223,35052800
2010-10-20,18.783241271972656,18.946039222863487,18.543650486197187,18.543650486197187,32398000
2010-10-21,18.88153648376465,18.967542780522667,18.740238918272016,18.740238918272016,23266400
2010-10-22,18.924530029296875,18.964462006135292,18.869239960365935,18.887670373925353,9534600
2010-10-25,18.740234375,18.96753818214445,18.73409207393317,18.82624182265479,21228200
2010-10-26,18.810880661010742,18.850811470176026,18.66651200276682,18.672655474580118,15502200
2010-10-27,18.795522689819336,18.798595011811255,18.522144619914283,18.74330493343186,19029400
2010-10-28,18.801668167114258,18.909177185093686,18.700303793773955,18.823169736360615,16533600
2010-10-29,18.8354549407959,18.890745019959976,18.746376349726273,18.783237183667346,14239600
2010-11-01,18.955249786376953,19.02897028276297,18.801666493008,18.850813100016165,17996800
2010-11-02,19.001327514648438,19.02590023521636,18.976753622332836,18.982897095411737,13196000
2010-11-03,19.028974533081055,19.028974533081055,18.823172264689873,18.99211486252883,15687400
2010-11-04,19.182558059692383,19.243991625748407,19.00747315806879,19.025902407662127,27487000
2010-11-05,19.222492218017578,19.243993792796285,19.044334973567768,19.17334442224002,16013800
2010-11-08,19.18562889099121,19.21941741034635,19.136482273314954,19.197915838347225,11142200
2010-11-09,19.24091911315918,19.262420685304487,19.151840501844156,19.194844817882576,16637600
2010-11-10,19.213275909423828,19.24092095793946,19.136484238185723,19.216348232452184,18013800
2010-11-11,19.29006576538086,19.29006576538086,19.154912858549537,19.194844851924987,16253600
2010-11-12,19.326923370361328,19.339210316509444,19.164125435015688,19.265490983116113,20022800
2010-11-15,19.33921241760254,19.452864924198764,19.296209273159775,19.317710845381157,22949400
2010-11-16,19.06890296936035,19.345352204556477,18.989038997688798,19.32385063643281,23609000
2010-11-17,19.20406150817871,19.265495080236448,19.075050889682664,19.087337838443798,16749200
2010-11-18,19.609521865844727,19.64331038979193,19.30542632206784,19.31464211971123,41436000
2010-11-19,19.756959915161133,19.760032238007973,19.5204414411115,19.535799540102182,40774800
2010-11-22,19.74159812927246,19.753885075598745,19.529654749756386,19.677093418681014,33680600
2010-11-23,19.541940689086914,19.65866433667528,19.437503987928416,19.637162766296857,17662200
2010-11-24,19.846036911010742,19.852179212707743,19.603374982808006,19.609518456252754,16093000
2010-11-26,19.692459106445312,19.77232311185105,19.658670578908122,19.69553142990219,9016800
2010-11-29,19.605850219726562,19.68626610533668,19.44501962835147,19.655336464776962,22397800
2010-11-30,19.537803649902344,19.664613389940804,19.460481328324743,19.469760809208655,23550600
2010-12-01,20.011018753051758,20.04194957387501,19.74193854553599,19.77595938084414,20951600
2010-12-02,20.072877883911133,20.091434488513137,19.95225523461749,19.995555551815706,22773600
2010-12-03,19.94915771484375,20.08524574737909,19.942972967769343,20.041945438788726,20677800
2010-12-06,19.79142951965332,19.94607304210918,19.79142951965332,19.908959823759037,22221600
2010-12-07,19.837820053100586,19.970814576923924,19.83163530394885,19.91514239579577,19714600
2010-12-08,19.915143966674805,19.930609380309985,19.816171454605783,19.816171454605783,18226600
2010-12-09,20.051225662231445,20.075969372281765,19.967716230734137,19.983181639438104,19622400
2010-12-10,19.995559692382812,20.072882040489713,19.881121767695912,20.063603736267414,17909400
2010-12-13,20.057409286499023,20.094524849495688,19.887301598733334,19.91513650121338,18748400
2010-12-14,19.76358985900879,20.066692099386966,19.701731753283653,20.051229047762224,27936800
2010-12-15,20.023391723632812,20.088342203533173,19.71719592990526,19.763589804031366,26126600
2010-12-16,20.208969116210938,20.236806390424977,20.007932885479455,20.05741796452859,28817200
2010-12-17,20.320310592651367,20.33577600497246,20.057415101027107,20.109993727413837,29294200
2010-12-20,20.199684143066406,20.332678641162666,20.16257093595408,20.246078011646997,18271400
2010-12-21,20.255359649658203,20.289381668241678,20.15329595359835,20.212059327768433,18720200
2010-12-22,20.286287307739258,20.286287307739258,20.113086027063126,20.23061749011376,15419800
2010-12-23,20.2831974029541,20.37598279792028,20.249175383559315,20.26463843620837,13063600
2010-12-27,20.125455856323242,20.27391576743682,20.122362302425607,20.27391576743682,9923800
2010-12-28,20.215150833129883,20.236800991880347,20.122363090090555,20.140922054512618,9861600
2010-12-29,20.242990493774414,20.307943344968646,20.212062025395323,20.224433884685133,8747200
2010-12-30,20.258459091186523,20.289387564425656,20.215158756713485,20.236808923950004,9285800
2010-12-31,20.341955184936523,20.351235845602726,20.215147805444794,20.215147805444794,10773400
2011-01-03,20.17185401916504,20.375983785739248,20.13783199812088,20.375983785739248,18945600
2011-01-04,19.754316329956055,20.162579478849302,19.735759718537444,20.10999848034461,27940400
2011-01-05,19.63677978515625,19.779052591651176,19.441927179833545,19.729566346790108,34379000
2011-01-06,19.49451446533203,19.68936715727879,19.432657516640322,19.676995295602183,21712400
2011-01-07,19.460481643676758,19.485225353308152,19.349138489870523,19.41718133166683,16592800
2011-01-10,19.503787994384766,19.547088317181824,19.349143310197956,19.392443632995015,14904600
2011-01-11,19.389354705810547,19.615135857023862,19.383168775385382,19.590393315168797,15504000
2011-01-12,19.49759864807129,19.596571134216212,19.39244023406167,19.550177265153547,14223200
2011-01-13,19.608945846557617,19.75121866863647,19.52543757798648,19.562551970736337,17947600
2011-01-14,19.525436401367188,19.599665182393817,19.479042528341644,19.599665182393817,12631400
2011-01-18,19.633691787719727,19.71410769578068,19.537811644984124,19.550183504662037,16344000
2011-01-19,19.615135192871094,19.769779908727266,19.54399876515872,19.69555110582981,18326800
2011-01-20,19.463579177856445,19.757404300672714,19.407906999645142,19.676988407769606,20580000
2011-01-21,19.414094924926758,19.547089455459655,19.398630691576614,19.540903526150522,16708200
2011-01-24,19.56255340576172,19.56873933498135,19.38625855246106,19.445023110279493,15062800
2011-01-25,19.47285270690918,19.581104662378504,19.34295177615995,19.553268580097242,18195800
2011-01-26,19.47285270690918,19.574918735222116,19.44192425097221,19.537803172283795,13657000
2011-01-27,19.392440795898438,19.550177831560266,19.373883011766697,19.54399190351635,13520400
2011-01-28,19.240894317626953,19.571833898899904,19.21924415285923,19.438839355415016,23842400
2011-01-31,19.43883514404297,19.43883514404297,19.141917651687262,19.274912166359236,15717800
2011-02-01,19.500690460205078,19.58419871420468,19.438832363185554,19.448111844637776,16028000
2011-02-02,19.441932678222656,19.6336917838102,19.349146090347745,19.531626891101443,15595200
2011-02-03,19.35223388671875,19.47904246877624,19.216147002022606,19.392441831228258,12997400
2011-02-04,19.34914207458496,19.441928643202747,19.28728396889136,19.37697816315482,9374600
2011-02-07,19.33677101135254,19.383163707643476,19.27491290311934,19.383163707643476,12012800
2011-02-08,19.445018768310547,19.460482997983856,19.281095810052268,19.308931895402267,13056800
2011-02-09,19.53162384033203,20.02648635159946,19.44502201597626,19.82544779273409,29979600
2011-02-10,19.652244567871094,19.652244567871094,19.429555869814028,19.534714290580403,18352400
2011-02-11,19.661518096923828,19.689354177422924,19.52233769442834,19.55635970168778,19098000
2011-02-14,19.52853012084961,19.717196820376696,19.4852297989605,19.692453105099897,12122600
2011-02-15,19.543991088867188,19.55327057046883,19.3460461190934,19.457390459552425,16289200
2011-02-16,19.608945846557617,19.63678193608133,19.4481152381812,19.509973345994478,12992800
2011-02-17,19.964628219604492,20.01720684207621,19.568737054599712,19.60275907142034,18450600
2011-02-18,19.964628219604492,19.995556682253124,19.831633706493975,19.980091271083584,24652400
2011-02-22,19.720287322998047,19.878024363456607,19.587293995467586,19.59657229789304,17950200
2011-02-23,19.766681671142578,19.89967500187784,19.70173119290892,19.726473726588086,18192200
2011-02-24,19.757404327392578,19.908956630471696,19.704824523524014,19.856375646757876,17057000
2011-02-25,19.890398025512695,19.918235295006383,19.704824881086818,19.723382667467515,11435400
2011-02-28,19.769771575927734,19.942975189272666,19.751214972947604,19.847093901265083,19370000
2011-03-01,20.07597541809082,20.18113267793731,19.8563778748758,19.881121592377603,31084000
2011-03-02,19.927509307861328,20.0481319437525,19.834721575780403,19.976994367865117,20776000
2011-03-03,20.28010368347168,20.375982632063476,20.03576480057556,20.03885835495644,29005800
2011-03-04,20.16875648498535,20.27391608192416,20.032668427661104,20.224428657555244,23050800
2011-03-07,20.17185401916504,20.33268346071773,19.942980535524033,20.202782485653163,23630000
2011-03-08,20.30175018310547,20.36360710142282,20.17184923882493,20.227521409186615,20717600
2011-03-09,20.29556655883789,20.31412316342247,20.184222211949805,20.267729292270715,14819200
2011-03-10,20.193504333496094,20.270826680143106,20.09453182417555,20.18113247486968,17761800
2011-03-11,20.19038963317871,20.28385019072088,20.08446988631158,20.224658345824125,12006400
2011-03-14,19.91935157775879,20.128078593032722,19.79162353142102,20.04396363922977,17802600
2011-03-15,19.635860443115234,19.710628641683492,19.424018600305406,19.610938502525947,25421200
2011-03-16,19.190364837646484,19.586010498883013,19.093790707848527,19.529934661013275,31957200
2011-03-17,19.402212142944336,19.56109412487186,19.286945638291204,19.44894241725249,20128800
2011-03-18,19.53306007385254,19.71997883137438,19.45517706015169,19.61717387125751,23653000
2011-03-21,19.8040828704834,19.89442740707598,19.64208613920011,19.667009261735952,12545600
2011-03-22,19.7853946685791,19.86639364536933,19.704396880189012,19.83835572084966,8418800
2011-03-23,20.022157669067383,20.103156642737975,19.704396121283047,19.716857684678537,12962600
2011-03-24,20.153003692626953,20.271384984361436,20.11250301579126,20.11873498613534,13312800
2011-03-25,20.3181095123291,20.371069361284604,20.193496285469386,20.209073830126705,12419400
2011-03-28,20.25891876220703,20.40222314876636,20.25891876220703,20.31187861395292,11600200
2011-03-29,20.473873138427734,20.476989122367055,20.27449294869935,20.311875248773834,11569600
2011-03-30,20.573564529418945,20.713752917128755,20.439605733180894,20.473874428274314,18826200
2011-03-31,20.66703224182129,20.825914231189937,20.548650934590086,20.548650934590086,17723000
2011-04-01,20.94118309020996,21.02218208217325,20.748032379159266,20.83837695157972,18720200
2011-04-04,21.078248977661133,21.118747268019497,20.922483031483203,20.941174184448645,13485600
2011-04-05,21.01906394958496,21.11252212141173,20.969217689836967,21.02840952908759,12470200
2011-04-06,21.06890106201172,21.128092882240967,20.93805823742048,21.04398031694652,14099800
2011-04-07,21.009714126586914,21.10628826434222,20.85394816153642,21.006598141781904,12734600
2011-04-08,20.95675277709961,21.0720204517527,20.829025916300335,20.994137465938472,11201800
2011-04-11,20.99725914001465,21.13433161596296,20.8103403987755,20.953644846285542,14664000
2011-04-12,20.841495513916016,20.91314655747946,20.688845468375572,20.866418649416786,16587400
2011-04-13,20.959875106811523,21.019066954524366,20.863300935743897,20.94429993101397,8497400
2011-04-14,21.280750274658203,21.330596535792377,20.900680852312057,20.97856385273379,23879600
2011-04-15,21.187284469604492,21.293204171166668,21.143670195220103,21.286974579168767,17532200
2011-04-18,20.969221115112305,21.075143245978698,20.760495216123754,21.05022011203356,16104600
2011-04-19,20.900680541992188,21.02840980165165,20.857066252547618,20.938065237287756,10701800
2011-04-20,21.13744354248047,21.19975136212834,21.062676535703318,21.149905106410042,12817800
2011-04-21,21.14678955078125,21.237134108505607,21.01906267730912,21.149905536027013,10948800
2011-04-25,21.10317611694336,21.177945505059682,20.972333252940448,21.168597548944813,10709200
2011-04-26,20.850839614868164,20.8819923436314,20.5019228730377,20.76049503769418,32800000
2011-04-27,20.872644424438477,21.003487296666997,20.73556958107493,20.9879121224306,16872600
2011-04-28,21.0003662109375,21.012825395170417,20.766717289374597,20.853945839803455,14084400
2011-04-29,21.015941619873047,21.112515747980456,20.95674979849121,21.047094334410943,14824200
2011-05-02,21.096948623657227,21.140562916000942,21.050218345631627,21.1094101895841,12514200
2011-05-03,21.14678955078125,21.153021521272773,21.05021539936571,21.096945670850772,10542400
2011-05-04,21.015941619873047,21.162361992680903,20.934942660634707,21.140554854824398,13529000
2011-05-05,20.779178619384766,21.10317210929205,20.68572046718842,21.09071054697254,14206200
2011-05-06,20.841495513916016,21.053337412070537,20.78853563357764,21.009723113344698,17042600
2011-05-09,20.85706329345703,20.959869408333862,20.819680980265588,20.82902655856345,8884200
2011-05-10,20.978557586669922,21.01594227135416,20.866408286216892,20.872637878597676,11111800
2011-05-11,20.97233009338379,21.081365796959595,20.841487249092822,20.962984515477302,11215400
2011-05-12,21.280750274658203,21.318134970508833,20.925603982879142,20.984795823775837,17097400
2011-05-13,21.240245819091797,21.424048505995124,21.190399572392675,21.268282550260157,16011000
2011-05-16,21.13121223449707,21.255825486882387,21.096943530671105,21.215324813197103,12364600
2011-05-17,21.181058883666992,21.24025072108299,21.028408877320928,21.10006227928768,13276400
2011-05-18,21.277633666992188,21.293208838800982,21.075137419076114,21.184173128938546,13418000
2011-05-19,21.327484130859375,21.402251158312428,21.18729565728478,21.3119089542405,12960200
2011-05-20,21.277633666992188,21.346168701191278,21.149904423438894,21.283863260355663,12970600
2011-05-23,21.02529525756836,21.15302452598432,20.928721092434806,21.056447984050088,13230200
2011-05-24,21.01906394958496,21.1156381068461,20.93806496589471,21.078255788835587,10881000
2011-05-25,20.844602584838867,21.02840528274254,20.81656347519254,20.959867877829307,13132000
2011-05-26,20.779178619384766,20.844602415762182,20.654567749789642,20.791640181704274,14872400
2011-05-27,20.719999313354492,20.91937965447824,20.710653731239493,20.832151052336744,9097400
2011-05-31,20.813446044921875,20.947404860639942,20.760486190912367,20.853946714176075,20294000
2011-06-01,20.797868728637695,20.92871154626026,20.748022487562668,20.748022487562668,14883000
2011-06-02,20.573564529418945,20.797867851194237,20.44272171731652,20.763599156100817,14264200
2011-06-03,20.414695739746094,20.50815630951137,20.31500557450361,20.333696737736254,12937800
2011-06-06,20.380414962768555,20.489450645106892,20.361723810596157,20.408454067826764,10445400
2011-06-07,20.311878204345703,20.470760133179116,20.30564861235994,20.411568313715755,11522000
2011-06-08,20.37418556213379,20.41468385115382,20.271379470621827,20.321225712615373,11753000
2011-06-09,20.526838302612305,20.66079712513741,20.333687653892397,20.38664988739299,13112000
2011-06-10,20.37107276916504,20.505031594509298,20.324342504175178,20.461417314332095,14003200
2011-06-13,20.4338321685791,20.474623660389323,20.330281773206163,20.427555081219136,19081600
2011-06-14,20.587587356567383,20.659757103378826,20.490314048253094,20.521692303127956,14045000
2011-06-15,20.386768341064453,20.553075284754787,20.283217921556453,20.52483556707512,16378400
2011-06-16,20.54993438720703,20.63465831856033,20.33342272776478,20.386766006612316,15538800
2011-06-17,20.590728759765625,20.782139253293757,20.590728759765625,20.67231175496851,21317400
2011-06-20,20.656620025634766,20.753893329578755,20.512278144489485,20.512278144489485,11091800
2011-06-21,20.791549682617188,20.80096291971438,20.637792163338368,20.74448110312382,14265000
2011-06-22,20.835493087768555,20.967283279708912,20.744494414092898,20.80097626692576,15701200
2011-06-23,20.389902114868164,20.700550906701988,20.21731812273416,20.687999126000662,26467800
2011-06-24,20.374216079711914,20.51541945281534,20.30832101266312,20.41814612441111,32073800
2011-06-27,20.462074279785156,20.540521122934468,20.349110634129538,20.349110634129538,14777600
2011-06-28,20.71938133239746,20.741346354312153,20.50600580779422,20.55934909044307,12932400
2011-06-29,20.93275260925293,20.970407950897467,20.766445706502427,20.76958425014131,17035400
2011-06-30,21.1147518157959,21.177508330413154,20.96727137303702,21.01747849993688,15594600
2011-07-01,21.365779876708984,21.365779876708984,21.030027502243982,21.030027502243982,16487000
2011-07-05,21.43168067932129,21.58543583716367,21.362647067308163,21.362647067308163,14801200
2011-07-06,21.503849029541016,21.572882637020722,21.428540727748498,21.43481542206131,11486000
2011-07-07,21.57288360595703,21.61681365014308,21.5195403228751,21.594848628050055,12423400
2011-07-08,21.550920486450195,21.550920486450195,21.37520029419285,21.447370061437944,12671600
2011-07-11,21.368915557861328,21.425397370018082,21.246538697189564,21.259090477002978,14152400
2011-07-12,21.290468215942383,21.475603971215182,21.25281527141766,21.328123554474264,13343400
2011-07-13,21.356365203857422,21.472467379377388,21.26536658964027,21.39088200214694,14688000
2011-07-14,21.233985900878906,21.44108666687524,21.139851147795472,21.328123047969438,15011200
2011-07-15,21.190053939819336,21.29674285640101,21.111607122394265,21.290465770363152,17491600
2011-07-18,21.0614070892334,21.158680398396722,20.895097788330983,21.10533712524312,14792000
2011-07-19,21.75173568725586,21.896077558950587,21.19005612917871,21.243399395977544,37415400
2011-07-20,21.610538482666016,21.758016545487564,21.58857346105363,21.729776829417844,15833800
2011-07-21,21.758014678955078,21.845877151875055,21.49443444221795,21.594846302976038,22086600
2011-07-22,21.880390167236328,21.90862987599684,21.801943339780884,21.82390835570812,13323200
2011-07-25,21.732912063598633,21.82704683016822,21.654465227786922,21.688982027064668,13154800
2011-07-26,21.710948944091797,21.795670480814607,21.67956829181672,21.761153678518145,11830600
2011-07-27,21.554058074951172,21.72977825941407,21.506989484396335,21.579159248440185,18677600
2011-07-28,21.591712951660156,21.739193431305722,21.532094966064843,21.54150820621104,15270200
2011-07-29,21.340673446655273,21.604253611046424,21.306156654555437,21.450498515151583,20545600
2011-08-01,21.25282096862793,21.49757474967802,21.061410469292284,21.49443620545723,17654200
2011-08-02,21.045717239379883,21.215162693814136,21.045717239379883,21.14926763831317,18127600
2011-08-03,21.463064193725586,21.513268945835144,21.008070909562598,21.023761241226612,28086000
2011-08-04,20.653488159179688,21.378336342791904,20.62838459068893,21.26537267859155,32324800
2011-08-05,20.951580047607422,21.105337570895546,20.408729279450053,20.794686374543392,43916600
2011-08-08,20.4338321685791,21.089646551259598,20.38048650204895,20.76644597843563,50096800
2011-08-09,20.923341751098633,20.98296211697883,19.953738738086578,20.653484423651346,43128400
2011-08-10,20.069833755493164,20.866853718644006,19.988249590943898,20.785268357091283,38237200
2011-08-11,20.857446670532227,21.121026909726496,20.054150579975275,20.082391490889492,38406600
2011-08-12,21.06768798828125,21.259098513279397,20.835485958975084,20.94844962599065,20310400
2011-08-15,21.400297164916992,21.46933076770827,21.105338672091875,21.171233730936027,23081600
2011-08-16,21.390880584716797,21.48815627981753,21.202608675435986,21.240264014895033,21413800
2011-08-17,21.739192962646484,21.761157987183477,21.387752570054605,21.481887363495378,23176000
2011-08-18,21.262231826782227,21.63250100112315,21.042579242067173,21.415986960277497,39569000
2011-08-19,21.05512809753418,21.425397220419296,20.979819813186737,21.190056737077246,30478200
2011-08-22,21.108474731445312,21.356367034037635,21.07709647413146,21.3406791023845,19652800
2011-08-23,21.670154571533203,21.670154571533203,21.12416522900489,21.171233812362484,23951200
2011-08-24,21.864696502685547,21.87410973750048,21.51011775861776,21.59797780889956,19475400
2011-08-25,21.3281307220459,21.83960334045281,21.262235652975654,21.83960334045281,25320000
2011-08-26,21.494434356689453,21.579155891301387,20.929616145917933,21.31557565561307,19849600
2011-08-29,21.880390167236328,21.918043112250345,21.610532889269017,21.63877259802953,17660600
2011-08-30,21.92119026184082,22.05298040914452,21.814501289732018,21.89608669263779,31678000
2011-08-31,22.106321334838867,22.20673320690796,21.858431395986955,21.924326462594056,22322800
2011-09-01,22.106321334838867,22.310283623293916,21.896084351757946,21.99335767951016,23530000
2011-09-02,21.88353157043457,21.96197841672349,21.80822326831938,21.877256876094872,17530000
2011-09-06,21.786256790161133,21.820773591740565,21.146130279971135,21.158682061818894,25784600
2011-09-07,22.216136932373047,22.231824857533198,21.936866488052534,21.968244732379425,21287400
2011-09-08,22.33224105834961,22.520512955264746,22.137694468940357,22.17221126267562,24867600
2011-09-09,21.767433166503906,22.169080662228186,21.566609418641765,22.156528878735816,32891200
2011-09-12,21.770565032958984,21.82077215704895,21.400295871821548,21.478742707706534,29144200
2011-09-13,21.83059310913086,21.903257505799868,21.666311844535056,21.7863634451883,21421800
2011-09-14,22.042268753051758,22.272896973753546,21.653679134361905,21.906419781479237,22250000
2011-09-15,22.43717384338379,22.43717384338379,22.067539183373853,22.086496475658226,21186000
2011-09-16,22.50352668762207,22.64569316041265,22.437179762627434,22.550913904994538,34620600
2011-09-19,22.269737243652344,22.332924213810937,22.099136039728823,22.137048221823978,28571200
2011-09-20,22.320283889770508,22.58250435824968,22.279211761974892,22.36451355790722,18313400
2011-09-21,21.887462615966797,22.45297328010467,21.884302665235253,22.38346882602772,23531000
2011-09-22,21.426206588745117,21.530463259913777,21.04709448855938,21.284040153759456,36341000
2011-09-23,21.29984474182129,21.391464063142536,21.126085954766822,21.28088985131932,24284400
2011-09-26,21.723180770874023,21.764250487976717,21.37566091981766,21.48623508919885,24008200
2011-09-27,21.979080200195312,22.244460603335035,21.88746091877422,22.15284132191394,22249200
2011-09-28,21.50202751159668,22.165477271103942,21.44832040850082,22.05806065457639,19032600
2011-09-29,21.814796447753906,22.00119252953766,21.543098584892103,21.77056678731926,21372600
2011-09-30,21.344066619873047,21.830595384282393,21.344066619873047,21.625241974384085,25026200
2011-10-03,20.6679744720459,21.141865676200432,20.573197677416175,21.03760903280596,38471200
2011-10-04,20.60795021057129,20.671134741301547,20.01084627176187,20.484736278077193,30800000
2011-10-05,20.702735900878906,20.724850737168904,20.393128192818935,20.683781015583588,23037800
2011-10-06,20.658498764038086,20.85121472936359,20.36152614658524,20.84173729014029,25205400
2011-10-07,20.81962776184082,21.012343776225553,20.658504023021294,21.012343776225553,18857800
2011-10-10,21.135560989379883,21.145038433549907,20.854385564097583,21.028144331333817,12354400
2011-10-11,21.103958129882812,21.23032720260687,21.037611233266453,21.081843301122547,11161000
2011-10-12,21.31879234313965,21.473596169260254,21.10080156019924,21.246127945380863,17549600
2011-10-13,21.29351806640625,21.350385123727424,21.132394335606936,21.265083332577664,12909400
2011-10-14,21.43568229675293,21.546256449506515,21.277718532723302,21.546256449506515,13503000
2011-10-17,21.167152404785156,21.435690423375547,21.11028533176182,21.426212979594435,20232800
2011-10-18,21.085002899169922,21.32194854916315,20.977588694800843,21.242966665832075,23650600
2011-10-19,21.176618576049805,21.426201574222556,21.126071432678383,21.163981187623104,15389400
2011-10-20,21.205059051513672,21.35038544231722,21.031297926457235,21.32195070806433,13323600
2011-10-21,21.543094635009766,21.5841643377874,21.312466524740838,21.46411276866682,23146600
2011-10-24,21.441999435424805,21.688422489918608,21.359857613815056,21.60944061807647,13609200
2011-10-25,21.151348114013672,21.460958167789016,21.10396091066591,21.454640677454606,14228200
2011-10-26,21.315631866455078,21.337746698212033,20.980749439753826,21.25876481188922,16041200
2011-10-27,21.663148880004883,21.827430121743035,21.51466256728518,21.77688297441421,26704600
2011-10-28,21.77688217163086,21.792679510402525,21.606281036305916,21.647350742642566,17307400
2011-10-31,21.584169387817383,21.81479755204619,21.574691947292443,21.688426054263385,18998600
2011-11-01,21.17978286743164,21.32510924862642,21.09764103098733,21.208215189468586,23682800
2011-11-02,21.41040802001953,21.50202729455368,21.277719033591783,21.299833864663075,14538600
2011-11-03,21.688430786132812,21.742137901048896,21.486237309701135,21.514669637479166,17363400
2011-11-04,21.413572311401367,21.53046639095351,21.25876846251924,21.47043937573264,15177200
2011-11-07,21.549415588378906,21.568370468041397,21.255602901931965,21.375656900689517,12513800
2011-11-08,21.688430786132812,21.710545622294514,21.419892801216026,21.574696654347946,12063600
2011-11-09,21.176618576049805,21.4799086672845,21.12291148298786,21.435679012958737,18243400
2011-11-10,21.29035758972168,21.404091701553117,21.13871371417039,21.35986203698933,16201600
2011-11-11,21.52098274230957,21.675786546548725,21.467273234020567,21.473593133977207,12882400
2011-11-14,21.416725158691406,21.473592204160752,21.299831117911225,21.416725158691406,9428600
2011-11-15,21.483070373535156,21.625236786872847,21.318789131226367,21.413565936672967,12217600
2011-11-16,21.17030906677246,21.41989215902108,21.138716788965258,21.378820028569052,17781400
2011-11-17,21.047094345092773,21.290357499158837,20.882810668552423,21.148191065142246,17467200
2011-11-18,21.29035758972168,21.391454310201187,21.135553763748423,21.23349053380596,18688400
2011-11-21,20.835418701171875,21.129231387255274,20.658500063645754,21.06920679828643,18588200
2011-11-22,20.84173583984375,20.964947361843876,20.70588692964677,20.728001756407426,11787600
2011-11-23,20.49422264099121,20.693256145355306,20.472107807172975,20.680618753125444,14089600
2011-11-25,20.453147888183594,20.649023827098613,20.453147888183594,20.582679334160254,7572600
2011-11-28,20.58899688720703,20.77223543607429,20.45630790092487,20.6174316187451,21318200
2011-11-29,21.06315040588379,21.161798614998105,20.6876477168046,20.73856206001528,21656200
2011-11-30,21.394100189208984,21.626401259458067,21.231806031029382,21.4291024313212,25300400
2011-12-01,21.26681900024414,21.505485973357576,21.219085120052256,21.320916264800147,15429000
2011-12-02,21.123613357543945,21.4959356102229,21.056786909074784,21.46729431639581,21170400
2011-12-05,21.101333618164062,21.3813709775597,20.964497843326207,21.30181535097595,17955200
2011-12-06,21.219079971313477,21.327274474172455,21.0472395010268,21.158616909218516,16730800
2011-12-07,21.250898361206055,21.34318317841451,21.066328726789145,21.177708545111606,16832800
2011-12-08,21.234989166259766,21.397280898354932,21.180889494382964,21.225440451567334,16118200
2011-12-09,21.502294540405273,21.559574688351596,21.29544942682994,21.355912479619125,18298200
2011-12-12,21.285911560058594,21.480027558892562,21.10452475778623,21.403654807368934,13380200
2011-12-13,21.15543556213379,21.40682923264205,21.09497250252417,21.349549078234332,14276200
2011-12-14,21.085418701171875,21.29226376437273,21.024955663107693,21.08223579710417,15762200
2011-12-15,21.285911560058594,21.44502287530965,21.25408978257758,21.292277372262394,13474600
2011-12-16,21.460927963256836,21.550029882218226,21.4036478113752,21.470474250596244,23957200
2011-12-19,21.43865203857422,21.59776329851596,21.390918175022666,21.46729089999806,11762000
2011-12-20,21.766420364379883,21.842793087666802,21.585033629170262,21.60094329810561,15931000
2011-12-21,22.138748168945312,22.211940441756887,21.7409698832967,21.804613437862084,18730400
2011-12-22,22.017818450927734,22.14828843062691,21.922350717219796,22.065549889936385,15586800
2011-12-23,22.256492614746094,22.266038905660675,22.02418901515809,22.03055482766522,9255200
2011-12-27,22.237384796142578,22.33921588698605,22.215109320890715,22.215109320890715,10099800
2011-12-28,22.119653701782227,22.291494197869397,22.084649021402665,22.218301931299653,8210000
2011-12-29,22.32649803161621,22.336044320840312,22.11965286299316,22.148291730665466,8734000
2011-12-30,22.266033172607422,22.367864295887035,22.266033172607422,22.275579461064027,7862000
2012-01-03,22.320125579833984,22.501512304665084,22.307396388706984,22.323308484576977,15639600
2012-01-04,22.180112838745117,22.297856067283984,22.116469293929608,22.246941717000695,14239200
2012-01-05,22.07509994506836,22.23421122567268,22.06873413425072,22.199206549712095,14287600
2012-01-06,21.935075759887695,22.157830525931555,21.836427567474683,22.106916191340755,13646600
2012-01-09,21.935075759887695,22.011448475696323,21.893707711292368,21.95735123649208,10522600
2012-01-10,22.0655517578125,22.122831917317036,21.992361926573416,22.10692224558249,12964400
2012-01-11,21.65822410583496,21.8841618054831,21.49593236739803,21.756874738751037,23428800
2012-01-12,21.502294540405273,21.798241566820433,21.432285200932544,21.772783183767615,15237000
2012-01-13,21.31772232055664,21.45774098252675,21.18406946750049,21.429099698103435,19991800
2012-01-17,21.432292938232422,21.600950538115825,21.422746648102557,21.55639956561251,15577000
2012-01-18,21.508665084838867,21.58185735352819,21.378195076974215,21.467297019485848,13282200
2012-01-19,21.464111328125,21.55639616456337,21.40365069089302,21.52775729869225,13544800
2012-01-20,21.667776107788086,21.677324825372057,21.448204160273008,21.492755130948286,19158600
2012-01-23,21.807785034179688,21.836426318372606,21.61048866063954,21.639127516987735,13803200
2012-01-24,21.607311248779297,21.798244289836532,21.546848188437124,21.690049790114056,14751200
2012-01-25,21.77596664428711,21.79824212306549,21.49274880217124,21.6104920059113,14476000
2012-01-26,21.64231300354004,21.836428923653298,21.562757378177064,21.836428923653298,14721000
2012-01-27,21.460927963256836,21.68368276066031,21.394101524035793,21.6104929391614,16825000
2012-01-30,21.467287063598633,21.502291728757776,21.330451307388724,21.413189827568946,10591600
2012-01-31,21.48956298828125,21.632764556339087,21.37818560946611,21.632764556339087,13543400
2012-02-01,21.591394424438477,21.747322757256576,21.575484757409175,21.60094071022502,14915000
2012-02-02,21.585046768188477,21.71551681539508,21.559588368981043,21.66141953796421,13150000
2012-02-03,21.664588928222656,21.795058894028642,21.58821377825104,21.721869076778837,16555800
2012-02-06,21.648677825927734,21.712323787160436,21.54366381077765,21.588214769717958,14586400
2012-02-07,21.814159393310547,22.100557780427952,21.521392766989578,21.667774866227223,24269600
2012-02-08,21.744140625,21.90961523100572,21.702770152615102,21.906432326704277,16428400
2012-02-09,21.62958335876465,21.763236223890157,21.56593740310134,21.7536899375019,16311400
2012-02-10,21.620040893554688,21.620040893554688,21.454563807428226,21.489568482268616,10994600
2012-02-13,21.77914810180664,21.830062437982786,21.667768287471752,21.772782292381535,11091000
2012-02-14,21.9255313873291,21.935077674157675,21.670952408623467,21.788695611147713,12596000
2012-02-15,21.766420364379883,22.03690901473176,21.712323119878526,22.03054563272664,14776800
2012-02-16,21.91280174255371,21.954169793903922,21.772783064376046,21.833246116833678,11752000
2012-02-17,21.973268508911133,22.01145366188995,21.830066901704264,21.979631891792458,14841800
2012-02-21,21.900070190429688,21.97326242645434,21.798239097598493,21.91916276163405,13424800
2012-02-22,22.036909103393555,22.065547964299462,21.830063983641054,21.830063983641054,13766400
2012-02-23,22.014636993408203,22.05282457497168,21.93189844727674,21.985995700274223,11120000
2012-02-24,21.957355499267578,22.116466771001402,21.90325824956096,22.06873290391219,12485400
2012-02-27,21.903255462646484,21.95735270546991,21.804604835788744,21.85870450645719,12086200
2012-02-28,21.90962028503418,21.9891759160095,21.893710615546226,21.941442051855272,9049000
2012-02-29,22.231033325195312,22.26922091516199,21.925539888999918,21.925539888999918,23464400
2012-03-01,22.14828109741211,22.262841368793023,22.081454677080664,22.234202514870052,15294200
2012-03-02,22.014636993408203,22.148289887112156,21.947810546556227,22.087829251110165,11995800
2012-03-05,22.030548095703125,22.065550342412116,21.95735584131345,21.963719224029983,10338600
2012-03-06,21.880983352661133,21.985994949645885,21.842795772401423,21.900075928868286,13161200
2012-03-07,21.89053726196289,21.938271146944743,21.798252398423635,21.87780806411131,10933800
2012-03-08,22.04326820373535,22.116460436019864,21.989170969524203,22.014629348392262,33754800
2012-03-09,22.119653701782227,22.192843540506196,22.056007724798583,22.094195310988766,36742600
2012-03-12,22.323314666748047,22.383775306538947,22.065552723770896,22.110106118976404,18143600
2012-03-13,22.518848419189453,22.531670832760827,22.281639882182336,22.281639882182336,18068000
2012-03-14,22.509233474731445,22.637455171964948,22.470766231873757,22.52205588901734,12918000
2012-03-15,22.544490814208984,22.54769458303721,22.36818570365422,22.525255973114337,17991400
2012-03-16,22.490001678466797,22.58616611974841,22.40024477606156,22.560521290489767,22898800
2012-03-19,22.566925048828125,22.60859604614136,22.438703397432164,22.50601921414951,10652400
2012-03-20,22.627838134765625,22.685537780339057,22.41627439808014,22.448329213259683,10180400
2012-03-21,22.797731399536133,22.887485852799493,22.550904207436464,22.592577664755474,19870800
2012-03-22,22.89389991760254,22.945189583252162,22.7400358119054,22.762474429220642,14252800
2012-03-23,22.916337966918945,22.95159899977262,22.852228332071785,22.887489364925464,16206600
2012-03-26,23.04776382446289,23.04776382446289,22.948390720075118,22.996474164698157,11536400
2012-03-27,23.038156509399414,23.0734175526798,22.96763442283864,23.022127873135044,11430400
2012-03-28,23.291385650634766,23.342672866609355,23.047764649284872,23.066997049572134,26260600
2012-03-29,23.660018920898438,23.84594026964277,23.166366949556032,23.19201177951227,41063600
2012-03-30,23.724132537841797,23.765803555010077,23.499743929578,23.599117040711207,26555800
2012-04-02,23.765792846679688,23.78502523891848,23.60551638969068,23.66642222594639,14579000
2012-04-03,23.64398956298828,23.74656642342016,23.54782268637234,23.61513852175339,12989200
2012-04-04,23.547821044921875,23.59269826538098,23.467682801869884,23.493327626596543,12487400
2012-04-05,23.551034927368164,23.56706111382145,23.422813207612425,23.49012906021836,11531400
2012-04-09,23.35870361328125,23.43563566702508,23.317030148049508,23.387552216325474,9806800
2012-04-10,23.086223602294922,23.278557338953558,23.063784992434755,23.26573492680131,17290600
2012-04-11,23.1182861328125,23.230479207724198,23.02852922725753,23.217656792644917,12026600
2012-04-12,23.150341033935547,23.163163449062594,23.022119328290703,23.12790241886962,10640600
2012-04-13,23.060585021972656,23.272148743269184,23.060585021972656,23.15033947619697,10525600
2012-04-16,23.22085952758789,23.33305258568462,23.124692651719123,23.15033747803416,14147600
2012-04-17,23.70490074157715,23.874795938722635,23.458075930914724,23.458075930914724,22614400
2012-04-18,23.775419235229492,23.833118882306135,23.634377555639905,23.66322615636538,11779800
2012-04-19,23.663225173950195,23.829911677681533,23.53500346958923,23.81388549315241,10731200
2012-04-20,23.762590408325195,23.83311245190532,23.637574947660443,23.708096991240566,13461000
2012-04-23,23.621551513671875,23.743360774077363,23.50615223723496,23.714512177780794,10472200
2012-04-24,23.759389877319336,23.83311569974546,23.62796196989613,23.695277808225562,10288000
2012-04-25,24.019033432006836,24.05750066769811,23.820289716039426,23.89401797304145,18596000
2012-04-26,24.269075393676758,24.35241988612159,23.983783324611945,24.025454348021306,16782000
2012-04-27,24.56396484375,24.945423530718386,24.33637260604699,24.349195013954457,25103000
2012-04-30,24.464609146118164,24.650530505624513,24.339593649877006,24.496663962606153,26517600
2012-05-01,24.66014862060547,24.682587238451752,24.45178862881803,24.53513311465819,13841000
2012-05-02,24.733875274658203,24.762723876147522,24.567186313967365,24.599241130830755,16558600
2012-05-03,24.823623657226562,24.88773327524361,24.746689180855906,24.797978831769676,15612000
2012-05-04,24.68258285522461,24.874914180555805,24.669760440785797,24.781953510093537,13160800
2012-05-07,24.7723331451416,24.826826563124232,24.634495270134018,24.672962506982092,8965400
2012-05-08,24.727458953857422,24.77233617953136,24.560772465014985,24.685787943053157,10561600
2012-05-09,24.612056732177734,24.743484624241695,24.519096077074582,24.551150885062718,14070800
2012-05-10,24.814016342163086,24.906974587878032,24.746698039833447,24.74990425556963,12659200
2012-05-11,24.8332462310791,24.919794482185118,24.746695534347293,24.746695534347293,10604000
2012-05-14,24.640901565551758,24.76271078347934,24.5607633429515,24.721039788152012,15411800
2012-05-15,24.544742584228516,24.7306639071795,24.44537193896603,24.541536369522394,16397800
2012-05-16,24.467824935913086,24.63130529766073,24.336396957570056,24.573608072780402,17804400
2012-05-17,24.079940795898438,24.45819341103253,24.038267343198182,24.416519958332273,22310800
2012-05-18,23.736942291259766,24.134427186878337,23.551021029609753,24.121604777906843,31913000
2012-05-21,23.88440704345703,23.913255642369567,23.76259532638044,23.78824015583083,13488800
2012-05-22,23.781831741333008,23.906847236125138,23.69207727795668,23.906847236125138,15260600
2012-05-23,23.897233963012695,23.903643948770856,23.663229130010674,23.720928784338156,18000000
2012-05-24,24.220977783203125,24.31393842321174,23.913247274359783,23.97415311158518,20204600
2012-05-25,24.11520767211914,24.262661785585166,24.04468560793414,24.240223169310465,8999600
2012-05-29,24.188926696777344,24.27547736777673,24.060705020319958,24.27547736777673,10533800
2012-05-30,24.060705184936523,24.121611031936123,23.98377315678577,24.063911399416785,13884600
2012-05-31,23.954923629760742,24.11199389442113,23.932485020523547,24.02864944055797,15147600
2012-06-01,23.429231643676758,23.865184180712937,23.403589246977454,23.717730005778165,20843400
2012-06-04,23.605525970458984,23.637580785741935,23.259328095901584,23.409988417919653,13397200
2012-06-05,23.477296829223633,23.605518495377545,23.416393433159797,23.506147865780076,12275200
2012-06-06,23.916461944580078,23.916461944580078,23.496538254708756,23.52538685372638,12496400
2012-06-07,23.810672760009766,24.060703669975553,23.785027937032524,24.038265061276697,14342800
2012-06-08,24.1184024810791,24.16007592841033,23.769000950954826,23.7722071651245,11594200
2012-06-11,23.9324893951416,24.29150720856161,23.91966698100154,24.272274810164234,10657200
2012-06-12,24.1055850982666,24.121613726833576,23.829909317167047,24.035065491197834,11911200
2012-06-13,24.105592727661133,24.24759748591454,24.034589117371816,24.079772785314976,9376200
2012-06-14,24.444461822509766,24.528375375085886,24.108810074529664,24.137858115250943,13945400
2012-06-15,24.557422637939453,24.592924433298187,24.341186220626835,24.567106960393737,19748800
2012-06-18,24.521934509277344,24.663939293271454,24.4541565327515,24.515478291357894,10457200
2012-06-19,24.444461822509766,24.609060820398668,24.418644351376205,24.609060820398668,11115400
2012-06-20,24.386369705200195,24.444463327896006,24.153995214416945,24.428327715234385,14706800
2012-06-21,24.099140167236328,24.5251594312827,24.083004547565803,24.460612027949395,12804000
2012-06-22,24.1862735748291,24.302460830839347,24.16045363742132,24.189499220261503,15252800
2012-06-25,24.131412506103516,24.154004342226877,23.937767844713907,24.0313632978894,9734200
2012-06-26,24.23145866394043,24.321825987875147,23.94744426034572,24.20241061706147,11859400
2012-06-27,24.638107299804688,24.68329341617072,24.283091819910496,24.283091819910496,13644400
2012-06-28,24.712345123291016,24.74461881813406,24.42833316141709,24.560656048971104,10891200
2012-06-29,25.235185623168945,25.235185623168945,24.876941978592477,24.89307759343136,18519800
2012-07-02,25.470792770385742,25.496612715992978,25.17709889166143,25.206144483725417,13350200
2012-07-03,25.548242568969727,25.612789945300772,25.403007278738016,25.461100902365786,7335000
2012-07-05,25.319093704223633,25.541786338381847,25.238408252696694,25.503056435212073,10546400
2012-07-06,25.222272872924805,25.267456529211575,25.122221237725878,25.180314861855237,10036000
2012-07-09,25.16740608215332,25.24163531558437,25.080264419208824,25.193223554206813,8615600
2012-07-10,25.16740608215332,25.348140698150107,25.115766213397404,25.344912590771745,11583400
2012-07-11,24.99958038330078,25.157723181231795,24.899531209839783,25.141587568077384,13645600
2012-07-12,24.73493194580078,24.938258398220345,24.696202042438898,24.860801053821167,19104000
2012-07-13,24.941482543945312,25.041531700498908,24.638104504945122,24.731699909792503,13307400
2012-07-16,24.68329429626465,24.980216165503073,24.592924522634878,24.88339263920488,17575600
2012-07-17,25.073814392089844,25.386874371542852,24.773664381743902,25.19322729726173,21209600
2012-07-18,24.99312973022461,25.07058708501624,24.793028896160912,25.057677115496816,13852000
2012-07-19,25.028635025024414,25.044770642432674,24.689755049222626,25.018950699789148,18050400
2012-07-20,24.86079978942871,24.96407706414991,24.783342448968924,24.9382571298885,16436000
2012-07-23,24.81238555908203,24.851115456619972,24.64778903477525,24.70588264992006,10655800
2012-07-24,24.741390228271484,24.834983193482067,24.560653126471387,24.81884757914308,10445800
2012-07-25,24.85757064819336,24.92212048116215,24.76397769945623,24.83497882223537,9020400
2012-07-26,25.44818115234375,25.467547327658355,25.077027725300333,25.077027725300333,14144600
2012-07-27,25.82257080078125,25.89680003212338,25.46432722392307,25.512738983938252,17825000
2012-07-30,26.18081283569336,26.19694844653183,25.680562115539942,25.745109483542333,15947800
2012-07-31,26.07754135131836,26.24859413054176,25.945216016553207,26.045265197836752,16333600
2012-08-01,26.14531707763672,26.222774429577754,26.009763633833884,26.13240710859241,12954600
2012-08-02,25.738656997680664,26.14208422334964,25.66442530473485,26.05494502602787,13393200
2012-08-03,26.087230682373047,26.138868110545083,25.82258239938691,25.88067604503389,11834200
2012-08-06,26.02589988708496,26.222772592147365,26.019446134177436,26.145315245633768,9179400
2012-08-07,25.745113372802734,26.135633133882237,25.738659619957243,26.090447014665287,12782800
2012-08-08,25.677343368530273,25.81935058469012,25.612795976998612,25.7257551433416,8790200
2012-08-09,25.574060440063477,25.748341313658756,25.441737577828395,25.648292140091407,9583400
2012-08-10,25.428831100463867,25.564382088869934,25.370737467957706,25.548246473483466,40577600
2012-08-13,25.367511749267578,25.42560538724547,25.206140806254012,25.373967965890223,8898200
2012-08-14,25.419147491455078,25.606335883485432,25.33523392530885,25.561152223789335,10841200
2012-08-15,25.399776458740234,25.528873659940395,25.322319122949864,25.444960109811646,7692500
2012-08-16,25.52887535095215,25.58051521978252,25.373960669109984,25.432054290381913,8824100
2012-08-17,25.515968322753906,25.645065547375186,25.348143654373576,25.599881888106452,10541000
2012-08-20,25.47723388671875,25.5546912153033,25.341680483790686,25.522417533586744,9211800
2012-08-21,25.341686248779297,25.619244406866823,25.32232252780912,25.438509778279464,8329000
2012-08-22,25.02539825439453,25.335230071896763,24.97375838698196,25.264226485366674,13479200
2012-08-23,24.599382400512695,25.070585171545794,24.541288773271646,25.05122144990702,14973300
2012-08-24,24.831758499145508,24.883395914262852,24.573564036584138,24.573564036584138,9317800
2012-08-27,24.638107299804688,24.889847966739136,24.605833612964208,24.889847966739136,9589400
2012-08-28,24.52838897705078,24.734943634608307,24.379927970826667,24.61875633194148,16148800
2012-08-29,24.179821014404297,24.56065653060055,24.12818359410784,24.56065653060055,23435400
2012-08-30,23.97325897216797,24.289546999301205,23.966805220004762,24.128176109652983,17041800
2012-08-31,24.14108657836914,24.257273818318172,23.97971568536487,24.14754033066657,20710300
2012-09-04,24.063629150390625,24.263729963889833,24.02490170813731,24.21854630637786,17293400
2012-09-05,24.212085723876953,24.283089304967007,23.953893793569005,24.115264673383052,20839200
2012-09-06,24.62520408630371,24.72202516369792,24.334735929471282,24.38637334494988,19851400
2012-09-07,24.46384048461914,24.85112983477631,24.360563160422185,24.77367245721,16391700
2012-09-10,24.308910369873047,24.515464908677785,24.263726718404783,24.502554942211948,18216900
2012-09-11,24.379919052124023,24.418648959619976,24.24436806937546,24.28955173029165,16505000
2012-09-12,24.40266990661621,24.58463557940087,24.376674456352315,24.55864012913698,14632200
2012-09-13,24.922561645507812,25.013545703648752,24.441658304930485,24.51964216141776,23803400
2012-09-14,24.773094177246094,25.052539044896765,24.701607934954666,25.052539044896765,25087400
2012-09-17,24.922561645507812,24.942059468926207,24.714603042167006,24.799086999481112,23594400
2012-09-18,25.098020553588867,25.34497225948516,24.89006200516929,24.94205288180491,24373700
2012-09-19,25.03303337097168,25.22149657215903,24.961547158172248,25.124014922148653,26276800
2012-09-20,25.11101722717285,25.260487272684433,24.942051843265382,24.948549463043562,26953000
2012-09-21,24.714597702026367,25.176008077611485,24.61711852224535,25.169507978189145,98967500
2012-09-24,24.773094177246094,24.851080521052584,24.571635653401913,24.571635653401913,21902000
2012-09-25,24.487144470214844,24.87056853754119,24.474146750077825,24.831575377130132,20299200
2012-09-26,24.53913116455078,24.818575930402055,24.526135924379457,24.55212888378357,16677400
2012-09-27,24.89657211303711,24.922565082742995,24.630124960817835,24.734104276828713,15176100
2012-09-28,24.64961814880371,24.838081417272946,24.630122803466282,24.8055858696276,22721200
2012-10-01,24.94206428527832,25.08503430326905,24.792594165205582,24.799091788225013,16671400
2012-10-02,24.916061401367188,25.143515325125122,24.76659132588885,25.059033855764657,10276000
2012-10-03,24.85107421875,25.033037350027378,24.78608561539255,24.90306262237422,13637100
2012-10-04,24.909561157226562,25.052531117506977,24.81857711824247,24.99404261769085,9654500
2012-10-05,25.07203483581543,25.085030079666268,24.857576126344192,25.013546322238014,12287900
2012-10-08,25.07203483581543,25.13702097131826,24.98105077542444,25.04603938998943,9434600
2012-10-09,25.05903434753418,25.234499868903075,24.994045740140947,25.02004118309824,13078700
2012-10-10,24.753591537475586,25.169508665649047,24.727596097199335,25.11752026415818,13754500
2012-10-11,24.766586303710938,24.877063193116008,24.708097809596097,24.82507479782578,10843800
2012-10-12,24.844573974609375,24.948553260315737,24.76659013009503,24.86406931597253,12059700
2012-10-15,24.77959442138672,24.8575782865797,24.70160807713136,24.7535989733016,13785100
2012-10-16,24.630125045776367,24.83808367851545,24.3311823420343,24.81208822965745,25811800
2012-10-17,24.526134490966797,24.792581522012973,24.500139054020508,24.73409302841448,15449600
2012-10-18,24.591123580932617,24.740593642874586,24.34417185817294,24.53913270074674,23063300
2012-10-19,24.305177688598633,24.65610616323844,24.305177688598633,24.64960854367861,19864500
2012-10-22,24.194700241088867,24.357168012634503,24.019234750332203,24.28568179650459,13340500
2012-10-23,23.791780471801758,24.032232075610647,23.74628969483957,24.019234356612678,13287300
2012-10-24,23.967247009277344,24.071226286753234,23.78528141439839,23.78528141439839,13531400
2012-10-25,24.10372543334961,24.168711568535716,23.947755238215947,24.045236920057256,10457900
2012-10-26,24.071229934692383,24.21419991347505,23.902262033773916,24.12321834177829,11896500
2012-10-31,24.16221046447754,24.311680537114253,23.993242570845226,24.14921274350107,11643500
2012-11-01,24.259693145751953,24.409163224632984,24.142716131138645,24.142716131138645,10622300
2012-11-02,24.09722137451172,24.467647700059523,24.04523049700112,24.422156921768494,11237500
2012-11-05,23.89575958251953,24.038732011465278,23.804778029212745,24.012736573645796,12139600
2012-11-06,24.31818199157715,24.357175160653423,23.954255663114008,23.993246353128097,11448400
2012-11-07,23.86327362060547,24.29868617777696,23.655315014335187,24.227199942047402,16745000
2012-11-08,23.629314422607422,24.11671776472701,23.629314422607422,23.81777764320178,12921700
2012-11-09,23.58382225036621,23.73329230230678,23.427852099306538,23.427852099306538,11520300
2012-11-12,23.447359085083008,23.583831471204977,23.38887056545039,23.583831471204977,10169700
2012-11-13,23.49934196472168,23.759291430504422,23.382364953025625,23.41485801648301,12105200
2012-11-14,23.4018611907959,23.629317601825228,23.31087961800894,23.518838206968255,13508300
2012-11-15,23.67481231689453,23.707305386987322,23.3043858638996,23.330381311598767,17643600
2012-11-16,23.759288787841797,23.81777728718435,23.570825570064503,23.71379800824887,15624800
2012-11-19,24.201208114624023,24.23370118355894,23.921763259471714,23.947756227182296,14076200
2012-11-20,24.207698822021484,24.22069654169519,23.947749386670463,24.19470110234778,12278600
2012-11-21,24.298683166503906,24.350674051159448,24.188206255203617,24.259692482074076,8631300
2012-11-23,24.64961814880371,24.662615872049408,24.363675674585103,24.402666365259964,5365500
2012-11-26,24.279190063476562,24.552134795905445,24.19470610765055,24.422162530403345,13217000
2012-11-27,24.31818199157715,24.558636148954218,24.266193578537635,24.331179714602573,11873700
2012-11-28,24.576648712158203,24.583190917351185,24.079356251037364,24.249483538921087,14846300
2012-11-29,24.844921112060547,24.844921112060543,24.53738508689512,24.65516473499797,12433700
2012-11-30,24.81218719482422,24.85144788517052,24.6420625287976,24.82527409160632,13039500
2012-12-03,24.458864212036133,24.82528753609536,24.426148200398227,24.79911622442805,12864900
2012-12-04,24.308372497558594,24.530844907218547,24.301827796528308,24.413065249394332,11794200
2012-12-05,24.413063049316406,24.53738490089507,24.262567388119542,24.34108632090228,14561400
2012-12-06,24.458864212036133,24.49812242757294,24.406516596558134,24.432690404297134,8974700
2012-12-07,24.674787521362305,24.69441912173007,24.465402088628643,24.498118094479917,10654700
2012-12-10,24.628984451293945,24.720590265501006,24.543920839785432,24.668245155698926,8603200
2012-12-11,24.772945404052734,24.858009041426442,24.58973371992967,24.622449735512788,10671300
2012-12-12,24.628984451293945,24.818740778477846,24.537378637086885,24.79256697554119,14681700
2012-12-13,24.602813720703125,24.72713805214197,24.557010807879827,24.668248236216083,11442100
2012-12-14,24.642072677612305,24.71404939152223,24.537379956308246,24.550466858480174,11800900
2012-12-17,24.537370681762695,24.7467560452281,24.458851794480772,24.727126947425226,17588900
2012-12-18,24.3934326171875,24.66825263925145,24.29528457050694,24.557015191060426,17952100
2012-12-19,24.066255569458008,24.399965252950462,24.05971336800967,24.37379145501561,17991900
2012-12-20,24.24293327331543,24.27564928391559,23.981202692442558,24.00737400327972,16182700
2012-12-21,24.13823890686035,24.334537453237537,23.90267965277915,24.210215622948656,27942400
2012-12-24,24.03354835510254,24.079351270195573,23.92885562116536,24.02700615126282,4851800
2012-12-26,23.830698013305664,24.07934411858497,23.71292090666907,24.013912115334538,9982100
2012-12-27,23.830698013305664,23.915761614387964,23.686747106940526,23.784895111816176,11380600
2012-12-28,23.5362606048584,23.830707229428516,23.523173699932986,23.699843172318193,14053400
2012-12-31,23.719467163085938,23.73909626820221,23.281067175013497,23.47736571439028,15651400
2013-01-02,24.602813720703125,24.602813720703125,23.987744251310588,24.20367440839603,21872400
2013-01-03,24.602813720703125,24.602813720703125,24.282193330940036,24.504665691541003,16357900
2013-01-04,24.642072677612305,24.779481406310506,24.550466858480174,24.635530474562024,15311300
2013-01-07,24.40652084350586,24.550474315047826,24.27565427811063,24.550474315047826,14610200
2013-01-08,24.236398696899414,24.393436595629165,24.1513350457119,24.33454675958741,14324300
2013-01-09,24.229846954345703,24.3410843883555,24.098982908788305,24.3410843883555,10563700
2013-01-10,24.184036254882812,24.321444956132282,24.053169755376757,24.288728955273484,15603700
2013-01-11,24.151323318481445,24.170952422273203,23.896134984903867,24.105520412253224,15644800
2013-01-14,24.20367431640625,24.282193238651836,24.07934998543992,24.177500510300547,11001500
2013-01-15,24.419601440429688,24.491578157604252,24.079349456740875,24.203673784977475,12721600
2013-01-16,24.419601440429688,24.485033458185757,24.28873490884607,24.347624723255123,9168000
2013-01-17,24.543928146362305,24.64207868855796,24.426150990228283,24.4915830209774,12121800
2013-01-18,24.668241500854492,24.67478370258375,24.41305320020886,24.530832799902363,14056100
2013-01-22,24.29528045654297,24.694422268577018,24.242932843653197,24.694422268577018,21249400
2013-01-23,24.29528045654297,24.380341583381504,24.236390640077758,24.262564446522642,13570200
2013-01-24,24.28219223022461,24.3737980517187,24.210215514458845,24.341082043481016,13258900
2013-01-25,24.24293327331543,24.373799811787674,24.151327445206345,24.32799689773313,14040700
2013-01-28,24.216760635375977,24.282195155806498,24.118612598837792,24.25602134763429,13386500
2013-01-29,24.485027313232422,24.58317781130539,24.11860411204449,24.13169101152561,17705800
2013-01-30,24.537370681762695,24.60934736846713,24.4195911028046,24.47193869170616,13219400
2013-01-31,24.367259979248047,24.55701385762235,24.282196346552894,24.55701385762235,12969100
2013-02-01,24.563552856445312,24.674787776704996,24.452315440114354,24.563552856445312,11932600
2013-02-04,24.439233779907227,24.58973193358609,24.40651776670079,24.524297411101408,9456300
2013-02-05,24.956144332885742,24.969231231644567,24.576634253162673,24.576634253162673,17897300
2013-02-06,25.06739044189453,25.145909365683004,24.86454718469676,24.94961080817603,16823700
2013-02-07,25.45999526977539,25.55814582629846,25.093569354304584,25.139372281729393,18805300
2013-02-08,25.36838150024414,25.47961643326525,25.257144071151473,25.420726616938907,12308000
2013-02-11,25.263689041137695,25.40764248171403,25.132822503892992,25.329121061724255,12159900
2013-02-12,24.576648712158203,24.969245921613872,24.393434517816335,24.936529903504596,30700500
2013-02-13,24.347627639770508,24.825288415607233,24.216761092510854,24.64861895121747,19943800
2013-02-14,24.10552215576172,24.543922145960863,24.01391633667959,24.36725520691468,22748600
2013-02-15,24.485027313232422,24.485027313232422,23.909218712488286,24.170949213898115,25204300
2013-02-19,24.648609161376953,24.714043657053644,24.511200464562076,24.54391646436503,14850600
2013-02-20,24.687875747680664,24.786026266572545,24.478490303711276,24.668246642330843,12949300
2013-02-21,24.674787521362305,24.727135127581345,24.49157589173816,24.61589771240151,14135100
2013-02-22,25.204801559448242,25.204801559448242,24.674793157733237,24.70750917105771,20102800
2013-02-25,24.681339263916016,25.33566955196408,24.681339263916016,25.23097680571927,15874600
2013-02-26,24.9365291595459,24.988874287744633,24.720598953536836,24.83183640707632,15770000
2013-02-27,25.158994674682617,25.217884487810057,24.812197999122624,24.884174714730765,14271100
2013-02-28,25.335662841796875,25.499245370483948,25.139361810515346,25.1720803131098,19005500
2013-03-01,25.322586059570312,25.381475893274494,25.185177279617978,25.185177279617978,13724500
2013-03-04,25.401098251342773,25.401098251342773,25.15899677541335,25.257144808106645,9934300
2013-03-05,25.30949592590332,25.518881419919463,25.23097698966526,25.505794514534458,13240700
2013-03-06,25.531957626342773,25.545044526243817,25.3225722200679,25.388004223502197,11653900
2013-03-07,25.597396850585938,25.64319976512475,25.4141851924307,25.54505173228657,15094900
2013-03-08,25.66282844543457,25.793692474312785,25.53850412350037,25.630109942143662,11183600
2013-03-11,25.721721649169922,25.767524564532287,25.636658022323374,25.649744926151435,9200400
2013-03-12,25.492712020874023,25.721729160636976,25.388019255748002,25.702097551126066,11375900
2013-03-13,25.433385848999023,25.61792373350143,25.40702257574436,25.58497089900316,14358300
2013-03-14,25.716787338256836,25.782693013883517,25.47952288337619,25.5849734728631,14572500
2013-03-15,25.591567993164062,25.664063237621296,25.47952531692905,25.58497591648756,20781900
2013-03-18,25.545425415039062,25.664057627878908,25.420203641103694,25.446566913765896,11479900
2013-03-19,25.92109489440918,25.9672293629483,25.584969464607063,25.650875129908666,15192000
2013-03-20,26.276987075805664,26.309939906034845,25.940864184844326,25.967227454683588,19271900
2013-03-21,26.408815383911133,26.646079914215033,26.204503701895852,26.26381983447183,23063600
2013-03-22,26.389028549194336,26.547203132959236,26.290167548736513,26.34948364618327,16128500
2013-03-25,26.441762924194336,26.52744232385811,26.336312322354566,26.435173361515893,15718400
2013-03-26,26.817432403564453,26.824024480765356,26.448356532819858,26.448356532819858,13666500
2013-03-27,26.507667541503906,26.71856871669872,26.4022169539065,26.65925260404141,14559900
2013-03-28,26.65265464782715,26.75810521215935,26.375847859257526,26.613112257539925,14227200
2013-04-01,26.659255981445312,26.685619260219653,26.474715544165576,26.619711063283802,8200500
2013-04-02,26.83720588684082,26.955838134013753,26.63948379879207,26.64607587593545,13359200
2013-04-03,26.47470474243164,26.90309904823666,26.415391160600404,26.876735780218585,13639200
2013-04-04,26.718563079833984,26.751515910104743,26.494480314197112,26.540614779404134,11435900
2013-04-05,26.415403366088867,26.59994129920365,26.369266368669397,26.501080255526002,10729500
2013-04-08,26.929473876953125,26.936063439716705,26.211090856969662,26.40222086094249,22757900
2013-04-09,26.830596923828125,27.107406164401663,26.698783119466405,26.89650508307859,21056100
2013-04-10,27.06787872314453,27.13378441075403,26.830614225125014,26.87674870927983,9703700
2013-04-11,27.140369415283203,27.291954468595,27.061282107933604,27.107416580065884,10962500
2013-04-12,27.074460983276367,27.09423217956208,26.810833300147287,26.962418337997537,10394700
2013-04-15,26.421981811523438,27.015142795724152,26.395618542416802,26.922871353850926,16050600
2013-04-16,27.92465591430664,27.99715365496907,27.186501900010995,27.28536291257612,32135700
2013-04-17,28.043289184570312,28.142150200875225,27.70057417929073,27.773071922695653,24208000
2013-04-18,27.7467098236084,28.109198555967946,27.740120262174674,27.997155898473128,16034200
2013-04-19,28.115785598754883,28.188283338732354,27.812615517158147,27.865339546325423,13875800
2013-04-22,28.155338287353516,28.241015172695832,27.944437084119013,28.023524406796785,10544100
2013-04-23,28.14215850830078,28.313514804454062,27.852167449077168,28.19488255552455,11216200
2013-04-24,27.77967071533203,28.273970888102063,27.746715359168142,28.10261208695633,11368200
2013-04-25,27.911481857299805,28.036706175770412,27.73353600898803,27.85216573648232,10197100
2013-04-26,27.7467098236084,27.96420306302413,27.740120262174674,27.799436371638947,15159800
2013-04-29,27.838985443115234,27.871938283488937,27.628081733614298,27.838985443115234,11311100
2013-04-30,27.898283004760742,27.93782538125115,27.601702610388237,27.77965084701174,13432200
2013-05-01,27.819217681884766,28.049892642154493,27.77308319265904,27.77967527062906,8710600
2013-05-02,27.654428482055664,27.78624227890373,27.34466895072263,27.4567090438531,18709600
2013-05-03,27.838985443115234,27.95761516563245,27.654445011569486,27.792848449623374,11757800
2013-05-06,27.733537673950195,27.871941126119708,27.595131707639858,27.871941126119708,9356100
2013-05-07,28.14215850830078,28.148748071400945,27.779672198412086,27.819214605294707,13785300
2013-05-08,27.98396110534668,28.128956530123702,27.786241671466474,28.036687628588872,12636300
2013-05-09,27.759889602661133,28.04988056913983,27.68080230004877,28.016925221756328,10113700
2013-05-10,27.77967071533203,27.838986836630063,27.581948634911466,27.753307436057195,9927000
2013-05-13,27.8060302734375,27.970796990541835,27.68080847352881,27.773077432844747,9291000
2013-05-14,28.02351951599121,28.122378023549977,27.687394053526823,27.799436712395025,13023900
2013-05-15,28.287145614624023,28.405777838771417,27.937841018045752,28.01033876770697,12306200
2013-05-16,28.399192810058594,28.623275656533426,28.20147324296685,28.280560566975407,12330000
2013-05-17,28.320087432861328,28.425537969031485,28.049870276791612,28.37281144387686,12611200
2013-05-20,27.931249618530273,28.306917465565782,27.878523071649436,28.306917465565782,9966000
2013-05-21,27.904890060424805,28.04988556951208,27.726941712219634,27.997159015611082,9148800
2013-05-22,27.845579147338867,28.247610396462406,27.707175688698584,27.865350351675787,13615600
2013-05-23,27.634666442871094,27.72693537697512,27.390812472147605,27.63466644287109,10934200
2013-05-24,27.838985443115234,27.924662325258748,27.351274857506525,27.377638135461712,11542100
2013-05-28,28.043289184570312,28.372822553399907,27.944430682405486,28.07624201862526,14412100
2013-05-29,27.285358428955078,27.964196226990758,27.226042333991018,27.904880132026697,16986600
2013-05-30,26.870155334472656,27.417179503626947,26.856973695992494,27.34468426319674,20874500
2013-05-31,26.3560848236084,26.870156169610095,26.3560848236084,26.7910688504115,26184400
2013-06-03,26.896522521972656,26.916293725497244,26.11882333755492,26.329724555619983,16577200
2013-06-04,27.298547744750977,27.496269811241113,26.988788034588083,27.410590416704757,19241000
2013-06-05,26.791067123413086,27.28536723628683,26.75811177124253,27.28536723628683,16429300
2013-06-06,26.883329391479492,26.88332939147949,26.56697769959251,26.72515228846612,11171600
2013-06-07,27.29195213317871,27.502853277490598,27.008553249108367,27.153548728625275,14459600
2013-06-10,27.140369415283203,27.364452214557204,27.048100471018643,27.351270577642243,11247400
2013-06-11,26.883329391479492,27.008551150516077,26.626293798955054,26.942645490842033,16491600
2013-06-12,26.80370330810547,27.168695053404516,26.730704452742042,27.06915323096918,11611100
2013-06-13,26.816967010498047,26.863420351600105,26.332523216492838,26.750605817928598,17861200
2013-06-14,26.77052116394043,27.069151677140542,26.717430169807994,26.79706666100665,13635100
2013-06-17,26.99615478515625,27.148787607087105,26.81034135524358,26.903248070199915,12409200
2013-06-18,27.162052154541016,27.201870391006278,26.923147798784164,27.00941937870022,9893100
2013-06-19,26.816967010498047,27.50049691372883,26.816967010498047,27.21513922894919,16936100
2013-06-20,25.967533111572266,26.77715034059667,25.861353678346898,26.724061889742675,24899700
2013-06-21,26.385610580444336,26.524973129543362,26.080345056736224,26.299341539951037,21938300
2013-06-24,26.232982635498047,26.551520961968407,25.967535295864874,26.179894180178447,16433700
2013-06-25,26.359073638916016,26.498433688301777,26.1732577082173,26.425434843904178,12942100
2013-06-26,26.763887405395508,26.863429227137782,26.584709088437737,26.597981837640322,13855600
2013-06-27,26.71742057800293,27.128868040261995,26.704150365751886,26.97623528420474,11459100
2013-06-28,26.61788558959961,26.836879588864964,26.611247950263213,26.7107922881678,16316000
2013-07-01,26.85015296936035,27.15541856657576,26.78379176353708,26.87669846429675,10754300
2013-07-02,26.79043197631836,27.035974053990493,26.664344648621633,26.856795726304696,12248300
2013-07-03,26.87005615234375,26.91650949026924,26.564788105454284,26.70415065074782,5264800
2013-07-05,26.889968872070312,27.07578225742204,26.644429394067313,27.022693803686195,10402200
2013-07-08,26.90323829650879,27.049233424893767,26.82360182846186,26.97623712645988,9936300
2013-07-09,27.095685958862305,27.254953812300194,27.022687137904573,27.11559380766282,8760500
2013-07-10,26.99615478515625,27.181968215068924,26.89661042969268,27.15542271607622,9539300
2013-07-11,27.228425979614258,27.30806248948196,27.035977409563635,27.208518117906596,13489600
2013-07-12,27.228425979614258,27.29478973783734,27.029339767982062,27.228425979614258,10686400
2013-07-15,27.21514320373535,27.374413633287677,27.16205474822964,27.241688697247007,11418400
2013-07-16,26.697511672973633,26.876689909485567,26.21306793641185,26.398881278787076,33575600
2013-07-17,27.10232162475586,27.195228296434237,26.750602787254294,26.90987064398382,18513100
2013-07-18,27.08242416381836,27.25496483004464,27.035970810160595,27.115604769071346,9708800
2013-07-19,27.268230438232422,27.274865544938447,27.069144327327514,27.12887041375071,11401100
2013-07-22,27.10232162475586,27.301407711426233,27.04923065150139,27.26159201300232,9425100
2013-07-23,27.181961059570312,27.294778134831773,27.069146515826304,27.175325952327853,9400900
2013-07-24,27.11560821533203,27.29478654429234,27.042609355586915,27.288148903487386,10511000
2013-07-25,27.10232162475586,27.12886711138309,26.86341730814463,27.082413775543902,9147300
2013-07-26,26.969602584838867,26.976240223696802,26.55151993990114,26.976240223696802,12279600
2013-07-29,26.730697631835938,26.996147486964475,26.717424885927766,26.949694142044596,10132000
2013-07-30,26.757246017456055,27.02933100920603,26.71079266751223,26.823607222656452,10769400
2013-07-31,26.597980499267578,26.929791618081687,26.58470775073286,26.816974521295563,13557100
2013-08-01,26.92315101623535,27.04260320838891,26.81033646337791,26.81033646337791,12001100
2013-08-02,26.690889358520508,26.81697668248483,26.48516553692995,26.564799503038046,25516600
2013-08-05,26.737342834472656,26.856795049921473,26.664343977085252,26.664343977085252,9933200
2013-08-06,26.79043197631836,26.830250226310163,26.584710680156242,26.6975252578557,8645600
2013-08-07,26.644424438476562,26.763876601562224,26.584698356933732,26.75060385771748,9301800
2013-08-08,26.677614212036133,26.783793667813157,26.558162007847237,26.743975422577556,9481100
2013-08-09,26.651071548461914,26.757251015526776,26.578072690195164,26.710797656905786,9021600
2013-08-12,26.432071685791016,26.61124744015641,26.35243520438682,26.571431730971934,13970000
2013-08-13,26.312618255615234,26.578065586571146,26.21307392430833,26.498431640436124,13548700
2013-08-14,26.232982635498047,26.33252697005898,26.113530446631962,26.272800875625936,13787100
2013-08-15,25.941001892089844,26.1467257646839,25.894548522716793,26.080362000208996,14227800
2013-08-16,25.914443969726562,26.000715556448633,25.68881234165792,25.90117122319105,20565200
2013-08-19,25.73525619506836,25.940979893201284,25.675530123450194,25.91443440992285,11913000
2013-08-20,25.648998260498047,25.974171710932644,25.648998260498047,25.781720671236737,10238200
2013-08-21,25.403451919555664,25.682174504138207,25.38354406762737,25.635721161960664,15799000
2013-08-22,25.423362731933594,25.562722760817447,25.284000171532416,25.42999783884921,10307900
2013-08-23,25.56272315979004,25.62244924903206,25.463178833880878,25.62244924903206,11302800
2013-08-26,25.297279357910156,25.615817732827708,25.290644249305153,25.615817732827708,12740600
2013-08-27,25.317190170288086,25.37691627480415,25.08492086093984,25.20437306997196,16742500
2013-08-28,25.449899673461914,25.56935182183703,25.2508136033423,25.257451240205768,19245200
2013-08-29,25.28400230407715,25.52954431645936,25.28400230407715,25.52954431645936,14215700
2013-08-30,25.337100982666016,25.40346220363686,25.217648759703845,25.323828232168182,14296600
2013-09-03,25.151275634765625,25.483086645612048,25.084911913686074,25.396815073967186,19068500
2013-09-04,25.57599449157715,25.702081770110613,25.091550697400482,25.138004038518982,19138600
2013-09-05,25.376911163330078,25.67553909424207,25.25745897835828,25.635723386929804,14290500
2013-09-06,25.449899673461914,25.62907789602459,25.283994193109447,25.46981005253559,13976900
2013-09-09,25.56272315979004,25.58263101236492,25.396817637619684,25.562723159790036,10605500
2013-09-10,25.635725021362305,25.73526682750686,25.556088538625463,25.72863171970429,11757300
2013-09-11,25.73525619506836,25.735256195068356,25.56935072185308,25.668895018388895,11996500
2013-09-12,25.695154190063477,25.80879173788788,25.58820255383776,25.795422464618646,12114100
2013-09-13,25.862276077270508,25.895700548068337,25.681794644664485,25.775379592997655,11623600
2013-09-16,25.975914001464844,26.203186636189287,25.895700880364792,26.089549043862494,13351500
2013-09-17,25.929121017456055,26.129655081371833,25.929121017456055,25.94249029504097,12881700
2013-09-18,26.46387481689453,26.470558179572325,25.78874298958179,25.942485830456405,18030500
2013-09-19,26.276708602905273,26.517347894864567,26.16975695650279,26.497295258016724,14251700
2013-09-20,26.336868286132812,26.336868286132812,25.92242843736666,26.290077101583137,30675300
2013-09-23,25.822158813476562,26.196488233443944,25.69515200319226,26.176435600210816,19016200
2013-09-24,25.75531578063965,25.982588336383202,25.748632418674365,25.882322607334384,15083300
2013-09-25,25.62162971496582,25.855585647038545,25.601574527982145,25.835533009983287,11446100
2013-09-26,25.895694732666016,25.895694732666016,25.661736239266865,25.72858261592171,10941100
2013-09-27,25.66841697692871,25.788737880721193,25.501304893875602,25.782051969439372,12609600
2013-09-30,25.320831298828125,25.601578460438756,25.233932275026774,25.528048713370598,18101500
2013-10-01,25.36762237548828,25.461204762260422,25.1470331353007,25.40104429220279,13196000
2013-10-02,25.020029067993164,25.274040227293018,24.87296957314659,25.274040227293018,25664200
2013-10-03,24.83954620361328,25.04008024399577,24.819493564553635,25.04008024399577,14437900
2013-10-04,24.866281509399414,24.91307269438254,24.67243085736742,24.899703420111884,17217500
2013-10-07,24.76601219177246,24.986601383122093,24.618955280800936,24.78606737730403,16708600
2013-10-08,24.919755935668945,25.00665494304249,24.665747375543695,24.799435017745058,20471300
2013-10-09,24.786075592041016,25.013345670677214,24.73928184357754,24.986609664321183,18998900
2013-10-10,25.253984451293945,25.307461557244444,25.033397764070045,25.247301088014513,17174400
2013-10-11,25.24729347229004,25.34755919080941,25.080181391496428,25.34755919080941,14266900
2013-10-14,25.34088706970215,25.36762562647195,25.073506601862398,25.10693107278921,14202900
2013-10-15,25.17377471923828,25.648372623534563,25.133666884395133,25.52136830475825,21676600
2013-10-16,25.401042938232422,25.561471699810923,25.253983452612854,25.40772630124756,17995100
2013-10-17,25.768680572509766,25.775366483240415,25.40771789088902,25.44114234468665,15900200
2013-10-18,25.922426223754883,25.922426223754886,25.681784409518233,25.788738593559497,18896600
2013-10-21,25.949167251586914,26.03606625946756,25.80210778439326,26.03606625946756,12977500
2013-10-22,26.129653930664062,26.23660559670443,25.862273490598717,25.97591107010159,17110200
2013-10-23,26.129653930664062,26.23660559670443,25.93580323911313,26.122970567130416,12591800
2013-10-24,25.935806274414062,26.31682178864416,25.90906771729251,26.169764824333924,17143800
2013-10-25,26.08953857421875,26.156384939917864,25.822160761206668,25.96253430428262,14383400
2013-10-28,26.477251052856445,26.5641500900841,26.06281360981016,26.082866253043775,16552100
2013-10-29,26.6042537689209,26.711205442919344,26.30345138894745,26.450510896918704,14199600
2013-10-30,26.483930587768555,26.66441200056143,26.410400839971956,26.657728637093026,12360000
2013-10-31,26.45050811767578,26.64435880328225,26.410400287917234,26.410400287917234,14853500
2013-11-01,26.477251052856445,26.550780811285293,26.290086249531516,26.450512495258824,12430400
2013-11-04,26.410404205322266,26.61094083393143,26.270030605239175,26.54409444108532,10252100
2013-11-05,26.403718948364258,26.497301341711598,26.21655416166958,26.310136555016918,10575000
2013-11-06,26.771366119384766,26.885003708194148,26.35024278426846,26.48393301524988,17198000
2013-11-07,26.62431526184082,26.905062516305605,26.577521502833708,26.791427451383093,16233200
2013-11-08,26.771366119384766,26.771366119384766,26.397036532551663,26.564148683796176,11903600
2013-11-11,26.651037216186523,26.7713581331838,26.58419339560062,26.744619584978114,9567800
2013-11-12,26.657732009887695,26.73126176698744,26.48393393857391,26.67778465275884,10509200
2013-11-13,26.818151473999023,26.818151473999023,26.5039824320693,26.617617446188273,11770500
2013-11-14,26.878313064575195,27.032055910675485,26.757992132856945,26.798099960072566,10887200
2013-11-15,26.884994506835938,26.951838324484893,26.711196501063533,26.844886686289644,12021500
2013-11-18,26.851577758789062,26.89837150449447,26.737942726168733,26.89837150449447,9553900
2013-11-19,26.831523895263672,26.891684365653767,26.684464400992596,26.831523895263672,11014800
2013-11-20,26.778045654296875,27.03874014014671,26.697830004859654,26.771359741879547,14422500
2013-11-21,27.025365829467773,27.065473646712896,26.80477665951159,26.87162302158679,26364300
2013-11-22,27.025365829467773,27.045418463126342,26.798093298268057,26.965205378564086,26396500
2013-11-25,26.985271453857422,27.326181695431803,26.95853544563785,27.058801213802063,14059100
2013-11-26,26.90505599975586,27.139011988477776,26.898372635761962,27.06548478482877,14240400
2013-11-27,27.053133010864258,27.181029539736898,26.71656752274198,26.98582094035616,9909100
2013-11-29,27.053133010864258,27.248341610244996,26.999283868015958,27.106984721503455,8641100
2013-12-02,26.979093551635742,27.059868558160492,26.756959073953727,26.992553912897232,16738800
2013-12-03,27.16084861755371,27.187774487498874,26.931983858604397,26.95890972854956,16592300
2013-12-04,27.174312591552734,27.24162726898946,26.88486589805578,27.05988149159888,13196100
2013-12-05,26.81082534790039,27.19451004696494,26.79062965945998,27.113732428788417,18171200
2013-12-06,27.234888076782227,27.261813941389427,26.958904384037854,26.958904384037854,12557100
2013-12-09,27.194494247436523,27.261806322350594,27.05986752981732,27.194494247436527,12237100
2013-12-10,26.82427406311035,27.120453398835636,26.756961978331752,27.100257719168905,15967800
2013-12-11,27.01275634765625,27.154113286383023,26.851203726402943,26.891592523664222,14963500
2013-12-12,26.393468856811523,27.066599932381056,26.373275746237645,26.918512841853826,19817700
2013-12-13,26.406946182250977,26.682929970975884,26.39348324526529,26.568498858286553,14037400
2013-12-16,26.433868408203125,26.63580729953441,26.38674941915224,26.561762440228065,14562100
2013-12-17,26.319433212280273,26.42040393596772,26.164613319007113,26.332896146624744,17655700
2013-12-18,26.93869972229004,26.979088501888317,26.252105875863347,26.427118785207867,23884500
2013-12-19,26.831003189086914,26.99255319785691,26.629064394228873,26.905048013019453,14791800
2013-12-20,26.952171325683594,27.0531394554985,26.824274766343265,26.87139374048186,22237200
2013-12-23,27.032949447631836,27.08680117728414,26.83774077932994,26.99256065039261,10943200
2013-12-24,27.053133010864258,27.13391057682305,26.992551120290614,27.03967008320446,4783800
2013-12-26,27.25507164001465,27.28872767191242,27.019474281148973,27.07332598641792,8588300
2013-12-27,27.369516372680664,27.45702415368407,27.282008591677254,27.389709488376862,6762200
2013-12-30,27.658966064453125,27.692622116922603,27.436831496128622,27.44356424729784,10927500
2013-12-31,27.807035446166992,27.860884577189104,27.584901040251175,27.685871691629334,11729200
2014-01-02,27.369516372680664,27.753200977660004,27.268545658615814,27.679156129718038,12698600
2014-01-03,27.234888076782227,27.41663381119317,27.16084323300831,27.382977764330057,10403400
2014-01-06,27.106998443603516,27.322400259619176,27.032953587887096,27.248355403902757,11036300
2014-01-07,27.187759399414062,27.409893851497774,27.120447329698866,27.248341289274087,11872300
2014-01-08,26.884862899780273,27.221428546052,26.81082061454586,27.221428546052,15339600
2014-01-09,26.74350357055664,26.92524931154459,26.602146627941078,26.891593263463534,14070200
2014-01-10,27.01275634765625,27.120457239227857,26.857936476509057,26.898322705978533,13290000
2014-01-13,26.608875274658203,27.01275553169577,26.58868216053343,26.925247757502206,14091900
2014-01-14,26.71657943725586,26.871399322700608,26.642537153793445,26.682923386992574,12801100
2014-01-15,26.763683319091797,26.884847085903512,26.64252212007067,26.810804844221323,12844900
2014-01-16,26.73003387451172,26.804078702230285,26.642528685199977,26.777152843461494,11063100
2014-01-17,26.440587997436523,26.756960426690608,26.440587997436523,26.736767315986317,13992700
2014-01-21,26.87140464782715,26.87140464782715,26.608883808840705,26.682928674768686,17579000
2014-01-22,26.85793113708496,26.98582511796566,26.756960447900894,26.918513037037144,9841700
2014-01-23,26.41366958618164,26.68292052722272,26.33289199285673,26.662727412787376,14828100
2014-01-24,26.14441680908203,26.42040050785367,26.130953876484412,26.305969432461648,16507500
2014-01-27,26.070371627807617,26.238654431422017,26.05690869538345,26.130953539820474,14601900
2014-01-28,26.164602279663086,26.30596174674169,25.99631952304716,26.09729020413315,8915500
2014-01-29,25.51167106628418,25.962667694594977,25.45781934289641,25.962667694594977,23776100
2014-01-30,25.69342041015625,25.85497305149244,25.578989322045217,25.578989322045217,13662000
2014-01-31,25.457813262939453,25.686677897095915,25.39050119257204,25.545321008649807,16185000
2014-02-03,25.04047203063965,25.592439208119792,24.973157394489135,25.592439208119792,23164900
2014-02-04,25.228958129882812,25.276077110442955,25.04721239009718,25.202032264479342,17759700
2014-02-05,25.316465377807617,25.390510222218936,25.161645506671135,25.235690351082454,13665200
2014-02-06,25.599178314208984,26.21172759392359,25.525133472519578,26.090563774393956,22661500
2014-02-07,25.545324325561523,25.814575209782742,25.491472608042546,25.693411413156266,20389000
2014-02-10,25.96266746520996,25.996323508134207,25.47128204869982,25.626101900384537,20877200
2014-02-11,26.00978660583496,26.104024553744416,25.92227883943697,26.029979718160845,15361300
2014-02-12,25.922279357910156,26.19826302564702,25.848237088637156,26.151144050749863,10633400
2014-02-13,26.01651382446289,26.090556076514822,25.666485401072602,25.666485401072602,10435600
2014-02-14,26.204999923706055,26.26558183927788,25.760733398776672,25.982865377345387,16030100
2014-02-18,25.222227096557617,25.653030657312563,25.080867591854087,25.565522881599286,46098500
2014-02-19,24.97317123413086,25.309736898029076,24.939515181299484,25.242424792366325,26645100
2014-02-20,25.107789993286133,25.255879659791873,24.831806339756337,24.946239964181157,22639900
2014-02-21,25.02701759338379,25.323194389546362,25.00009172978946,25.30300127574646,19419800
2014-02-24,25.242414474487305,25.30972655263613,25.053938601437647,25.10778775039847,24223500
2014-02-25,25.424152374267578,25.538583385605403,25.242406737621852,25.32991446662692,22845500
2014-02-26,25.49148178100586,25.53860076689485,25.390513626011803,25.51167746623839,18195100
2014-02-27,25.626096725463867,25.653022581482464,25.444351049024785,25.471276905043382,18423400
2014-02-28,25.713607788085938,25.841501768973227,25.605906917919988,25.6328327774093,15763200
2014-03-03,25.65975570678711,25.686681565896222,25.47801000948748,25.498205687714943,18683400
2014-03-04,25.787654876708984,25.84150403261334,25.733803153013106,25.80784798919918,20425200
2014-03-05,25.8145809173584,25.88189557914032,25.74726882336827,25.861699896709847,14367400
2014-03-06,25.89535140991211,25.949200556778173,25.760724691060318,25.848232443482644,14700000
2014-03-07,25.94920539855957,25.98959419208845,25.821311404072123,25.955938148043497,17047600
2014-03-10,26.01651382446289,26.01651382446289,25.875154364857867,25.94919918470075,14540800
2014-03-11,26.11749267578125,26.144418542761994,25.942479675990448,26.144418542761994,13812100
2014-03-12,26.100526809692383,26.120879913889187,25.92412461286561,25.96483340939556,15673700
2014-03-13,25.76129722595215,26.114099067390516,25.727371931321517,26.086959866940656,18302800
2014-03-14,25.89699363708496,25.99876436665234,25.70024086173168,25.747733178693213,14687200
2014-03-17,25.964832305908203,26.032677709105062,25.815569313111638,25.896984314575114,19203000
2014-03-18,26.053030014038086,26.093736215410463,25.876627847638137,25.964828930838113,16880400
2014-03-19,25.876632690429688,26.181942198540426,25.849493492345093,26.025895691758578,20882200
2014-03-20,26.086956024169922,26.100525622395967,25.747723832927495,25.856278030599622,13228000
2014-03-21,26.080162048339844,26.34476525156786,25.97160788347788,26.31083997218845,19189100
2014-03-24,26.053030014038086,26.141228509102167,25.92412014132984,26.10730581191322,15693000
2014-03-25,26.202301025390625,26.324424855305704,26.093746797481327,26.11410249455847,16898900
2014-03-26,26.195520401000977,26.419412388390977,26.195520401000977,26.249796226859644,15835500
2014-03-27,26.337987899780273,26.46011169928944,26.10730989938922,26.127663003261983,13031500
2014-03-28,26.426191329956055,26.480467141120855,26.337990225159654,26.385482530480054,11502100
2014-03-31,26.22943115234375,26.48046223223554,26.093737767381473,26.453325625751923,24489800
2014-04-01,26.059816360473633,26.385478947650988,25.991970958696083,26.141231360233927,20515700
2014-04-02,26.005544662475586,26.14802158158463,25.98518896821959,26.114098875340083,15709100
2014-04-03,25.829137802124023,26.11409417721284,25.808784699666294,26.046246188793543,18114000
2014-04-04,25.930912017822266,26.10731163543418,25.876633619703846,25.94448161735187,15453600
2014-04-07,26.202301025390625,26.385486770263242,25.958053365560467,25.964839460631833,17295700
2014-04-08,26.392263412475586,26.392263412475582,26.10730704869028,26.236214339369337,14769900
2014-04-09,26.453330993652344,26.453330993652344,26.256575674938322,26.351560287245345,12031400
2014-04-10,26.385488510131836,26.73150691375345,26.337996194048415,26.44655042911582,21025700
2014-04-11,26.209075927734375,26.609369957477856,26.168367139101942,26.344769301706645,18084200
2014-04-14,26.276927947998047,26.324420252646075,26.05303602439113,26.263358348364825,19389800
2014-04-15,27.260696411132812,27.457451683833074,26.799340469418528,27.02323493589868,47529200
2014-04-16,27.538877487182617,27.538877487182614,27.21999830543557,27.21999830543557,21919900
2014-04-17,27.627073287963867,27.627073287963867,27.308194167616595,27.430317975913997,18547100
2014-04-21,27.647428512573242,27.65421201882686,27.376041675968157,27.457459279831692,12630900
2014-04-22,27.620290756225586,27.654213465541698,27.423535418800586,27.53209222963106,17404900
2014-04-23,27.63385581970215,27.68813421620409,27.518518109340118,27.61350271508212,12072500
2014-04-24,27.613502502441406,27.74240981093626,27.450669902325888,27.613502502441406,11392600
2014-04-25,27.82383155822754,27.823831558227543,27.43710695090897,27.450676553217676,16811400
2014-04-28,27.837404251098633,28.00702041658305,27.64065146612105,27.694927293244675,20736700
2014-04-29,27.52529525756836,27.837388200964075,27.49137256165766,27.796682001125557,18928400
2014-04-30,27.6745662689209,27.735628174562052,27.538872857703158,27.606718269243753,12362000
2014-05-01,27.667783737182617,27.681353338865165,27.31498185784697,27.67456983209233,15385800
2014-05-02,27.783117294311523,27.789900799433084,27.5660088965141,27.67456309541281,14197000
2014-05-05,27.65420913696289,27.769549436348203,27.511732227254345,27.579580223403475,10163500
2014-05-06,27.471019744873047,27.58635742978533,27.44388055261045,27.49137284500208,9359900
2014-05-07,27.755985260009766,27.79669406565282,27.566016009949344,27.613508322464448,11115600
2014-05-08,27.63385581970215,27.789902327440636,27.579580011336603,27.715270826318665,8538700
2014-05-09,27.728837966918945,27.783116358608392,27.62028377167621,27.667776070336394,8516400
2014-05-12,27.694917678833008,27.796688378048433,27.606716578722068,27.735626476146457,8906000
2014-05-13,27.89167022705078,27.96630172068125,27.69491494168611,27.701701034635864,11579600
2014-05-14,27.74242401123047,27.939179415541904,27.701717781467895,27.83062515594554,10036100
2014-05-15,27.49138832092285,27.789911839453854,27.437109905842334,27.559233751636217,12379200
2014-05-16,27.74242401123047,27.755993617197227,27.4439004443749,27.4913927711897,13823900
2014-05-19,27.620290756225586,27.633860357579398,27.423535418800586,27.545659242848046,7559500
2014-05-20,27.532087326049805,27.769548837106512,27.525301232513122,27.681347738084153,9639500
2014-05-21,27.728837966918945,27.735624059948208,27.477806875695652,27.511729576433478,8607300
2014-05-22,27.532087326049805,27.708486935958163,27.498162034639112,27.660994633746824,8430400
2014-05-23,27.532087326049805,27.613502331535482,27.498162034639112,27.56601002932414,6255200
2014-05-27,27.660987854003906,27.694910548963747,27.46423259984682,27.518510982291144,11282900
2014-05-28,27.532087326049805,27.7424096392325,27.498162034639112,27.613502331535482,7536700
2014-05-29,27.58636474609375,27.728841661055597,27.54565594690329,27.599934345823904,9867100
2014-05-30,27.755985260009766,27.762768766881813,27.471031384919133,27.50495409555322,10446100
2014-06-02,27.722064971923828,27.742418082455494,27.599941132459545,27.64743344912486,7472100
2014-06-03,27.735626220703125,27.817041226443802,27.620285923445497,27.627072017003435,10493100
2014-06-04,27.6745662689209,27.762764786296362,27.620287869179183,27.75598128039692,7864700
2014-06-05,27.74242401123047,27.817055549978786,27.56602430993802,27.63386975163411,10131700
2014-06-06,27.810258865356445,27.857751169670745,27.70848816289067,27.776333572443537,8760600
2014-06-09,27.755985260009766,27.878109088802013,27.71527645436671,27.71527645436671,7316400
2014-06-10,27.864534378051758,27.918812775624072,27.688134762214638,27.70848786723603,9168600
2014-06-11,27.722064971923828,27.85775841445494,27.674572655258512,27.803480002187637,9648600
2014-06-12,27.629779815673828,27.80750871476052,27.595601983572987,27.62294529229424,11583600
2014-06-13,27.595600128173828,27.704970748103822,27.51357281512665,27.609271781615234,9194600
2014-06-16,27.793827056884766,27.86901982500421,27.445209122767935,27.472549814047323,12878200
2014-06-17,27.9715633392334,28.162963892594142,27.759659215743152,28.1492922382397,26926600
2014-06-18,28.4090518951416,28.41588641934553,27.855361560960116,27.882704872979346,18518200
2014-06-19,28.566261291503906,28.62094528738817,28.3885324377783,28.395369567014317,13275200
2014-06-20,28.497901916503906,28.62778129087315,28.388531321435458,28.620944161905992,23402600
2014-06-23,28.525253295898438,28.53209042680196,28.251828034590027,28.340689875524518,13099300
2014-06-24,28.60727310180664,28.634616403038077,28.347519562910183,28.381697385649115,14962800
2014-06-25,28.682476043701172,28.696147699163195,28.340692479955635,28.436391460588123,17621800
2014-06-26,28.730321884155273,28.743993537880463,28.559430123992367,28.648294569405447,16903300
2014-06-27,28.83969497680664,28.90805325128827,28.648297023461176,28.70298364304648,18674400
2014-06-30,28.955894470214844,29.044758897861712,28.586767716236277,28.69613831657058,14058700
2014-07-01,28.90805435180664,29.017424987539396,28.812355371490685,28.976410021289,11497700
2014-07-02,28.90805435180664,28.9900816767058,28.812355371490685,28.92172600722344,6707000
2014-07-03,28.867034912109375,28.928556048150387,28.71664933343107,28.88754108825597,7537700
2014-07-07,28.805505752563477,28.84652070103357,28.66195734431893,28.68246351475372,8991900
2014-07-08,28.668800354003906,28.880707072443503,28.648294177497302,28.689309138111792,10090500
2014-07-09,28.675630569458008,28.819178985590156,28.566259975128663,28.661958919216758,9891600
2014-07-10,28.887537002563477,28.90804578341066,28.40220511332771,28.409042242810393,12564500
2014-07-11,28.689308166503906,28.880706094353627,28.627787031466323,28.791841653165744,9773000
2014-07-14,28.969566345214844,28.976400866963235,28.696138538464403,28.702975667813615,11857700
2014-07-15,28.778169631958008,29.00374799341059,28.675636146607786,28.99007634051033,10541900
2014-07-16,28.791847229003906,28.976410669859266,28.723491557991565,28.887546211461864,10331400
2014-07-17,28.72348403930664,28.81234847444281,28.593607255339176,28.66196290845868,9983500
2014-07-18,29.003746032714844,29.031089336666923,28.72348368620852,28.805510990463766,19272400
2014-07-21,28.983247756958008,29.099452919020653,28.771341004982848,28.79184718473468,17607200
2014-07-22,28.15611457824707,28.251816117317365,27.75964720392853,28.094593464073466,24706000
2014-07-23,27.8963680267334,28.060422633644695,27.773325767749448,28.012573155995486,17531700
2014-07-24,28.005739212036133,28.09460103944718,27.793832515499982,28.005739212036133,14856000
2014-07-25,28.02623748779297,28.053580784336834,27.896360740610028,27.971550894705235,10809900
2014-07-28,27.807504653930664,28.02624587655422,27.759655174456825,28.0194113541727,11709100
2014-07-29,27.581937789916992,27.875871919173782,27.58193778991699,27.8553657358868,10863600
2014-07-30,27.082927703857422,27.684467480475192,27.076093180219267,27.650289647081333,20346200
2014-07-31,26.857345581054688,27.15811409460396,26.830002277749955,27.021400185681227,15434700
2014-08-01,26.857345581054688,26.99405948997742,26.70012549845387,26.747974975436687,13566700
2014-08-04,26.93254280090332,26.97355515501997,26.741142253820655,26.939377324055645,11012900
2014-08-05,26.78215980529785,27.021407252784044,26.727473184385804,26.89153043952034,11639200
2014-08-06,27.288002014160156,27.315345328627732,26.74798589523654,26.74798589523654,17567500
2014-08-07,26.898361206054688,27.349515335153505,26.884692160337636,27.315337505658388,14367400
2014-08-08,26.966711044311523,27.055575459305622,26.836831682181586,26.891518278362703,13667000
2014-08-11,27.048744201660156,27.253813766646918,27.014566375429194,27.014566375429194,14102600
2014-08-12,27.123939514160156,27.233310132862364,27.028240548745877,27.041912202033807,13297500
2014-08-13,27.30166244506836,27.41103305036394,27.137607840925448,27.137607840925448,9638900
2014-08-14,27.465723037719727,27.4725575605666,27.294831282934314,27.294831282934314,6902000
2014-08-15,27.9442138671875,28.128777231640818,27.79382832409207,27.923705088292273,23221600
2014-08-18,28.265499114990234,28.31334860435217,27.882703200094742,27.882703200094742,14891500
2014-08-19,28.203977584838867,28.35436318226411,28.13562191742825,28.26549872854905,10260400
2014-08-20,28.1971378326416,28.258658964944136,28.08776722050388,28.128782177905933,6782500
2014-08-21,28.30651092529297,28.497908861406,28.176634126873594,28.224483610901853,11951000
2014-08-22,28.1082763671875,28.381704230240846,28.06042688229337,28.22448412164565,11244600
2014-08-25,28.30651092529297,28.333854232623775,28.108275858546577,28.244989787599305,10229300
2014-08-26,28.436384201049805,28.50474246090869,28.306507418719402,28.306507418719402,8416500
2014-08-27,28.436384201049805,28.511576983094084,28.327013592876572,28.38853472294908,7693100
2014-08-28,28.456890106201172,28.504739579464964,28.32701072939883,28.37486020266262,9746400
2014-08-29,28.518417358398438,28.5389235348893,28.34752560070449,28.43638743723242,7666700
2014-09-02,28.46372413635254,28.600438032289432,28.238148424517245,28.381696841830678,9798100
2014-09-03,28.559425354003906,28.607274830249608,28.47739805295426,28.497904226316454,8635400
2014-09-04,28.620946884155273,28.826016443463487,28.52524793031817,28.57309740723672,16785300
2014-09-05,28.600439071655273,28.61411072250587,28.443218998274563,28.61411072250587,12768100
2014-09-08,28.559425354003906,28.66879595793706,28.45689187959207,28.484232574874696,9097700
2014-09-09,28.668800354003906,28.730321491124997,28.538923556793286,28.552595210331447,11892500
2014-09-10,28.826005935668945,28.839677582319293,28.593595765412918,28.641445224889157,17558000
2014-09-11,28.884546279907227,28.96028686781503,28.68486702571362,28.69863828047852,19614000
2014-09-12,28.547161102294922,28.863892126446512,28.47830744542671,28.850123496351788,12966800
2014-09-15,28.574697494506836,28.629782509480194,28.457645777585576,28.54027067344753,12259600
2014-09-16,28.671085357666016,28.781252729174348,28.354354492904225,28.4300950533032,15232800
2014-09-17,28.65043830871582,28.767490026584593,28.45075906771816,28.760605712956238,16693800
2014-09-18,28.77437973022461,28.836349065223594,28.609127294694538,28.74683721986987,12586400
2014-09-19,28.95340347290039,29.15996706647404,28.746839879326746,28.90520538861983,47559700
2014-09-22,29.070451736450195,29.091107303491597,28.733062590718397,28.815687485482044,11518100
2014-09-23,28.843238830566406,29.029146870697918,28.836354514975838,28.918979435056894,10251300
2014-09-24,29.10487174987793,29.15306981276712,28.815680745945343,28.815680745945343,13540900
2014-09-25,28.76747703552246,29.036009797929786,28.760592725002983,28.960271875827832,11076300
2014-09-26,29.056678771972656,29.091105590547215,28.719289646107026,28.918968871076522,9939600
2014-09-29,29.091108322143555,29.097992635865737,28.836346688852736,28.85011794289523,12441100
2014-09-30,29.3734073638916,29.476690437979887,28.97405157238545,28.987820197439383,22613700
2014-10-01,29.428489685058594,29.504227622334643,29.17372549264822,29.297664119605308,30409700
2014-10-02,29.3734073638916,29.45603224720362,29.208154970669884,29.332093608936752,16643200
2014-10-03,29.607528686523438,29.655726778908456,29.373422540682313,29.51113250175339,14046300
2014-10-06,30.020639419555664,30.075724424304518,29.58685682684761,29.62816795381166,20328100
2014-10-07,30.24098014831543,30.392461314646457,29.938020442251492,29.938020442251492,24936600
2014-10-08,30.674760818481445,30.681647757691273,29.958671483326885,30.00687217800253,26115600
2014-10-09,30.20655059814453,30.812472582134472,30.206550598144535,30.599022105822662,25029300
2014-10-10,30.619680404663086,30.895097579000304,30.192779450553896,30.213437642912652,25920800
2014-10-13,30.34426498413086,30.729852235782587,30.31672247474182,30.488859218525906,20175200
2014-10-14,30.048192977905273,30.37869524821109,29.931141239642166,30.323612849792738,21027400
2014-10-15,29.765886306762695,29.97244988013806,29.400957239579604,29.400957239579604,22988600
2014-10-16,29.3045654296875,29.566211435715985,29.180626741948227,29.366534773557138,22519200
2014-10-17,29.52488899230957,29.628169441503204,29.13241750685876,29.39406341276082,23236000
2014-10-20,29.80719757080078,29.931136229745338,29.40783908606875,29.435381593967122,17647800
2014-10-21,28.010093688964844,28.36125152230297,27.720902567452416,28.09271859799761,55953500
2014-10-22,27.968772888183594,28.306162007342557,27.61072820361007,27.672697526451596,27728200
2014-10-23,28.134029388427734,28.492074125143006,28.05140448813905,28.189111779754118,23346800
2014-10-24,28.251079559326172,28.416331977421745,28.17533897714062,28.216652738314032,13396000
2014-10-27,28.06516456604004,28.168447629884636,27.927457316377136,28.023853441780137,17222500
2014-10-28,27.92746353149414,28.134027078555597,27.893034084818893,28.065170811803107,18658700
2014-10-29,28.202869415283203,28.251067469393647,27.899909842789423,27.98942164039323,25761800
2014-10-30,28.505842208862305,28.63666517198421,28.11337069289866,28.230422403071216,18295600
2014-10-31,28.83635711669922,28.84324143291091,28.505854779956994,28.801930282442566,18477700
2014-11-03,28.788145065307617,29.11176030233218,28.63666391610602,28.774373812962214,13230600
2014-11-04,28.79502296447754,28.95338839127916,28.684855596850447,28.760596154581055,10105300
2014-11-05,29.132431030273438,29.2907965604959,28.912096151129234,29.125544087838275,20676800
2014-11-06,29.118648529052734,29.345867636301993,28.994709879062984,29.215044673134113,11528800
2014-11-07,29.139314651489258,29.235710830492096,29.015375956600217,29.228826514819986,11803800
2014-11-10,29.1875,29.311438640787078,28.98093647422078,29.091103863076214,9088900
2014-11-11,29.270116806030273,29.40782666073915,29.166836384946375,29.180607633076963,8563700
2014-11-12,29.407840728759766,29.5317793946274,29.13242351418589,29.270130808173693,12768800
2014-11-13,29.462928771972656,29.662608045989415,29.352761349514882,29.36653260564692,12007700
2014-11-14,29.421602249145508,29.5868546244936,29.26323681217718,29.40094668720102,10939500
2014-11-17,29.552433013916016,29.600633715550007,29.421610042618315,29.4353812964283,10664000
2014-11-18,29.972448348999023,30.199670106723165,29.435382560339345,29.57309247775414,26143000
2014-11-19,30.44754409790039,30.59213831337966,29.99310325882417,30.06884120983861,25402300
2014-11-20,30.46820640563965,30.58525814123302,30.192786540034017,30.268527134405492,13465400
2014-11-21,30.640342712402344,30.805595154644468,30.488861525896937,30.695427735349206,14382700
2014-11-24,30.481964111328125,30.833121788605414,30.433766050262566,30.647213855953673,12890800
2014-11-25,30.592144012451172,30.70231142952029,30.378693492742944,30.481976595382047,10741700
2014-11-26,30.70652961730957,30.761992733313797,30.484671863786584,30.498538303975902,9199200
2014-11-28,31.080923080444336,31.19878388341101,30.609474579070273,30.609474579070273,10502000
2014-12-01,30.886798858642578,31.03932710934702,30.595611447029324,30.630276237256524,10065700
2014-12-02,30.87986183166504,30.969989742341472,30.664935936333148,30.76199839075609,9878100
2014-12-03,30.36680793762207,30.810523437260823,30.3390750577064,30.79665699730299,15246500
2014-12-04,30.158815383911133,30.394539563966298,30.068684850278977,30.242011375473872,13779700
2014-12-05,30.179616928100586,30.235082691539233,29.950827265799084,30.158818589187675,12536900
2014-12-08,29.909236907958984,30.248958198962935,29.874572117796287,30.165759528867707,12802300
2014-12-09,29.146604537963867,29.48632322608746,28.890079240681967,29.22286867257447,25714600
2014-12-10,28.841533660888672,29.285251801231784,28.813803425979017,29.146590047671623,18324100
2014-12-11,28.793006896972656,29.125793570133936,28.772208556385507,28.855404563487483,16201500
2014-12-12,28.3631649017334,28.848479913824427,28.335432010812987,28.695951658516208,18432400
2014-12-15,28.12743377685547,28.550351003884533,28.120501878188467,28.51568622104271,23378500
2014-12-16,28.002635955810547,28.640479011415284,27.593585207198117,27.870908734809422,23475400
2014-12-17,28.806886672973633,28.952480413982325,27.995719277564103,28.037315977992527,20223900
2014-12-18,29.389253616333008,29.389253616333008,28.945538007757904,29.02180212387306,18030700
2014-12-19,29.084196090698242,29.66657341393457,29.042596765912325,29.423914653146674,24009500
2014-12-22,29.361522674560547,29.42392035144684,29.18126418841893,29.2159289767438,11190900
2014-12-23,29.791379928588867,29.909240759269366,29.444726692816612,29.493257934244383,13411300
2014-12-24,29.77057456970215,29.971634051702658,29.75670812493447,29.881503483089688,6405900
2014-12-26,29.78443717956543,30.02016142075744,29.76363883746876,29.791371723433368,6466900
2014-12-29,29.715116500854492,29.853778327414762,29.458593840808327,29.6735171594601,8694500
2014-12-30,29.645774841308594,29.805237610252735,29.56951337345932,29.63191104333856,9222000
2014-12-31,29.271385192871094,29.770563800159504,29.271385192871094,29.756697360408026,9369500
2015-01-02,29.21593475341797,29.396195919955257,28.980210443545293,29.299130790798227,9921100
2015-01-05,29.21593475341797,29.791380403454404,29.174338057105015,29.597252789894682,26292600
2015-01-06,29.437776565551758,29.77056317837784,29.285251020977036,29.403111789273545,16897500
2015-01-07,29.80524253845215,29.888438563796157,29.520987027502326,29.673512633174013,13412300
2015-01-08,30.16575813293457,30.20735746605716,29.881502635148152,29.936968412644934,21743600
2015-01-09,29.832969665527344,30.20042380816807,29.77750653601311,30.138026134493504,12733500
2015-01-12,29.562580108642578,29.950832587437983,29.437784763485258,29.86070202821244,11415800
2015-01-13,29.555639266967773,29.978556403736636,29.43084395956867,29.69430101349487,12529500
2015-01-14,29.50711441040039,29.53484464987867,29.167393190445694,29.174327733880318,13447600
2015-01-15,29.3823184967041,29.715105166661758,29.236722179735526,29.69430682627483,11193100
2015-01-16,29.486310958862305,29.527910281730822,29.285254176880763,29.368450177864613,15114900
2015-01-20,29.923095703125,30.0409591332511,29.54177781931145,29.604175483553906,17047300
2015-01-21,30.061758041381836,30.110289265070836,29.64577272365039,29.735903272538536,10720600
2015-01-22,30.352941513061523,30.387608935350194,29.860694795697135,30.068686105664188,14709100
2015-01-23,30.027099609375,30.332153457753,29.93696904142659,30.22815644513915,12357700
2015-01-26,29.812164306640625,29.971624403003453,29.694303531188865,29.936959624620762,11151900
2015-01-27,29.389253616333008,29.562580191229763,29.222861585494165,29.49325061917252,15274000
2015-01-28,29.063398361206055,29.67350863596906,29.04953456281123,29.527914950040927,14278500
2015-01-29,29.18819808959961,29.222865525055425,28.75141696619955,28.959408355164435,13657900
2015-01-30,28.543413162231445,29.070327321653682,28.50181648552918,29.00099776398117,19193700
2015-02-02,28.834598541259766,28.862331417823416,28.35621832192389,28.57114150341047,15197500
2015-02-03,28.86234474182129,29.014870343827837,28.682083605694597,28.945540765166122,13193100
2015-02-04,28.897003173828125,29.181258615411352,28.855403848930585,28.959400838797777,16400000
2015-02-05,28.973270416259766,28.994068758582923,28.779142857147125,28.980202315449617,11078500
2015-02-06,28.7375431060791,28.952466339828046,28.647412557706755,28.86233843620902,12366400
2015-02-09,28.58501625061035,28.73754447129371,28.453289015772373,28.689013245576906,13371100
2015-02-10,29.39618682861328,29.83296787334236,29.257525046027144,29.749771861692086,32184200
2015-02-11,29.375381469726562,29.45858011374657,28.910867608670596,29.188188487811235,20496300
2015-02-12,29.236713409423828,29.57643452077119,29.167383865762357,29.396176120399826,13818200
2015-02-13,29.111934661865234,29.278326704012468,28.95247187473955,29.13273300594518,10792100
2015-02-17,28.987133026123047,29.035664248295017,28.869269597453076,28.987133026123043,12804200
2015-02-18,28.93168067932129,28.980211924001857,28.751422148329823,28.94554712705209,9789800
2015-02-19,29.19512939453125,29.285259956156523,28.793010461705965,28.897007467023872,16578300
2015-02-20,29.098064422607422,29.195126875326782,28.869272088551664,29.146595648967104,15982400
2015-02-23,29.014867782592773,29.236725588430833,28.903938879673742,28.91780532313283,11830300
2015-02-24,29.20899772644043,29.347659527576866,28.959407013345622,29.014870146947867,12782700
2015-02-25,29.153526306152344,29.2852561818782,28.938603068500043,29.23672231283216,10323300
2015-02-26,29.437776565551758,29.500174220753706,29.098058055371197,29.146589271111278,14346500
2015-02-27,30.020172119140625,30.269762892262385,29.444729076447246,29.47939387387982,28312800
2015-03-02,29.950828552246094,30.020158114769078,29.86763254826786,30.020158114769078,13514600
2015-03-03,29.777503967285156,29.923097645048408,29.70123985662247,29.888432861498128,10036300
2015-03-04,29.46550941467285,29.798296027162337,29.44471107787754,29.756696708818815,16263000
2015-03-05,29.39618682861328,29.54178051018964,29.292189830485295,29.507115725731488,9223000
2015-03-06,28.786081314086914,29.257529865690525,28.654354053544772,29.202064085617646,18180500
2015-03-09,28.69595718383789,28.80688612412453,28.647425937759643,28.793019675994383,10123300
2015-03-10,28.210630416870117,28.52955330252127,28.20369851804776,28.494885874149094,14599100
2015-03-11,27.80158042907715,28.238364120650445,27.787716631030346,28.238364120650445,18549700
2015-03-12,28.36082649230957,28.36082649230957,27.976344533953363,28.03226787333488,17728700
2015-03-13,27.89945411682129,28.360833107810617,27.689736878498753,28.269954660081083,17438400
2015-03-16,28.165084838867188,28.207026667845074,27.955367693883225,27.962357109813478,15238800
2015-03-17,28.318885803222656,28.472679673965665,28.186065520934942,28.43073516375418,21661800
2015-03-18,28.381803512573242,28.514626472217902,27.822556665041127,28.297917152118256,26247500
2015-03-19,27.97634506225586,28.325874606761758,27.934400556903586,28.297911603193576,16057600
2015-03-20,28.416767120361328,28.423756541368427,27.969366841603684,28.01131136774662,31608500
2015-03-23,28.395774841308594,28.61947350015773,28.31188851091476,28.40975634082396,17060500
2015-03-24,28.290922164916992,28.65443321094057,28.290922164916992,28.59850720384519,13485700
2015-03-25,28.27694320678711,28.45170799463289,28.13014142500442,28.374811061308904,22811300
2015-03-26,28.207048416137695,28.35385293084454,28.123162026805378,28.200058994818434,17359600
2015-03-27,28.018299102783203,28.29792123352952,27.94140215015056,28.29792123352952,14384400
2015-03-30,28.318885803222656,28.3887933202418,27.92042228966041,28.039263735243402,12561400
2015-03-31,28.34684944152832,28.591521756497357,28.207037071074463,28.318886434097713,16604800
2015-04-01,28.437725067138672,28.52860349894205,28.123147931433817,28.514621996610845,14300700
2015-04-02,28.437725067138672,28.570545339236766,28.297912710525523,28.472677489617233,14343100
2015-04-06,28.780258178710938,29.08784584997994,28.37480533935429,28.50063617456461,19843400
2015-04-07,28.66841697692871,28.920078718745668,28.64045663527069,28.696379985285986,9773400
2015-04-08,28.584522247314453,28.724334581456233,28.479664996731973,28.647437664343332,8954700
2015-04-09,28.696372985839844,28.717346570341675,28.40276946980023,28.52160822628333,12710900
2015-04-10,28.577533721923828,28.77326939580802,28.55656013779441,28.72433547733697,8720000
2015-04-13,28.451719284057617,28.64046564982806,28.451719284057617,28.64046564982806,9616300
2015-04-14,28.318885803222656,28.416756327049455,28.186065520934942,28.37481181683797,11209700
2015-04-15,28.241981506347656,28.52859555760706,28.186055512590624,28.374801741473373,11189100
2015-04-16,28.381803512573242,28.563560404708255,28.172086278086113,28.248983219627902,13121000
2015-04-17,28.172073364257812,28.423734996962637,28.03226104978868,28.29091476490091,15330300
2015-04-20,28.423748016357422,28.59152340390891,28.24898320989514,28.25597262880593,13023700
2015-04-21,28.50762939453125,28.65443383299417,28.339856703000557,28.43073246645516,19673100
2015-04-22,28.87813377380371,29.059887975222228,28.710358408364417,29.052898557232616,26887200
2015-04-23,28.626468658447266,28.948035181749713,28.60549507357196,28.82220433929247,17408800
2015-04-24,28.584522247314453,28.745305498233034,28.528598913676824,28.689382164595404,11623300
2015-04-27,28.542591094970703,28.766289846630716,28.507635998330507,28.661429890109066,10044600
2015-04-28,28.50063133239746,28.640443644066202,28.381789934134716,28.626462146229525,12174800
2015-04-29,28.304903030395508,28.486657215972055,28.24198760717694,28.423741792753493,11371400
2015-04-30,28.353836059570312,28.36781756058971,28.158097711997367,28.241986718113765,12700800
2015-05-01,28.598514556884766,28.61249606225343,28.311900363575806,28.36782638505047,10848300
2015-05-04,28.633464813232422,28.731332676683916,28.50064452236243,28.577541462702683,10204800
2015-05-05,28.486648559570312,28.75928108843809,28.43771465268112,28.75928108843809,11721300
2015-05-06,28.423748016357422,28.72434369680849,28.235001705374238,28.689391268855896,11906900
2015-05-07,28.451719284057617,28.598521124090155,28.31889628590429,28.332877794483593,13834700
2015-05-08,28.647441864013672,28.78026213423545,28.55656343349411,28.661423366147364,11144400
2015-05-11,28.619489669799805,28.934066919881726,28.577547814255464,28.647452684629283,10113500
2015-05-12,28.444713592529297,28.633459868030478,28.32587482649086,28.50063960009949,12384500
2015-05-13,28.696372985839844,28.913082247701418,28.46568488990852,28.48665580771175,13183700
2015-05-14,29.010948181152344,29.080853013704665,28.843172849648973,28.871135849349272,9961000
2015-05-15,29.024940490722656,29.143779283660262,28.96202505131468,28.976006556371942,8479000
2015-05-18,28.885128021240234,29.00396948052504,28.836194087034553,29.00396948052504,11511700
2015-05-19,28.87813377380371,28.9340571178175,28.752302916398982,28.822207763090958,9072000
2015-05-20,28.906095504760742,29.073870878281156,28.87813516475659,28.92007700811237,10965200
2015-05-21,28.822206497192383,28.885121923131443,28.710357147378375,28.84317741693912,9270900
2015-05-22,28.8082332611084,28.82920685357196,28.6893944595132,28.745317817116938,11909500
2015-05-26,28.654436111450195,28.787256391698097,28.47967132163498,28.745311882130782,15194300
2015-05-27,28.74530601501465,28.801232016356185,28.542580926897884,28.619475178694714,9863100
2015-05-28,28.759300231933594,28.87114961737491,28.577545980603837,28.801244751486475,9395200
2015-05-29,28.633464813232422,28.78725869391293,28.50064452236243,28.78725869391293,19628600
2015-06-01,28.619489669799805,28.948048427296463,28.577547814255464,28.913095992109554,12684100
2015-06-02,28.654436111450195,28.77327488850899,28.437726812067666,28.54957617088144,11878600
2015-06-03,28.570545196533203,28.80822540157872,28.50762976970648,28.73132847249063,8153800
2015-06-04,28.374807357788086,28.647439964571255,28.332862854168102,28.458693698329363,10145800
2015-06-05,28.032270431518555,28.325876656836524,28.018291595421545,28.297913651244528,15975600
2015-06-08,28.074214935302734,28.14411978257227,27.97634708244579,28.03227042692162,14339300
2015-06-09,28.102174758911133,28.255965938830297,28.0392593368128,28.0812011737459,10772700
2015-06-10,28.193056106567383,28.339857884451423,28.158101016567308,28.186064021887784,11979900
2015-06-11,28.263534545898438,28.369259570086456,28.214196918263777,28.270584314817132,11944900
2015-06-12,28.164865493774414,28.27763762301947,28.080287069015533,28.221252902746762,15568600
2015-06-15,27.904069900512695,28.094373300804936,27.889973053598606,28.07322937478312,11364800
2015-06-16,28.24944496154785,28.30582967853584,27.911125904821976,27.932272526304526,12517400
2015-06-17,28.38335609436035,28.418596872453325,28.200099746358475,28.24944006212746,13898400
2015-06-18,28.65120506286621,28.714639570386296,28.305838813323437,28.305838813323437,16314600
2015-06-19,28.474979400634766,28.65118594967657,28.474979400634766,28.608895409975055,23550600
2015-06-22,28.531375885009766,28.763969916408875,28.51727903261894,28.552519819246168,8775900
2015-06-23,28.460886001586914,28.559561250811267,28.411548376974736,28.496126777924342,11094900
2015-06-24,28.326969146728516,28.51022549763044,28.326969146728516,28.453838100830136,10385100
2015-06-25,28.2071475982666,28.432691789172676,28.207147598266605,28.390401245115722,10607600
2015-06-26,28.193056106567383,28.43974427202011,28.193056106567383,28.26353767135406,16215600
2015-06-29,27.770166397094727,28.17896438695397,27.770166397094727,28.052095396277004,15500800
2015-06-30,27.65034294128418,27.918177760913178,27.572811597020547,27.918177760913178,14621300
2015-07-01,27.840646743774414,27.911128318278763,27.685584053425178,27.75606831662925,11177400
2015-07-02,27.833589553833008,28.05913373677858,27.734911621182917,27.932264797784352,8975900
2015-07-06,27.784250259399414,27.91111920303402,27.643287156426602,27.713768707913008,10252600
2015-07-07,28.369266510009766,28.46089470747429,27.770165062918014,27.83359955520888,20335000
2015-07-08,28.094377517700195,28.355162503007417,28.080280668670206,28.186005692045608,11383700
2015-07-09,28.13667869567871,28.60186686778612,28.122584528675734,28.517285733566425,13392000
2015-07-10,28.467937469482422,28.559565653042604,28.305827722383206,28.383359055495724,13360400
2015-07-13,28.65824317932129,28.735774518552944,28.538423974108373,28.587761610219516,9854200
2015-07-14,29.017696380615234,29.081130852758942,28.785105108554212,28.82739565288297,19531000
2015-07-15,28.9895076751709,29.15161740825609,28.968361056977823,29.003604524399922,11252100
2015-07-16,29.236204147338867,29.32078257811906,29.144575945585416,29.19391358759885,10483700
2015-07-17,29.074087142944336,29.123424772697035,28.93312133420841,29.116377692174865,9608300
2015-07-20,29.16572380065918,29.27849594269194,29.052951658626423,29.14457717554682,10024200
2015-07-21,29.031801223754883,29.26439524856853,28.968366734142034,29.16571997332623,13653800
2015-07-22,28.8273983001709,29.313727505467508,28.608901167455496,28.763963822201852,15528600
2015-07-23,28.785118103027344,28.91198710458726,28.5313800999075,28.8908431672273,13522200
2015-07-24,28.50318717956543,28.778071816350604,28.48204324162047,28.728731479978794,10912500
2015-07-27,28.57365608215332,28.601849776712708,28.305821361236557,28.390399756216013,10945700
2015-07-28,28.580713272094727,28.707582253794154,28.503181928978446,28.65119753342755,11021800
2015-07-29,28.608898162841797,28.693476561684747,28.53841661192247,28.566607619070908,8479900
2015-07-30,28.587753295898438,28.721669313724135,28.46793143683441,28.580703527818873,9095500
2015-07-31,28.95426368713379,29.052938932100655,28.735766581350887,28.81329789916736,15309500
2015-08-03,29.278488159179688,29.28553523987708,28.785109160685764,28.792156241383157,14672600
2015-08-04,29.496980667114258,29.511077516277904,29.137520423888013,29.25733960873041,17559900
2015-08-05,29.68729019165039,29.75777445193684,29.475842788190267,29.546324359777106,15329200
2015-08-06,29.54631996154785,29.778913952820055,29.504032100370512,29.60270736138325,11378900
2015-08-07,29.440595626831055,29.581561428177213,29.271436127475855,29.468789324840092,10886700
2015-08-10,29.377159118652344,29.595656230060474,29.306677567203963,29.52517198991325,9501900
2015-08-11,29.236204147338867,29.29963864259897,29.0177069550652,29.179819423052013,11254900
2015-08-12,29.08112907409668,29.08112907409668,28.792150427271846,28.989503600036663,9602200
2015-08-13,28.968366622924805,29.16571986135131,28.904932133555498,29.095235601663422,10270900
2015-08-14,29.074087142944336,29.074087142944336,28.8696868547122,28.90492763472139,9904800
2015-08-17,29.14457130432129,29.215055559330054,28.876739201386208,28.91902706569206,8272800
2015-08-18,29.109315872192383,29.271425544083346,29.0317845750493,29.095219028284728,11199400
2015-08-19,28.742815017700195,29.0670371519382,28.742815017700195,28.996552910278243,15796500
2015-08-20,28.580713272094727,28.77101674464387,28.48908507671188,28.559569338044703,14218000
2015-08-21,27.861787796020508,28.524326358099056,27.847690944838046,28.305829197820042,28036200
2015-08-24,27.05123519897461,27.445936221558895,25.768451498177548,26.776353361475106,44065300
2015-08-25,26.776351928710938,27.685575799012092,26.734061383397353,27.57985346877652,31363700
2015-08-26,27.297924041748047,27.36840828952573,26.705869803911177,27.312020891303582,23523300
2015-08-27,27.678537368774414,27.75606871506198,27.206302208977316,27.530524446970748,18871600
2015-08-28,27.805397033691406,27.8194938818085,27.52346544874721,27.565755993098495,14503900
2015-08-31,27.713773727416992,27.805401911904045,27.530520047142222,27.593954530448745,12673300
2015-09-01,27.3120174407959,27.50936793224255,27.164004572210906,27.255630049697544,23703200
2015-09-02,27.41774559020996,27.537564776948127,27.178104528034535,27.50937107817476,14054800
2015-09-03,27.60100555419922,27.727874538935506,27.37546128993465,27.417751847746647,13311600
2015-09-04,27.149921417236328,27.34022492512282,27.051246121747074,27.262693567609787,15450500
2015-09-08,27.41774559020996,27.50937107817476,27.2062955381088,27.396598971780385,15273900
2015-09-09,26.99484634399414,27.636238159745865,26.924364790539677,27.572803686157282,13764600
2015-09-10,27.079421997070312,27.241534393217744,26.959602830620682,27.001893371619836,14952500
2015-09-11,27.107872009277344,27.150526247244006,26.901700819125917,27.022558109356485,11802300
2015-09-14,27.0865421295166,27.171856029283806,26.90880890632556,27.171856029283806,8950000
2015-09-15,27.370914459228516,27.463336488189306,26.95857210847543,27.065213119737386,13019800
2015-09-16,27.833026885986328,27.86146214369709,27.349592248980613,27.491776673516597,22233400
2015-09-17,27.99653434753418,28.160048565652122,27.754817087709096,27.83302012941624,21232500
2015-09-18,27.712156295776367,27.93965454261346,27.520204141508877,27.62684513121071,27527300
2015-09-21,27.861452102661133,27.946765981029184,27.683718924050655,27.761921956558158,12935800
2015-09-22,27.577085494995117,27.719272605293373,27.42779024957905,27.498882448731397,15021300
2015-09-23,27.555755615234375,27.64106950845336,27.40646037009148,27.5770854445359,8910800
2015-09-24,27.833026885986328,27.868572992120324,27.378027506691375,27.38513835511461,19385700
2015-09-25,28.167160034179688,28.4941912211159,27.960991559451248,28.032083762875715,22511300
2015-09-28,28.103179931640625,28.309351147453405,27.960995504729564,28.096071795092712,19323100
2015-09-29,28.195598602294922,28.231144704766027,27.9609921563906,28.096068430578313,14166900
2015-09-30,28.522626876831055,28.60082992889514,28.29512856827758,28.35200450141283,19752600
2015-10-01,28.295120239257812,28.7714465470748,28.15293316026798,28.593713376335753,19606600
2015-10-02,28.71457290649414,28.71457290649414,27.98231305285076,28.124500143109824,15537300
2015-10-05,29.155345916748047,29.183783872781174,28.743006402238745,28.757225380255306,15664000
2015-10-06,29.119802474975586,29.389957657864496,29.098475362008276,29.17667839221241,14579400
2015-10-07,29.517927169799805,29.581911223751412,29.219334014027936,29.247771974004902,14329700
2015-10-08,29.844959259033203,29.852070105902108,29.333086764210535,29.333086764210535,11960200
2015-10-09,29.873397827148438,29.94449002531559,29.702772754756335,29.731210718820606,13931200
2015-10-12,29.85917854309082,30.065349712481076,29.724102283142116,29.738321265030425,12299100
2015-10-13,29.6103515625,29.79519289321339,29.53214852227741,29.716989852990796,12903600
2015-10-14,29.631675720214844,29.830736012187796,29.546364553939732,29.546364553939732,14180000
2015-10-15,29.80230140686035,29.880504448077666,29.57480312986091,29.766755309577945,11801600
2015-10-16,29.873397827148438,30.008474088463437,29.773867664917013,29.97292798937986,20384200
2015-10-19,29.85207748413086,29.901842576539266,29.716998480170208,29.788093406463744,15553800
2015-10-20,30.065349578857422,30.14355262289881,29.85917841038348,29.85917841038348,16199300
2015-10-21,29.994253158569336,30.228862278873493,29.653005747939666,29.816519962700134,19254900
2015-10-22,30.74073600769043,31.174402745267916,30.150660471521842,30.171987588060265,35920200
2015-10-23,30.42081069946289,30.790496026660964,30.392372740756958,30.790496026660964,18796100
2015-10-26,30.27863311767578,30.491912450899427,30.18621107888112,30.399490412104765,14788600
2015-10-27,30.292842864990234,30.4065919888262,30.20042085437569,30.214639833854314,30166600
2015-10-28,30.378149032592773,30.45635205086412,30.008463762941716,30.392368009732344,13667300
2015-10-29,30.42081069946289,30.499013729907695,30.100890444003685,30.32838868966512,9427400
2015-10-30,30.108001708984375,30.470578940211333,30.10800170898438,30.427921997716016,15356200
2015-11-02,30.02979278564453,30.11510393421949,29.788075604688384,30.086665980697,16252200
2015-11-03,29.97292709350586,30.086676234369524,29.724101695364553,29.987146075113,9693100
2015-11-04,29.83785629272461,30.13644682509791,29.780980355895068,30.05113563184753,10488500
2015-11-05,30.09377670288086,30.107992967591866,29.844948678558175,29.859167655261686,9625100
2015-11-06,29.830738067626953,30.015582104618,29.581912685515853,29.83784891396914,11926700
2015-11-09,29.532146453857422,29.709879637553733,29.389959364501742,29.645895582943336,10842700
2015-11-10,29.695663452148438,29.72410141509457,29.45394619109314,29.461054325832965,8283100
2015-11-11,29.887609481811523,30.00135859818788,29.80229561053461,29.81651458908076,9101200
2015-11-12,29.560579299926758,29.89471578331237,29.553468455092965,29.866277827962584,10725000
2015-11-13,29.418399810791016,29.702771301540203,29.40418082945455,29.4752730241435,11619500
2015-11-16,29.830738067626953,29.859176029009156,29.425506609907007,29.45394457128921,11244900
2015-11-17,29.624568939208984,29.9658190751192,29.510819797903398,29.752537062176952,12739400
2015-11-18,30.058237075805664,30.10800215345488,29.631678492528586,29.69566255121948,12966300
2015-11-19,30.648319244384766,30.783395525640337,30.086681575174797,30.086681575174797,24090700
2015-11-20,30.164880752563477,30.982454607003717,30.14355363510639,30.79050241390922,19780800
2015-11-23,30.541662216186523,30.698068247682276,30.235960997531645,30.250179974212394,13338100
2015-11-24,30.826045989990234,30.996668339665497,30.328392498116244,30.356830460393237,15767200
2015-11-25,30.826045989990234,30.925576145966364,30.740734815152603,30.797608027713242,10344900
2015-11-27,30.912023544311523,30.976498323857474,30.661287075947154,30.833220732333942,7236700
2015-11-30,30.53232765197754,30.912013556758758,30.525165004472328,30.89052014865937,16063000
2015-12-01,30.725744247436523,30.876184402566484,30.61112278646257,30.61112278646257,11153000
2015-12-02,30.63977813720703,30.75439959557094,30.51082865494874,30.68276220889017,12598500
2015-12-03,30.417699813842773,30.72574551531997,30.317406372950902,30.611124049616222,15004400
2015-12-04,31.012292861938477,31.14840496473937,30.50366040470338,30.50366040470338,16488000
2015-12-07,30.94782257080078,31.119753385016935,30.804545070426638,31.02662533264611,12030700
2015-12-08,30.81171989440918,30.983653509375277,30.661279689308905,30.84037595236888,10736200
2015-12-09,30.560985565185547,30.99798087494618,30.44636406859194,30.64695100443274,12945500
2015-12-10,30.632619857788086,30.85470018043005,30.467851644005375,30.611129183361747,15483300
2015-12-11,30.281593322753906,30.68276989390456,30.188462510509826,30.539492351865626,17313400
2015-12-14,30.410547256469727,30.632624882749436,30.06668274528212,30.3102537823057,20092900
2015-12-15,30.854686737060547,30.976473548928134,30.63260651117881,30.68991859506722,17916400
2015-12-16,31.406312942504883,31.456459664992963,30.983645758111475,30.983645758111475,21868600
2015-12-17,31.15557289123535,31.44212514154757,31.10542344632009,31.384815784601468,14697000
2015-12-18,30.44636344909668,31.105436357901677,30.44636344909668,31.062455005548646,24583700
2015-12-21,30.646934509277344,30.761555944178042,30.417691639475937,30.67559055120016,10444400
2015-12-22,31.012292861938477,31.08393023545671,30.596788443718957,30.704247236786937,12280800
2015-12-23,31.28452491760254,31.327508992173623,31.055281985472703,31.083938035186762,9092300
2015-12-24,31.191404342651367,31.32035386452738,31.105436172872714,31.155585638306245,3036600
2015-12-28,31.15557289123535,31.177063558491284,31.026623422118053,31.119751468754327,6326100
2015-12-29,31.313186645507812,31.363333375205137,31.16274645641584,31.191402511326256,7739800
2015-12-30,31.212894439697266,31.35617198721191,31.12692900430525,31.34184395918125,5112500
2015-12-31,30.775897979736328,31.048125036387553,30.71142322244503,31.01946898141546,9727900
2016-01-04,30.374725341796875,30.446362749266612,30.066679570651527,30.331741257639877,16084100
2016-01-05,30.48219871520996,30.53951085987542,30.209971493635965,30.31026774680052,15781900
2016-01-06,30.317411422729492,30.45352358192675,30.116824507535263,30.231445992330787,16245100
2016-01-07,29.815948486328125,30.166978404115746,29.694164325392926,29.837441898628533,20563600
2016-01-08,29.737133026123047,30.174128208718148,29.66549563639553,29.837429197649318,14645900
2016-01-11,29.787281036376953,29.987867904137246,29.579528790316015,29.787281036376953,15815200
2016-01-12,30.174142837524414,30.410551257263258,29.995046543586223,30.303092387783316,21814800
2016-01-13,29.9807071685791,30.496505174456406,29.937725823283685,30.209950119459783,16854300
2016-01-14,30.002197265625,30.20994678815754,29.830263705028123,30.08100003369893,16028000
2016-01-15,29.729970932006836,29.79444567707465,29.32163179084113,29.33595981561079,21153600
2016-01-19,30.030851364135742,30.174128879567455,29.83742986101293,29.923395277155436,15462200
2016-01-20,29.644020080566406,29.815950996690983,29.19269664335227,29.694166825502126,19923500
2016-01-21,29.651180267333984,29.737145718256233,29.436265273632156,29.694164359191316,15568900
2016-01-22,30.13115692138672,30.260106452153806,29.69416159298627,29.830273771999458,15209200
2016-01-25,30.20279312133789,30.446364143799972,30.038024890377077,30.260105236172283,12505200
2016-01-26,30.145477294921875,30.446357635105365,30.038018468975505,30.202786664712864,13018500
2016-01-27,30.152637481689453,30.417699102532612,29.95205060459639,30.217112225439546,14167000
2016-01-28,30.496517181396484,30.603976052526285,30.13116193858187,30.21712739581014,16622800
2016-01-29,30.747241973876953,30.990812975945143,30.553820434485928,30.704260624141977,20457000
2016-02-01,30.804548263549805,30.912007083167083,30.496502562291006,30.51799323309794,17097800
2016-02-02,30.403383255004883,30.65411968458565,30.381892576077973,30.589644915012574,12332900
2016-02-03,30.603965759277344,30.761568589056065,30.28875463413652,30.661275133890054,15958300
2016-02-04,30.467844009399414,30.725742969058434,30.37471595502672,30.460681363982697,14413700
2016-02-05,30.403383255004883,30.797397253947178,30.27443371585874,30.754413163301017,17315700
2016-02-08,30.553815841674805,30.589634538667003,30.016527188417626,30.209948698733772,17254400
2016-02-09,31.019468307495117,31.155583199259443,30.274427291158222,30.274427291158222,24853800
2016-02-10,30.48219871520996,31.08396257022994,30.45354264287723,31.048143846210763,16729600
2016-02-11,30.381881713867188,30.525159232003762,30.073836006350533,30.109654702686836,16825300
2016-02-12,30.883352279663086,30.90484295133714,30.489341146487455,30.603962616734755,15222400
2016-02-16,31.062450408935547,31.13408780745104,30.818879428074663,31.03379435641272,12675900
2016-02-17,31.15557289123535,31.248700937871625,31.00513002207127,31.10542344632009,12332500
2016-02-18,31.241552352905273,31.327517793407488,31.01947200441647,31.255880381787655,11170300
2016-02-19,31.356168746948242,31.356168746948242,31.005138928451462,31.220056593910357,12850000
2016-02-22,31.47794532775879,31.63555084923743,31.255867801447234,31.356161230464192,20716100
2016-02-23,31.29886817932129,31.556767286715182,31.277377497969344,31.33468962529805,11166400
2016-02-24,31.45646858215332,31.477959259942757,31.06961998519025,31.205734898635882,10844200
2016-02-25,31.635555267333984,31.649883292450397,31.427803002333004,31.492277748961193,10903300
2016-02-26,30.904857635498047,31.56393345216744,30.883366953612892,31.549605419979766,18421000
2016-02-29,30.897689819335938,31.241554335963674,30.747246872917593,30.92634314612739,15049800
2016-03-01,31.29886817932129,31.298868179321286,30.92634755006262,31.076790517904154,12358300
2016-03-02,31.356168746948242,31.356168746948242,31.105432381510074,31.14125381428098,12856300
2016-03-03,31.492284774780273,31.506612803093223,31.19140437858427,31.241551111283606,13134800
2016-03-04,31.59974479675293,31.628400854445296,31.29169900854018,31.363336419979024,13691500
2016-03-07,31.528106689453125,31.621237516574165,31.420650565352467,31.45646927338602,10695300
2016-03-08,31.75017547607422,31.8576342937892,31.38482041486754,31.463620450695103,18900200
2016-03-09,32.10121154785156,32.11553957521262,31.728691034839464,31.800328438852954,18466600
2016-03-10,32.4020881652832,32.42357883743588,32.00807702333232,32.12269849613242,28908600
2016-03-11,32.63312530517578,32.66922334368506,32.438192592301114,32.488730397034864,16129300
2016-03-14,32.698089599609375,32.79194391080473,32.517596726245365,32.517596726245365,13206700
2016-03-15,32.661991119384766,32.89302177373439,32.53925453507879,32.54647579220995,13686300
2016-03-16,32.52482986450195,32.611465711551276,32.16384395534188,32.52482986450195,15386100
2016-03-17,33.044647216796875,33.14572282080017,32.467070369561156,32.5248266772329,24080000
2016-03-18,32.92191696166992,33.116849701747824,32.77030352631073,33.095191426440564,23853400
2016-03-21,32.97244644165039,33.11684133345475,32.74863697575194,32.79195351542081,9740400
2016-03-22,32.849708557128906,33.01576169846377,32.77029123864198,32.88580658714029,13788300
2016-03-23,32.82084274291992,33.00133572248385,32.741425391255106,32.77752619045133,9292100
2016-03-24,32.907470703125,32.921907713204725,32.62589943270906,32.81361361298635,10890200
2016-03-28,33.0662956237793,33.160152694113634,32.85692321845763,32.89302399834972,13306600
2016-03-29,33.5572395324707,33.57889779908992,33.07351988395427,33.109617913020664,25010400
2016-03-30,33.62944030761719,33.73773440113736,33.44894739764698,33.665538338790576,14312200
2016-03-31,33.49226760864258,33.84603496280978,33.44172980863349,33.6077829735353,15544500
2016-04-01,33.8099365234375,33.83881329873777,33.29011601058355,33.31177428058463,14922900
2016-04-04,33.85325622558594,33.88213575768728,33.57168767285729,33.81715818751115,10629800
2016-04-05,33.59334945678711,33.79550344852625,33.52837187981811,33.65832703375611,10696700
2016-04-06,33.72330093383789,33.73774069982373,33.485051680330834,33.62222532604073,9122700
2016-04-07,33.470619201660156,33.62945390798262,33.3262242644674,33.57169483146378,9292000
2016-04-08,33.83882141113281,33.91823875898067,33.528373280875286,33.528373280875286,11959300
2016-04-11,33.52836608886719,34.0265283442893,33.50670781831965,33.86047517718312,11880100
2016-04-12,33.67997741699219,33.75939198231698,33.463383726151115,33.50670301513997,11219100
2016-04-13,33.23958206176758,33.773839647110165,33.08074738575036,33.766621140974756,13234100
2016-04-14,33.08797073364258,33.3695393104538,33.03021166449976,33.25402392627217,12982200
2016-04-15,33.28289794921875,33.32621724748682,32.97967112365361,33.08074673217532,13647800
2016-04-18,33.369529724121094,33.41284625943032,33.08073996957796,33.282891145296226,11538100
2016-04-19,33.64388656616211,33.65832633342188,33.31900144218111,33.43451682615533,14418300
2016-04-20,32.03388595581055,32.763078969693666,31.81007647468307,32.734199438547,40360300
2016-04-21,31.521276473999023,31.968898045547935,30.950918311835043,31.954458284645998,37206900
2016-04-22,32.15662384033203,32.2432596830474,31.615145003679352,31.615145003679352,25134200
2016-04-25,32.27935028076172,32.28657153921733,32.041101079686314,32.12773690243163,11173800
2016-04-26,32.14940643310547,32.45985455698646,32.0772103478744,32.43097502125239,13935500
2016-04-27,32.2576904296875,32.38764553447601,31.94724242981529,32.22881090548938,11335500
2016-04-28,32.22160339355469,32.41653611723671,32.09886675089388,32.127746284943946,10932500
2016-04-29,32.344322204589844,32.38764148547137,32.12773130838754,32.14938957177697,11716000
2016-05-02,32.47429275512695,32.625906179246044,32.1782844134213,32.1782844134213,12577500
2016-05-03,32.37319564819336,32.53924872924764,32.2360220823056,32.39485390751718,10420500
2016-05-04,32.47429275512695,32.56814986467381,32.13496511191414,32.286581290137214,9350500
2016-05-05,32.532047271728516,32.842495337163506,32.394870879869025,32.438190175314695,8801100
2016-05-06,32.719757080078125,32.784734642957105,32.430967299704115,32.53204565070744,8564000
2016-05-09,32.661991119384766,32.84970249325534,32.611450581774555,32.71974740592085,8110600
2016-05-10,33.03021240234375,33.09518997952892,32.79196036796345,32.806400135571714,8933500
2016-05-11,32.82084274291992,33.12407238072156,32.81362423554326,33.01577549134148,8833100
2016-05-12,33.08797073364258,33.13850854209054,32.84250019799361,32.88581674574672,10463400
2016-05-13,32.741416931152344,33.08796578598161,32.65478109449682,33.03020672547553,10341200
2016-05-16,32.93635177612305,33.01576911244383,32.58980565280817,32.60424541887592,9413600
2016-05-17,32.308231353759766,32.89302938203126,32.27935182676045,32.81361205983477,17457000
2016-05-18,32.11330795288086,32.365999755954384,31.932814988158665,32.17106702356192,12524300
2016-05-19,31.997793197631836,32.04833100842393,31.795641954463463,31.947255386839743,10659500
2016-05-20,31.730653762817383,32.15661713566816,31.723432504202865,32.13495611392781,12914100
2016-05-23,31.74510383605957,31.882277499151158,31.723442807284194,31.81729992103323,13554700
2016-05-24,32.03388595581055,32.069983992692045,31.76675717796307,31.83895325172606,12634200
2016-05-25,32.041107177734375,32.22160011603195,31.94725007867061,32.13496152269447,9218100
2016-05-26,32.26491165161133,32.322670704873055,32.0844187413233,32.14939629919112,8695800
2016-05-27,32.32989501953125,32.45985015862132,32.23604067226911,32.27935721589664,7893900
2016-05-31,32.19993209838867,32.47428207617456,31.954461645444052,32.47428207617456,18935200
2016-06-01,32.27214431762695,32.32990063720069,32.120530880378645,32.19994547552951,8916000
2016-06-02,32.28657150268555,32.28657150268555,32.12773686607956,32.27213173989381,6693900
2016-06-03,32.517608642578125,32.524827148352784,32.25769836903136,32.30823617176504,13434900
2016-06-06,32.755859375,32.83527671263868,32.54648964880254,32.55370815490432,10310600
2016-06-07,32.719757080078125,32.835272441407035,32.633121247607306,32.741415349669964,9812600
2016-06-08,32.88581085205078,32.965228180837215,32.62590059569644,32.66200138449283,7915400
2016-06-09,33.03742980957031,33.0663093438257,32.71254468856111,32.72698445568881,8042900
2016-06-10,33.20348358154297,33.21792059362188,32.89303549387422,32.93635203831855,12357000
2016-06-13,32.82518005371094,33.22530914088514,32.80335568857081,33.08708353629026,10613500
2016-06-14,32.76698303222656,32.83245890728873,32.33047627340386,32.62875464308161,11298200
2016-06-15,32.74515914916992,32.98523830669865,32.65058503428732,32.82518553501283,8360400
2016-06-16,32.963401794433594,32.98522615517812,32.53417179003999,32.6432963689865,11305400
2016-06-17,32.5850944519043,32.89792321439809,32.28681618711064,32.86154558253591,20805400
2016-06-20,32.723323822021484,32.9634028991527,32.70877332262953,32.80335018106523,10712400
2016-06-21,32.83244323730469,32.941567793509854,32.73786640174822,32.854267593501056,7919400
2016-06-22,32.63602066040039,32.97795042724353,32.59964580280987,32.919748434919704,10738900
2016-06-23,32.79608154296875,32.861554637825556,32.62147829767731,32.759703901082396,9655300
2016-06-24,31.959436416625977,32.4177673735794,31.87941006816482,32.15586396960602,26003700
2016-06-27,31.850317001342773,31.93034336972393,31.515663801952787,31.770290632961622,15779500
2016-06-28,32.14132308959961,32.148596952898224,31.770292231208035,32.05402285389402,16509800
2016-06-29,32.33047103881836,32.52689863220154,32.184971584659735,32.2940961752787,12250900
2016-06-30,32.97795867919922,32.97795867919922,32.36685148300258,32.388675847973175,16056500
2016-07-01,32.82518005371094,33.03615816748033,32.788805186735914,32.97795893536518,11799700
2016-07-05,33.05070877075195,33.22530924285773,32.84700729488706,32.854281158214604,12339100
2016-07-06,32.934295654296875,33.13799705670373,32.67966612606484,33.10162220273443,10902600
2016-07-07,32.80335235595703,33.11618117556485,32.71605212904123,33.04342867378153,9741100
2016-07-08,33.01432418823242,33.11617489619231,32.78879563830434,32.95612219784183,11127100
2016-07-11,33.152549743652344,33.29805194436602,32.81789662466743,32.992497045344926,10937800
2016-07-12,33.159820556640625,33.254394611555625,32.868816206318506,33.20346926653273,9739000
2016-07-13,33.27623748779297,33.290785214492104,33.05070887081371,33.18166061290174,8028400
2016-07-14,33.2398567199707,33.42173381407801,33.159833129751824,33.268957721081684,7621200
2016-07-15,33.196197509765625,33.392625042394215,33.05796918575476,33.37807454643395,10621000
2016-07-18,33.196197509765625,33.24712285801489,33.087070177675294,33.23984622242308,7958300
2016-07-19,33.196197509765625,33.254396718383354,33.05069532538629,33.07251968171502,7761100
2016-07-20,33.10890579223633,33.29805952881561,33.02160556201281,33.28350902790764,8478200
2016-07-21,33.06525421142578,33.10890293515881,32.92702585234043,32.98522785094985,8045100
2016-07-22,33.34172058105469,33.34899444597986,33.072540399996925,33.10164141014778,8836100
2016-07-25,33.152549743652344,33.341703437147224,33.07980003090733,33.327152939553486,9134300
2016-07-26,32.65058517456055,33.21076710264264,32.6142103013552,33.123464076679895,15819900
2016-07-27,31.57387351989746,32.05402907226341,31.35561872545612,31.93762781033303,37461100
2016-07-28,31.75572967529297,31.784827890123555,31.44290097027311,31.47927582022871,13077800
2016-07-29,31.74118995666504,31.828490181242266,31.632062594525422,31.806665818903983,16530500
2016-08-01,31.610240936279297,31.88669490885118,31.595690435067688,31.78484140036992,12349700
2016-08-02,31.668426513671875,31.704804138630703,31.50837661979022,31.537474834444883,12825200
2016-08-03,31.748456954956055,31.79210844541918,31.55202941070724,31.7630074517771,12119100
2016-08-04,31.653886795043945,31.864864880649122,31.573863208471302,31.69026443238725,11244100
2016-08-05,31.632064819335938,31.828492419868326,31.58113945348209,31.7557426901412,10398200
2016-08-08,31.60295867919922,31.661160673697605,31.442908744776354,31.595684817498846,8680300
2016-08-09,31.624801635742188,31.74847677308666,31.55932574678769,31.646626006985272,7281300
2016-08-10,31.726646423339844,31.784845660762876,31.64662004356155,31.748470790470392,8412100
2016-08-11,31.828489303588867,31.91578952575884,31.733912444024046,31.80666494185238,11303300
2016-08-12,32.03219223022461,32.14859345691556,31.857591777800256,31.944892004012434,10928900
2016-08-15,32.18496322631836,32.25043907377553,32.017633902087326,32.0831097495445,10390600
2016-08-16,31.886699676513672,32.192251921970254,31.886699676513672,32.192251921970254,9706100
2016-08-17,32.05401611328125,32.061289975050244,31.850311905839046,32.01763847876466,11208500
2016-08-18,32.08311080932617,32.19951201140354,32.01036109873665,32.01763495970618,9144300
2016-08-19,31.95216178894043,32.0540152776181,31.82121285394531,32.04673864081494,9385900
2016-08-22,31.821226119995117,31.974002253867237,31.81394948015837,31.966725614030494,8687500
2016-08-23,31.9012393951416,31.995816255800236,31.821215809440975,31.9012393951416,8421100
2016-08-24,31.9012393951416,31.96671525633234,31.763013810505182,31.879415033152707,11508900
2016-08-25,31.770296096801758,31.96672373245767,31.741197864842388,31.901247853905698,9815700
2016-08-26,31.515657424926758,31.952161268396047,31.508383563465898,31.806661837388788,11824900
2016-08-29,31.67571449279785,31.726639855710378,31.522938404060277,31.530212266523147,9544600
2016-08-30,31.45746612548828,31.668441463641308,31.37016311464104,31.61751609492598,9720100
2016-08-31,31.595693588256836,31.61751795464011,31.341066729703265,31.595693588256836,10217900
2016-09-01,31.537477493286133,31.58112898178298,31.428352934879065,31.435626795350185,8457800
2016-09-02,31.76300621032715,31.886684040860334,31.62478065876502,31.66115551178417,9026000
2016-09-06,31.857582092285156,31.864855952581333,31.573854361937915,31.82120724035764,8600400
2016-09-07,31.748456954956055,31.86485815430089,31.668430610052077,31.806658942240226,8656600
2016-09-08,31.74118995666504,31.81393968127538,31.61023823218714,31.770288181374713,10020400
2016-09-09,30.751781463623047,31.5956911257745,30.751781463623043,31.5956911257745,23624200
2016-09-12,31.421085357666016,31.450186358386865,30.802704356080884,30.81725485644131,15932300
2016-09-13,31.01035499572754,31.36974776858633,30.959013570733116,31.36974776858633,12962700
2016-09-14,30.885671615600586,31.105706709081566,30.7976581377878,31.00302385198364,9823900
2016-09-15,31.069028854370117,31.09103152023747,30.716972211004993,30.812318961695187,10158500
2016-09-16,30.907676696777344,30.99569018145632,30.782991159973648,30.92967936847253,16354000
2016-09-19,30.87833023071289,31.076362620248375,30.863663651841406,30.922338361019953,7659900
2016-09-20,31.054349899291992,31.193704736631197,30.981005837091704,31.03234724021123,8407200
2016-09-21,31.193700790405273,31.252378271059687,30.87831632662848,31.010337860204636,13654700
2016-09-22,31.509090423583984,31.545762456061293,31.31105809073043,31.3257274633007,9288300
2016-09-23,31.347736358642578,31.494424504637383,31.2817255737861,31.39907776932017,8852700
2016-09-26,30.84166145324707,31.333075834398745,30.81232269660265,31.325739746288722,15036000
2016-09-27,31.23773193359375,31.267070695553475,30.80499498733196,30.944349909793157,11920400
2016-09-28,30.915002822875977,31.3624061912488,30.826986568664015,31.267059446031837,15523800
2016-09-29,30.82699203491211,31.09103524857353,30.694970428081398,30.819658744709436,12671700
2016-09-30,31.039688110351562,31.17170969288261,30.848991823305212,30.959007943482884,14375700
2016-10-03,30.82699203491211,31.03236053325867,30.72430918468774,31.03236053325867,11152800
2016-10-04,30.687637329101562,31.054363395272517,30.643629193917825,31.054363395272517,13682700
2016-10-05,30.66562843322754,30.856324717836927,30.562942805317725,30.753641887824386,9607300
2016-10-06,30.592281341552734,30.76097496080389,30.496934598865508,30.570278677532183,9722900
2016-10-07,30.606958389282227,30.760982671830725,30.489606155259857,30.680305284232432,8122800
2016-10-10,30.606958389282227,30.797657518254805,30.511608824795942,30.746313292840682,8983600
2016-10-11,30.467599868774414,30.58495208886536,30.36491702593204,30.555613334368218,12249100
2016-10-12,30.643627166748047,30.687635299020513,30.43826147860519,30.53361103291337,12216300
2016-10-13,30.62895393371582,30.72430347602129,30.445590935842315,30.548276564885214,17655600
2016-10-14,30.562942504882812,30.73897221024341,30.52627046565272,30.69496408442895,9893800
2016-10-17,30.5116024017334,30.7023014905615,30.489599736829142,30.60695194614745,10792500
2016-10-18,30.782987594604492,30.80499026375127,30.60695784773655,30.6656353626585,11297300
2016-10-19,30.84166145324707,30.893002878425897,30.665634509176197,30.753647981211635,16367400
2016-10-20,30.753633499145508,30.88565504397786,30.72429475631687,30.782972241974143,10620500
2016-10-21,30.90032958984375,30.929665539688358,30.570275672493295,30.69496115354959,14401500
2016-10-24,31.21572494506836,31.369749227213436,30.988353768165187,31.03969519554688,13439200
2016-10-25,31.2010498046875,31.450423605021008,31.120369634300562,31.274393888004294,16484700
2016-10-26,31.127702713012695,31.560439516609808,31.105700047745906,31.53843685134302,16886200
2016-10-27,30.892995834350586,31.281727276507898,30.731638305393904,31.267057901530528,14537000
2016-10-28,30.97368049621582,31.1497102236126,30.878330943963494,30.995683162928817,13398400
2016-10-31,31.09836769104004,31.105700980383038,30.89299921676864,30.89299921676864,13327500
2016-11-01,30.892995834350586,31.120366949654024,30.738971593933993,31.098364286136565,12223400
2016-11-02,30.84166145324707,31.05436324207239,30.81232269660265,30.878333500103686,12034300
2016-11-03,30.82699203491211,30.966349729843316,30.775650609799925,30.966349729843316,11258000
2016-11-04,30.577619552612305,30.834329487430455,30.577619552612305,30.694971786332676,14464200
2016-11-07,31.14236831665039,31.1717070653837,30.8343198486419,30.8343198486419,14038500
2016-11-08,31.450424194335938,31.52376827902705,31.076362087877815,31.076362087877815,12036600
2016-11-09,31.003028869628906,31.039700924827873,30.584961284984033,30.62896663206341,21351000
2016-11-10,30.027528762817383,30.995685336652386,29.961517960151458,30.702306167613237,33245500
2016-11-11,30.09354019165039,30.16688708385968,29.800161016506795,30.034865475780816,13421000
2016-11-14,30.196212768554688,30.3795757398417,29.961508389139066,30.166876819550414,19514200
2016-11-15,30.394250869750977,30.452928374666442,30.196218487507426,30.203554574570575,16554000
2016-11-16,30.262224197387695,30.54827278894689,30.188880126462955,30.364909813738077,12681400
2016-11-17,30.159547805786133,30.29156939990139,30.071534342341813,30.276900023011077,12398800
2016-11-18,30.005521774291992,30.21822352980106,29.99818848522844,30.09353523254156,16345300
2016-11-21,30.335569381713867,30.335569381713867,29.87349392643497,30.005515485086086,12307000
2016-11-22,30.342906951904297,30.584947442892393,30.24756021111856,30.40158445198524,12743500
2016-11-23,30.159547805786133,30.298905487295325,30.093537008728504,30.232894690237696,9281300
2016-11-25,30.460262298583984,30.49693713886912,30.247563333576633,30.357579460739576,7402300
2016-11-28,30.621620178222656,30.650958928930667,30.269563563418306,30.44559047187185,19424400
2016-11-29,30.43671226501465,30.71038299674128,30.42931415733072,30.71038299674128,11421900
2016-11-30,29.844987869262695,30.47369441097173,29.8449878692627,30.32576329400776,22410400
2016-12-01,29.711841583251953,29.874566047170568,29.497344488100808,29.8153953103687,20409900
2016-12-02,29.852378845214844,29.9485344715025,29.726636438292417,29.807998674262688,11176300
2016-12-05,30.044681549072266,30.096456994538244,29.815391096737265,29.837579767208354,15977800
2016-12-06,30.00771141052246,30.155642522706746,29.896762370996427,30.14084912933319,11303500
2016-12-07,30.54026222229004,30.540262222290036,29.96333116812556,29.98552266891541,13726500
2016-12-08,30.310964584350586,30.481084351481304,30.214808951954655,30.377533434232245,13077100
2016-12-09,31.065401077270508,31.22812550961888,30.54024854575532,30.69557487396967,28125800
2016-12-12,30.9914493560791,31.072808783232002,30.858311643936336,31.065413497691246,17561900
2016-12-13,30.88789176940918,31.035822855802152,30.725170113772624,30.85830780937122,18986000
2016-12-14,30.481090545654297,31.058021635719253,30.37014432100633,30.98405466440249,17937900
2016-12-15,30.732566833496094,30.924878101252446,30.39972257895696,30.39972257895696,14265300
2016-12-16,30.87310218811035,30.887892757827238,30.680790923180258,30.776946555645303,19675200
2016-12-19,30.82132339477539,30.91747902563961,30.754757367504972,30.836116785796875,8687300
2016-12-20,30.81393051147461,30.858310687997754,30.65120601910746,30.843517295823375,10603500
2016-12-21,30.747365951538086,30.93967725511154,30.710383876712864,30.769554632122926,9693600
2016-12-22,30.732566833496094,30.784342292918744,30.38493200902271,30.747360224981268,11894100
2016-12-23,30.769548416137695,30.8361172659956,30.58463525781583,30.78434180738955,6436600
2016-12-27,30.776960372924805,30.887906624915924,30.725184891018518,30.739978288927762,6999200
2016-12-28,30.614227294921875,30.821329164892884,30.614227294921875,30.68819426387678,8988000
2016-12-29,30.769548416137695,30.8361172659956,30.60682675546905,30.60682675546905,6875300
2016-12-30,30.66599464416504,30.94706340868325,30.584632410629457,30.83611439539825,11470200
2017-01-03,30.917469024658203,30.924867128551274,30.532849447166388,30.69557387421483,14711000
2017-01-04,30.806528091430664,31.043216668302055,30.76214792518588,30.97664782971008,9959400
2017-01-05,30.880495071411133,30.96185730628092,30.717770601671557,30.813926226658637,8968300
2017-01-06,30.87310218811035,30.924877646772096,30.72517109698356,30.843515405574816,10246600
2017-01-09,30.562442779541016,30.754754020339437,30.48108054855326,30.495873937964717,14822500
2017-01-10,30.355348587036133,30.651207984844806,30.222210870479298,30.651207984844806,19706800
2017-01-11,30.36273956298828,30.414515020794322,30.200017904833942,30.21480847430638,9266200
2017-01-12,30.28877830505371,30.355347160203102,30.17782927262102,30.333155660785902,8541200
2017-01-13,30.236997604370117,30.355341901740328,30.09646181142695,30.325755122010122,8123500
2017-01-17,30.488483428955078,30.547654174317344,30.17782784576253,30.207414629219148,12469400
2017-01-18,30.54026222229004,30.606831081557043,30.4293131829946,30.51067543560442,10390500
2017-01-19,30.4293155670166,30.540264615004475,30.34795330803236,30.4293155670166,10987100
2017-01-20,30.562442779541016,30.651200294459233,30.421909812457955,30.525460716787634,14695400
2017-01-23,30.643808364868164,30.69558382270046,30.481083885080473,30.55505084023435,11628900
2017-01-24,30.9914493560791,31.04322481951783,30.67339846835484,30.67339846835484,17040100
2017-01-25,31.1541690826416,31.25032471796191,30.991447416966043,31.021031378829168,12538200
2017-01-26,30.924877166748047,31.146772389218484,30.910083775709907,31.08759882506592,8976800
2017-01-27,30.658611297607422,31.02843772382331,30.636419793379304,30.998850932553626,12967400
2017-01-30,30.606828689575195,30.68079282895753,30.481086266763956,30.54765512082848,11626200
2017-01-31,30.747365951538086,30.8361234954289,30.592039544341294,30.614228224926137,12678000
2017-02-01,30.518064498901367,30.813926662329052,30.51066921451349,30.710375751594572,11136100
2017-02-02,30.621623992919922,30.688192851139142,30.510674955370806,30.62901927869929,9459700
2017-02-03,30.725175857543945,30.910089044715175,30.66600228330452,30.754762644663657,11882400
2017-02-06,30.739965438842773,30.821324861005102,30.62162112659188,30.71777394047944,15742800
2017-02-07,30.9914493560791,31.050620105058588,30.82132675157912,30.843518251303678,13315200
2017-02-08,31.08020782470703,31.176363468934515,30.947070108561665,30.99884557355695,14219700
2017-02-09,30.51067543029785,31.080208376916232,30.11866038221104,31.080208376916232,27240300
2017-02-10,30.01510238647461,30.473686185891417,29.992910890911272,30.340548498713858,28847300
2017-02-13,30.044681549072266,30.200010707020365,29.955924045637754,30.155630544528027,23617100
2017-02-14,29.978118896484375,30.02989435262453,29.74882839687818,29.867172699705787,32177800
2017-02-15,29.91154670715332,30.05208249087223,29.88196275091551,29.8967533182592,26600800
2017-02-16,30.47369384765625,30.532864600417223,29.95593635862894,29.992918431798465,22214800
2017-02-17,30.495882034301758,30.592037680229286,30.362744315802495,30.42191788915829,15065100
2017-02-21,30.66599464416504,30.695581423914454,30.473686218895075,30.473686218895075,17072600
2017-02-22,30.769548416137695,30.82872198114511,30.621620146720904,30.702979566279787,11186800
2017-02-23,30.81393051147461,31.065412535337,30.784343727125844,30.821325796786272,12856800
2017-02-24,30.902690887451172,30.99884653465991,30.76955316717794,30.843520134858245,13215300
2017-02-27,30.82132339477539,30.880496958861322,30.762152652240296,30.880496958861322,12186400
2017-02-28,31.035825729370117,31.117187975497018,30.799137097846977,30.828723882175133,15946800
2017-03-01,31.18375587463379,31.324288863562924,30.976654033780125,31.07280684757592,14662000
2017-03-02,31.413061141967773,31.479630019169775,31.11719883850287,31.12459694794311,15507600
2017-03-03,31.42044448852539,31.427842595153987,31.250324716230256,31.413049203447763,11740000
2017-03-06,31.19855499267578,31.3834681906781,31.15417480939669,31.316899326535207,16307800
2017-03-07,31.05801773071289,31.242930903428004,31.028430945906212,31.065413016139015,11273700
2017-03-08,31.05801773071289,31.087601693968477,30.873104557997777,31.065413016139015,14636000
2017-03-09,31.087604522705078,31.14677809770279,31.006242267858905,31.13198470395336,14496400
2017-03-10,31.2799129486084,31.36127519598606,31.176362023419045,31.23553277143392,16369700
2017-03-13,31.36199188232422,31.42914829766677,31.220218492803326,31.27991150285498,12831500
2017-03-14,31.317232131958008,31.414233657890758,31.21276719851908,31.32469269300824,9844500
2017-03-15,31.429141998291016,31.548530840920193,31.31721655945683,31.324677116797297,22757800
2017-03-16,31.526153564453125,31.630618469943926,31.264991300726123,31.361992800707473,16004200
2017-03-17,31.36199188232422,31.600769615441042,31.34706791819753,31.54853716422518,37526500
2017-03-20,31.47393035888672,31.59331926401822,31.39184995289831,31.414234483092958,11484200
2017-03-21,31.712703704833984,31.80970806611517,31.496310455228123,31.570930289465814,17187300
2017-03-22,31.62314796447754,31.861925629483952,31.526143648551717,31.757460756850435,11605500
2017-03-23,31.466445922851562,31.630606625123402,31.384368418169768,31.496293840801737,11503300
2017-03-24,31.429141998291016,31.526146322444266,31.272444676050437,31.5112223613088,13804400
2017-03-27,31.578384399414062,31.59330836321321,31.376915157808142,31.421687049205584,12387400
2017-03-28,31.660470962524414,31.757475322942895,31.518697548417098,31.518697548417098,14123800
2017-03-29,31.65300941467285,31.73508981319646,31.55600789501383,31.72016584560528,9580100
2017-03-30,31.78731346130371,31.802237424756186,31.53361177552154,31.6007681878302,11999900
2017-03-31,31.667926788330078,31.824626992181283,31.66046622931582,31.75000716976281,11551800
2017-04-03,31.64554786682129,31.809708658746988,31.54108294339791,31.772400164160878,11240000
2017-04-04,31.84701156616211,31.854472125188195,31.61569438598093,31.72015929107721,10946200
2017-04-05,31.764938354492188,31.981331619009694,31.735090418740292,31.82463422599598,10142800
2017-04-06,31.839555740356445,31.906712173399097,31.69032175266688,31.772402153769654,14597800
2017-04-07,31.79477310180664,31.8917774295351,31.72015329337912,31.817157621107576,11028800
2017-04-10,31.854469299316406,31.93654967359774,31.757467808306583,31.88431722568324,9426900
2017-04-11,31.83208656311035,31.899242977974815,31.72762166142231,31.847010527130795,8909400
2017-04-12,32.041015625,32.07832695741521,31.720157522123344,31.742544890863474,13417200
2017-04-13,31.929086685180664,32.14547986518862,31.921623280929513,31.988779686916303,9891900
2017-04-17,32.13801574707031,32.13801574707031,31.921622571868998,31.929085975954365,11318100
2017-04-18,32.44396209716797,32.526042494373236,32.15295184995347,32.167875817304946,13181600
2017-04-19,32.25740432739258,32.675266712621024,32.22755640420741,32.63795823186688,13893100
2017-04-20,32.1529426574707,32.30964000017807,32.12309473130123,32.2350230312093,10838300
2017-04-21,32.13801574707031,32.16040026641712,32.00370293808016,32.07085934257524,13833800
2017-04-24,32.29472351074219,32.406651836552726,32.19772199792566,32.26487842412087,16703800
2017-04-25,32.16785430908203,32.4066319341416,31.951461196854982,31.9738457096875,18745100
2017-04-26,32.26487350463867,32.40664689545409,32.070864815675336,32.13056067272717,13626600
2017-04-27,32.0932502746582,32.29471952840015,32.02609385674422,32.21263914578804,10386200
2017-04-28,32.19772720336914,32.23503570251917,31.9738705155569,32.05595092156059,10337800
2017-05-01,32.24995422363281,32.458884060744246,32.16041042505173,32.19772176435496,13208200
2017-05-02,32.37680435180664,32.41411284544158,32.20518300392141,32.24995490415671,11823900
2017-05-03,32.32456970214844,32.45142198766252,32.197720263089764,32.33203310824331,10389000
2017-05-04,32.57826614379883,32.69019444542818,32.38426031362355,32.39918143048284,10193100
2017-05-05,32.600650787353516,32.71257908940109,32.50364929513091,32.675270604203554,8133000
2017-05-08,32.749881744384766,32.76480570509797,32.488719548039775,32.52602802659556,14284300
2017-05-09,32.46634292602539,32.74989258048675,32.36934141897591,32.74989258048675,8694400
2017-05-10,32.511112213134766,32.54842070104003,32.35441485605957,32.44395579632323,7597700
2017-05-11,32.58572769165039,32.59319109676161,32.40664581935178,32.45141771065395,6860100
2017-05-12,32.526031494140625,32.59318790128226,32.42902716239054,32.56333997667381,7275800
2017-05-15,32.6305046081543,32.65288913402515,32.42903533595017,32.42903533595017,8493000
2017-05-16,32.72004318237305,32.91405188068557,32.66035016889977,32.734967147355185,10454100
2017-05-17,32.779727935791016,32.958809761989166,32.61556722306412,32.72003209608876,14538800
2017-05-18,32.6827392578125,32.8021281478889,32.5633503677361,32.73497171931744,13832200
2017-05-19,32.757354736328125,32.831971715280744,32.65288698075707,32.720043400396534,11796800
2017-05-22,32.966278076171875,32.99612600046945,32.6901918925561,32.74988489469653,12857900
2017-05-23,33.122982025146484,33.27967938932593,32.98866918543402,33.01851711569353,11996100
2017-05-24,33.60054016113281,33.64531206003667,33.21252557666587,33.21252557666587,12738300
2017-05-25,33.88407516479492,33.93630760101836,33.555756587611235,33.57814110414863,16704200
2017-05-26,33.869163513183594,33.996015794720954,33.8243944638395,33.83931558265065,11341400
2017-05-30,33.89900588989258,33.92139041089727,33.660228177659675,33.69753666148578,13093500
2017-05-31,33.928871154785156,34.10049254525573,33.85425130254383,33.899023213888626,14148000
2017-06-01,34.16763687133789,34.16763687133789,33.74977438635223,33.91393515660647,11049300
2017-06-02,34.242244720458984,34.242244720458984,34.03331495690191,34.197475683385065,9923700
2017-06-05,34.31686782836914,34.31686782836914,34.0930112356415,34.16016764416882,10015200
2017-06-06,34.309410095214844,34.36910595553128,34.16017329087903,34.24971708135369,9836700
2017-06-07,33.958702087402344,34.10047832430765,33.83931322006136,33.95124152851765,12776300
2017-06-08,33.675148010253906,33.95869472971944,33.600528205298886,33.95869472971944,12879000
2017-06-09,33.816925048828125,33.83930956952252,33.55576281921079,33.622919227748795,9358800
2017-06-12,33.82439422607422,33.936319695103,33.72738987575169,33.81693082026578,11228500
2017-06-13,33.877052307128906,33.93723943323986,33.704018624380105,33.854483569777365,10023400
2017-06-14,34.08018112182617,34.20807733575963,33.97485651616348,33.989903298383894,11497500
2017-06-15,34.04256057739258,34.110269652452196,33.88457369221341,33.98989828233285,9908700
2017-06-16,34.087703704833984,34.117794397414535,33.86200485625936,34.087703704833984,27025300
2017-06-19,34.14037322998047,34.14037322998047,33.92972111805182,34.1178016184177,7624700
2017-06-20,34.31339645385742,34.50899885168071,34.09522245137313,34.117791186154335,14920900
2017-06-21,34.01999282836914,34.366060168757706,33.98237444233914,34.32091982744966,9515800
2017-06-22,33.907142639160156,34.06512952532659,33.877049078972306,33.982373669749926,7446300
2017-06-23,34.04256057739258,34.140363212451994,33.877048867273544,33.892095647273436,9544800
2017-06-26,34.177978515625,34.23816276537164,34.08017588117191,34.09522266107852,7747100
2017-06-27,33.89210510253906,34.155419521177336,33.85448957698521,34.11027916858432,11432200
2017-06-28,34.09521484375,34.23063296198114,34.02750578463443,34.04255256109113,9218800
2017-06-29,33.7265739440918,34.03502564175003,33.59115584561952,33.952269818252674,9283500
2017-06-30,33.74163055419922,33.944757778397076,33.74163055419922,33.771724114053676,9352800
2017-07-03,33.673919677734375,34.05760537064996,33.673919677734375,33.93723400755245,6434500
2017-07-05,33.71905517578125,33.84695134502416,33.65134611438895,33.6964864452769,6853600
2017-07-06,33.40309524536133,33.74163782206585,33.32033937287606,33.643838036292756,13113000
2017-07-07,33.39557647705078,33.493379150446465,33.28272988763818,33.455763620642266,9566000
2017-07-10,33.38803482055664,33.538499720882164,33.275185427842686,33.44069710518868,9672000
2017-07-11,33.35042190551758,33.463268437124654,33.215003771685495,33.34289708148275,10300700
2017-07-12,33.48583984375,33.68144510596441,33.433177550818364,33.54602696131742,7737400
2017-07-13,33.425655364990234,33.50088639154972,33.38051502712673,33.47079570285375,6371900
2017-07-14,33.613739013671875,33.64383257512353,33.478320857019376,33.4933676377452,8558700
2017-07-17,33.6513557434082,33.696496087212644,33.561077925679406,33.59869344390973,7189200
2017-07-18,33.60620880126953,33.74162693621441,33.56859329042474,33.68896464705579,9037200
2017-07-19,33.7265739440918,33.73409589628304,33.51592197431339,33.606199750002,6986900
2017-07-20,33.71905517578125,33.83942652160321,33.6663928913516,33.77924228363186,7430300
2017-07-21,33.877052307128906,33.90714587018439,33.606215979389866,33.68897184285237,8545600
2017-07-24,33.734100341796875,33.89208718754128,33.726578388614385,33.88456523435879,9103600
2017-07-25,34.0350341796875,34.07264968983732,33.80933537902968,33.86952249117296,14096300
2017-07-26,34.411216735839844,34.44883226972661,33.33539582136692,33.515951531975915,13608900
2017-07-27,34.69707489013672,34.930295642830345,34.381101163789964,34.45633218343078,15195200
2017-07-28,34.614322662353516,34.6970785145306,34.40367348945165,34.60680070755548,11945300
2017-07-31,34.48643112182617,34.66698961497662,34.448815606134794,34.60680249396651,13622900
2017-08-01,34.381107330322266,34.651943641413006,34.34349181375521,34.58423456364032,10306800
2017-08-02,34.29834747314453,34.60679926484031,34.140360600054414,34.305869427628984,10187900
2017-08-03,34.3585319519043,34.5691839873341,34.32844126388259,34.343488042833265,14261400
2017-08-04,34.23064422607422,34.42624664461882,34.208075488902175,34.35853756322259,9523600
2017-08-07,34.335968017578125,34.42624583402072,34.230643420081755,34.245690201135524,6226300
2017-08-08,34.30587387084961,34.471385589740514,34.26825835379622,34.33596743244432,5747900
2017-08-09,34.29834747314453,34.35100976417457,34.102745087872904,34.27577873981155,9635300
2017-08-10,34.411216735839844,34.48644780361337,34.200564580287654,34.27579851794246,8901600
2017-08-11,34.29834747314453,34.53156824047729,34.283300694296,34.501474682780234,8357600
2017-08-14,34.45633316040039,34.56165773883566,34.32091502530375,34.3585305361907,8421200
2017-08-15,34.749755859375,34.79489621735467,34.456350707209616,34.456350707209616,9638100
2017-08-16,34.757266998291016,34.86259158888089,34.6970798780226,34.71965148306318,8087300
2017-08-17,34.50148391723633,34.85507614011802,34.493959090858205,34.69708635486171,8477000
2017-08-18,34.3585319519043,34.531568474897234,34.32844126388259,34.45633458014386,10879800
2017-08-21,34.36606216430664,34.456339982285,34.27578434632827,34.35853733871172,9429700
2017-08-22,34.30587387084961,34.41872329188977,34.26073639833754,34.38110777483638,10536700
2017-08-23,34.2607421875,34.351020017658705,34.18550827080068,34.32845127758915,6528400
2017-08-24,34.16293716430664,34.31340211740228,34.08770612269896,34.26073981430085,7534400
2017-08-25,34.283302307128906,34.42624240809501,34.27578035229059,34.305871041523616,8807100
2017-08-28,34.17045211791992,34.373579332489875,34.140361429371545,34.32844186472745,8024000
2017-08-29,34.193031311035156,34.283309136477406,34.042566355377865,34.15541578959092,7762200
2017-08-30,34.147891998291016,34.26074143592418,34.07266095312251,34.12532325871655,7134900
2017-08-31,34.26825714111328,34.34349104243768,34.11027025315188,34.15541059394652,14264600
2017-09-01,34.44129943847656,34.45634622251136,34.26074376982025,34.33597482011361,7391200
2017-09-05,34.54660415649414,34.554128979117216,34.34347986373436,34.41871087069139,9916700
2017-09-06,34.57670974731445,34.63689686974123,34.44881641697749,34.59175652792115,9238900
2017-09-07,34.81745147705078,34.847545037382375,34.57670873415777,34.614324249632325,9418400
2017-09-08,34.832496643066406,34.88515893626637,34.621847470266545,34.749740790929394,10534900
2017-09-11,34.998008728027344,35.05067102180014,34.77231277330397,34.87011253609358,10430300
2017-09-12,35.14847946166992,35.17104819990712,34.94535220789446,34.98296772824986,8567600
2017-09-13,35.26132583618164,35.34408170245384,35.095816973517465,35.118385711635256,10218000
2017-09-14,34.965572357177734,35.23856362204989,34.83665852978161,35.185482308626376,13768800
2017-09-15,35.01866149902344,35.15515716197312,34.88216583607375,35.10965764341813,16141400
2017-09-18,34.965572357177734,35.06415317898482,34.81391022194713,34.995905362766784,8535300
2017-09-19,34.86701202392578,35.02625605777131,34.798764167603935,34.9883412248628,7297900
2017-09-20,34.71533966064453,34.99591570619863,34.5409291660305,34.70017315336737,11026600
2017-09-21,34.427181243896484,34.722920874318795,34.39684823238774,34.6622548513013,7555300
2017-09-22,34.49542999267578,34.601592643070255,34.40443095572457,34.465096980358716,8024800
2017-09-25,34.647098541259766,34.700179880662894,34.38927365299484,34.50302103326785,9215300
2017-09-26,34.55609130859375,34.78358310358602,34.54850950227056,34.647087448047635,6480100
2017-09-27,33.85087585449219,34.50302133598493,33.65371700536734,34.480273016817165,14816200
2017-09-28,34.05561828613281,34.12386613410967,33.85845944348632,33.87362306062253,8789500
2017-09-29,34.13144302368164,34.207275562013656,33.96461722478232,34.017698555256956,10082200
2017-10-02,33.972206115722656,34.328611888407565,33.9342912850089,34.16178316200762,10707800
2017-10-03,34.26793670654297,34.321018033929775,33.94186404247237,34.01769657639308,12038100
2017-10-04,34.503021240234375,34.548520771159716,34.07836762974602,34.20728152100979,14060300
2017-10-05,34.5181884765625,34.69259900970393,34.503021965935055,34.51060377489072,10215300
2017-10-06,34.49542999267578,34.51817830555595,34.3361831243688,34.41959746188311,5437900
2017-10-09,34.43476867675781,34.61676388283154,34.38168734430207,34.54093134166929,5268300
2017-10-10,34.783599853515625,34.80635106887121,34.5257749236456,34.57885627161444,6310400
2017-10-11,34.95800018310547,34.95800018310547,34.78358967755794,34.79117437802973,6638200
2017-10-12,34.965572357177734,34.9883206650122,34.83665852978161,34.86699153537065,7710200
2017-10-13,35.01866149902344,35.17032366815812,34.99591318610358,35.07174282431328,7126000
2017-10-16,35.35231018066406,35.450891008401584,34.957989762428795,34.9731562661357,12708600
2017-10-17,35.276485443115234,35.35989977870459,35.117241471198405,35.2840672496619,7699400
2017-10-18,35.18549728393555,35.2916599559665,35.064168102655046,35.19307909220239,6272200
2017-10-19,35.32956314086914,35.48122529067274,35.12481967254152,35.1627344868137,7515500
2017-10-20,35.17033004760742,35.32957405236179,35.09449750292739,35.32199224425169,9646800
2017-10-23,35.12483215332031,35.375075223321446,35.05658430629418,35.170331682243045,7153600
2017-10-24,35.01866149902344,35.10207583668328,34.8442510169689,35.079324631048145,9539500
2017-10-25,34.920082092285156,35.458480066791076,34.82908594414559,35.16274041580093,11994200
2017-10-26,35.05657958984375,35.45090010930845,35.0489977824013,35.12482742768794,10569100
2017-10-27,34.93524932861328,35.13241102853411,34.81392016432179,34.98074884999089,9988000
2017-10-30,34.7760009765625,34.93524494231705,34.74566796611923,34.88216362039886,7201900
2017-10-31,34.86701202392578,35.011089546064646,34.76084933469542,34.82151248880577,6560500
2017-11-01,34.73051071166992,34.95042075688596,34.601599722022094,34.692595884874436,7067600
2017-11-02,34.79116439819336,34.84424571540687,34.692583569347626,34.73808308097985,8317800
2017-11-03,34.85942077636719,35.00349825949759,34.821503061008436,34.85942077636719,4730400
2017-11-06,34.48027801513672,34.82151442298377,34.44236028740573,34.813932613067465,7451300
2017-11-07,34.83667755126953,34.844262253165496,34.35894546960709,34.434775132269515,9868000
2017-11-08,35.01866149902344,35.0262433057583,34.78358499222892,34.866999329888756,7586900
2017-11-09,35.05657958984375,35.17790875793169,34.89733559911249,34.97316524439913,6532400
2017-11-10,35.29166030883789,35.36748996312795,34.98833590624585,35.03383543444942,8022900
2017-11-13,35.428157806396484,35.50398746455135,35.29166210754489,35.337158745351395,7653600
2017-11-14,35.96656036376953,36.00447519755215,35.35232964271199,35.42057750060727,17200700
2017-11-15,35.496402740478516,35.98930126343514,35.4736515307278,35.883138593651125,12419100
2017-11-16,35.29922866821289,35.62530126431547,35.26889566096735,35.60255295523871,12506400
2017-11-17,34.66225814819336,35.17032601478646,34.31343716081032,35.13999300039259,19720700
2017-11-20,34.472686767578125,34.79117768520811,34.4423537482389,34.61676716308148,19160900
2017-11-21,34.71533966064453,34.84425352614259,34.533347358749666,34.548513866026816,10280800
2017-11-22,34.760833740234375,34.82908156593877,34.53334195212472,34.798748556133475,8434400
2017-11-24,34.79116439819336,34.92007534207907,34.77599789431595,34.79874620377464,2996300
2017-11-27,34.806339263916016,34.87458710140274,34.7380914264293,34.79117275639502,5649200
2017-11-28,34.753265380859375,34.99592376776096,34.715347657574135,34.874594574310166,8432800
2017-11-29,34.503021240234375,34.74567961973742,34.28311117983597,34.70776479032433,16502100
2017-11-30,34.99231719970703,35.045833728015396,34.426567293605956,34.51066552849969,17147600
2017-12-01,35.14522171020508,35.183447384017825,34.56418096909629,35.01525091952339,12468800
2017-12-04,35.343994140625,35.45867406933461,34.99231330334875,35.16050975440771,17523600
2017-12-05,35.3669319152832,35.504546674662016,35.2140292194685,35.359287947065255,13670800
2017-12-06,35.51219177246094,35.53512659239275,35.36693013574127,35.44338439623368,8154000
2017-12-07,34.99995040893555,35.41279457163098,34.954080779590164,35.38985975695829,9106500
2017-12-08,34.640625,34.96172406488984,34.441846888603436,34.93878925066374,13238600
2017-12-11,34.655921936035156,34.71708242352539,34.34246386558309,34.64063108505469,9698700
2017-12-12,34.625343322753906,34.801183750067274,34.44950289544054,34.59476161806501,13999300
2017-12-13,35.09170150756836,35.20637851699366,34.70943897662069,34.74766464642913,12418700
2017-12-14,35.19107437133789,35.298107372939356,35.015234023502536,35.022880904434395,9029000
2017-12-15,35.31341552734375,35.48925596136779,35.19873850503172,35.38986979198376,21181600
2017-12-18,35.11463928222656,35.458676172327884,35.09934842972962,35.32106141628736,10156800
2017-12-19,35.26753616333008,35.458667397595896,35.09933974391817,35.198728802337136,8253200
2017-12-20,35.229312896728516,35.39750641115294,35.137567798208224,35.328699045478416,7311000
2017-12-21,34.86235046386719,35.336358221831695,34.83177167015367,35.27519480153986,9657100
2017-12-22,34.85470199584961,34.96173505111316,34.82412028965088,34.93115334491442,5406300
2017-12-26,35.02289581298828,35.06112148462778,34.869990209998484,34.9387975855223,6100400
2017-12-27,35.11463928222656,35.12228325025907,34.95408970565658,35.091704461697105,5660600
2017-12-28,34.954097747802734,35.1605199293566,34.892934323742665,35.099356505296534,6538900
2017-12-29,35.076412200927734,35.3057691463096,34.93115056625485,34.93879745041226,8371500
2018-01-02,34.816471099853516,35.1222793666824,34.79353336542845,35.09934454868892,10872200
2018-01-03,34.740020751953125,34.931152033873616,34.6635694057577,34.778249341482756,12635600
2018-01-04,35.229312896728516,35.3363459285708,34.747661337006846,34.831759552434754,12709400
2018-01-05,35.2216682434082,35.3210573148815,35.00760216617179,35.183442574820496,13113100
2018-01-08,35.16814041137695,35.244591723959864,35.076398252991325,35.129914755085494,7068600
2018-01-09,35.343994140625,35.44338321774455,35.122281167216684,35.168153721986876,9962400
2018-01-10,35.2216682434082,35.366926950614115,35.11463520479,35.34399213274781,10700700
2018-01-11,35.19873809814453,35.343996824633415,35.06112333981529,35.343996824633415,7583200
2018-01-12,35.282833099365234,35.46631748271539,35.19108799125846,35.38221925850003,14570100
2018-01-16,35.57334899902344,35.64215636893463,35.27518470155213,35.28283158511535,16459300
2018-01-17,35.79506301879883,35.93267776269389,35.588640902956236,35.61157863789318,12143100
2018-01-18,35.8409309387207,35.986189631194584,35.634508849564384,35.74154187732738,11952900
2018-01-19,36.05500793457031,36.12381531850093,35.83329492896807,35.92504005183034,16187400
2018-01-22,36.22319793701172,36.314940127047606,36.001484971029306,36.03971064050829,9577400
2018-01-23,36.27670669555664,36.46783791848746,36.03205896351967,36.0932194383134,11463700
2018-01-24,36.567237854003906,36.658980051713954,36.29965231240443,36.337877985080965,15964500
2018-01-25,36.57488250732422,36.69720641204041,36.467849455251546,36.467849455251546,11755000
2018-01-26,37.1024055480957,37.17121293001822,36.498432880589235,36.52901167088541,16671200
2018-01-29,36.46784591674805,37.04888367866342,36.376103726220705,36.85775241381299,11662600
2018-01-30,36.24614334106445,36.81953730000331,36.2384993715089,36.4907911968971,12404800
2018-01-31,36.38374710083008,36.6207509152988,36.21555065724379,36.27671406088666,10960100
2018-02-01,36.27670669555664,36.49077273198124,36.016768115713475,36.246124999944264,10279400
2018-02-02,35.726253509521484,36.24613075170515,35.64980217478979,36.20025820100725,12912300
2018-02-05,34.31953430175781,35.87151945849344,33.95256257133702,35.66510022973279,23261500
2018-02-06,34.151329040527344,34.20484847159197,33.210963676558876,33.539709647267124,25184300
2018-02-07,34.06723403930664,34.78588646807241,33.85316506248365,34.08252488882481,18041600
2018-02-08,32.951026916503906,34.11310528703894,32.92809209935613,34.11310528703894,23295300
2018-02-09,32.97397994995117,33.226271804934164,32.2553242372633,33.14982043468061,22853100
2018-02-12,33.61617660522461,33.81495188953383,33.157459699504805,33.30272136537733,14689000
2018-02-13,33.78436279296875,33.95255924660336,33.40210024665868,33.5779406679895,13163200
2018-02-14,33.71554946899414,33.784356831846424,33.35622472203778,33.65438898892059,13457900
2018-02-15,34.23543167114258,34.27366025775421,33.73084524204494,33.830234317658146,13467300
2018-02-16,34.388343811035156,34.892930336135635,34.18956853842137,34.8394138044153,17202300
2018-02-20,33.6314582824707,34.27365944207778,33.593229696768866,34.21249603810014,14137300
2018-02-21,33.13451385498047,33.83787546015238,33.12686988815532,33.72319845918641,12792900
2018-02-22,33.27213668823242,33.50149366242481,33.04277971404004,33.20332930433149,12377800
2018-02-23,33.66968536376953,33.6849762154052,33.19567771235893,33.3180045254443,8277200
2018-02-26,33.66203308105469,33.937262533492294,33.493839572900484,33.81493865645683,12713300
2018-02-27,33.34857940673828,33.87610351887803,33.34857940673828,33.75377963655009,12774400
2018-02-28,33.04277420043945,33.570295444701635,33.04277420043945,33.509134956124065,11929400
2018-03-01,33.20332336425781,33.36387292582695,32.73696261418699,32.95102869627919,17746800
2018-03-02,33.42504119873047,33.48620169548035,33.05806946893501,33.06571343736672,14050100
2018-03-05,33.55500030517578,33.593225970205545,33.25683603493981,33.31035254926774,11992700
2018-03-06,33.5855827331543,33.67732491450437,33.325644122302975,33.60087358278454,10010500
2018-03-07,33.50148391723633,33.57793524758427,33.233901344587196,33.325643524290996,10881700
2018-03-08,33.98314666748047,33.990790636462684,33.48620410710045,33.56265837908398,12361100
2018-03-09,34.26600646972656,34.26600646972656,33.937260522839836,34.0748752409055,9778600
2018-03-12,34.04430389404297,34.47243902667325,33.89140119764757,34.36540597262368,11857700
2018-03-13,34.07489013671875,34.273668334789825,33.944922244191986,34.15134149509539,11342100
2018-03-14,33.76636505126953,34.267694183720046,33.72780195081395,34.229131083264456,15321200
2018-03-15,33.68153381347656,33.93605564304425,33.58898175825958,33.843503587827264,12456700
2018-03-16,33.51956558227539,33.951480058888876,33.51185413723616,33.704672627160214,26603300
2018-03-19,33.36531448364258,33.712388398480904,33.303614088880785,33.519569883812615,12380300
2018-03-20,33.28818130493164,33.534988716805856,33.172489043413414,33.41158501086875,13559800
2018-03-21,33.16477966308594,33.511853527065185,33.00281284062116,33.2650460998303,13054000
2018-03-22,32.979671478271484,33.45014903955821,32.93339692612952,33.07222646690844,12274100
2018-03-23,32.64803695678711,33.288192986551735,32.61718528393214,33.0259596516394,13475200
2018-03-26,32.92567443847656,33.01822940434182,32.5863150568313,32.86397407007551,11276100
2018-03-27,33.0799446105957,33.403881252072786,32.802285472808805,32.933403595509105,11627000
2018-03-28,33.41157531738281,33.70466013726879,33.16476797711322,33.16476797711322,16277400
2018-03-29,33.496421813964844,33.87434433336234,33.38844395127985,33.581262403839084,10450500
2018-04-02,32.91025924682617,33.55041806115746,32.75600680488408,33.50414056326879,14207900
2018-04-03,33.457855224609375,33.581258903698,33.04136670436934,33.149344555799914,15484600
2018-04-04,34.121158599853516,34.244562306055414,33.249618269828375,33.27275554531109,13563300
2018-04-05,34.24455642700195,34.40652321192765,33.88976825817661,34.1520014566079,11707800
2018-04-06,33.87434387207031,34.33710991721631,33.71237708024844,34.1520029107227,11495100
2018-04-09,33.80494689941406,34.17515813279679,33.76638083875093,33.95919937335719,11913400
2018-04-10,33.92833709716797,34.07487806577486,33.72009280987849,33.990037473674384,10379500
2018-04-11,33.92833709716797,34.04402640643357,33.75094152704361,33.78950757230831,8424300
2018-04-12,33.95918655395508,34.25227143972835,33.89748617610484,33.99775260005974,8476400
2018-04-13,34.32939529418945,34.46822481255555,34.04402481407072,34.08258791535552,10774200
2018-04-16,34.46052169799805,34.62248852784588,34.244565924867594,34.43738442007028,8962100
2018-04-17,34.61478042602539,34.73046976901535,34.437387746365836,34.66876937452278,8406400
2018-04-18,34.32939529418945,34.68418347566727,34.1905687179994,34.63019454543335,7429000
2018-04-19,34.175140380859375,34.298544061219474,33.95147029077676,34.19827765149695,10370400
2018-04-20,33.73552322387695,34.252275348272434,33.612119511918586,34.17514913161467,14690700
2018-04-23,33.920623779296875,33.92833816546319,33.596690172542154,33.735519701773114,11878500
2018-04-24,33.2187614440918,34.013172495394414,32.95652824140317,33.920620465673714,18523900
2018-04-25,32.72515106201172,33.079936341754426,32.324088290146605,32.964247024712954,20774700
2018-04-26,32.97195816040039,33.24190283981383,32.59403266704523,32.70201348098695,13561000
2018-04-27,33.40388107299805,33.42701835363055,32.94111486510836,32.956540699589056,9777900
2018-04-30,33.32674026489258,33.696951336642535,33.14163620010563,33.55041037350487,16037700
2018-05-01,32.84855651855469,33.15706726481593,32.53233432761635,33.133927046431594,11514200
2018-05-02,32.439781188964844,32.848555413155125,32.34722620289516,32.70201443180943,13736400
2018-05-03,32.30867385864258,32.702025325025105,32.023303245310345,32.56319574185214,18352200
2018-05-04,32.67115783691406,32.77913569551584,32.21610618839515,32.23153201707769,10946200
2018-05-07,32.50148010253906,32.77142771978244,32.36265057188276,32.65573546351009,9336000
2018-05-08,32.24696731567383,32.46292309629676,32.15441231639813,32.37037103919791,15062200
2018-05-09,32.22381591796875,32.57088968942831,32.138975335814656,32.37035981157158,9295200
2018-05-10,32.5323371887207,32.67116674253018,32.34723013624914,32.38579618955594,7924200
2018-05-11,32.50148010253906,32.756001889467704,32.42435389314169,32.57860925411273,6331900
2018-05-14,32.42435073852539,32.640306457568386,32.31637287900389,32.58631752780764,10715500
2018-05-15,32.17754364013672,32.331796045258024,31.969299362611718,32.223818184802695,16449700
2018-05-16,32.04642105102539,32.34721731768739,32.038709608725995,32.1929649342945,11590500
2018-05-17,32.62488555908203,32.66344866585657,32.29323754490336,32.40121542074266,14857400
2018-05-18,32.5323371887207,32.68659257541754,32.455210966460676,32.62488924386809,11950200
2018-05-21,32.70973205566406,32.79457267116759,32.60175416036029,32.63260582821193,9110200
2018-05-22,32.58632278442383,32.85626747677331,32.55547112181918,32.77914126243817,8222900
2018-05-23,32.70199966430664,32.74056275333322,32.33950015467157,32.5863074550518,8971400
2018-05-24,32.64030456542969,32.75599680373954,32.54003815503953,32.7020078771085,9269600
2018-05-25,32.70199966430664,32.84082913854241,32.54774436602522,32.655722192169684,8806500
2018-05-29,32.917964935302734,33.04908006474028,32.47062473379027,32.48605056234338,14826900
2018-05-30,33.26504898071289,33.380738317274044,32.93340091998589,32.98738986548314,10114200
2018-05-31,33.16477966308594,33.326746485550714,32.91797223585105,33.31903504065189,15571300
2018-06-01,33.257328033447266,33.41158339394772,33.19562765455286,33.24190220317959,10664700
2018-06-04,33.54270553588867,33.61983175437633,33.38845015673672,33.442439098113404,11727600
2018-06-05,33.24961853027344,33.58126654494693,33.24190414360115,33.55041488261068,9975900
2018-06-06,33.51956558227539,33.51956558227539,33.19563193144778,33.211057763702904,9202900
2018-06-07,33.50413131713867,33.727801415275934,33.419293674353845,33.419293674353845,11948100
2018-06-08,33.89748764038086,33.9360507459751,33.59669129769885,33.60440274194715,12078800
2018-06-11,34.036319732666016,34.12887178148433,33.85121269285281,33.89749018835026,7526100
2018-06-12,34.25227355957031,34.259985003962754,33.99775470414976,34.03631781046482,8243300
2018-06-13,34.07487487792969,34.33710807344536,34.05173760667639,34.20599000459957,16745000
2018-06-14,33.91147232055664,34.12156831191259,33.864782673377604,34.04375520166075,12696200
2018-06-15,34.331668853759766,34.355015162615096,33.810314460611025,33.89591066686052,21562500
2018-06-18,33.88812255859375,34.207161027514836,33.771402905113106,34.14491113933441,12161900
2018-06-19,33.92702865600586,34.04375127630501,33.61577328250737,33.69358638378711,12936400
2018-06-20,33.66246795654297,34.06710270980287,33.6391246142869,33.94259993713676,10893700
2018-06-21,33.530181884765625,33.69359120184774,33.4290224639329,33.67024786180171,10465200
2018-06-22,33.65467834472656,33.77918108229557,33.52239548472547,33.576865246888204,14924400
2018-06-25,33.91147232055664,34.04375520166075,33.584650727063156,33.584650727063156,12092400
2018-06-26,33.7169303894043,34.113781928273234,33.678020873038484,33.89590288484553,13974700
2018-06-27,33.514617919921875,33.934815841643285,33.45236802506309,33.71693675706769,15332600
2018-06-28,33.82588195800781,33.98929129877587,33.59243665019014,33.64690939882655,12668900
2018-06-29,34.129337310791016,34.316089885630845,33.70135944437286,33.903675228512455,11485600
2018-07-02,34.04376220703125,34.36280077412192,33.91147929870657,34.06710555123431,9232500
2018-07-03,34.230499267578125,34.49506790886175,34.230499267578125,34.284969020044265,8214300
2018-07-05,34.751869201660156,34.759649326231255,34.33945432664686,34.36279766874037,11653000
2018-07-06,34.736297607421875,34.96973987720271,34.689610934493416,34.759640943886104,8733900
2018-07-09,34.5495491027832,34.806334739678206,34.50285945590235,34.65848864379198,7373100
2018-07-10,34.99309539794922,35.016438740561235,34.627367198999444,34.63514732374335,10606100
2018-07-11,34.8530158996582,35.01642517138032,34.73629329506861,35.00864504965128,7715600
2018-07-12,34.7596549987793,34.98531723711063,34.61959195498061,34.88416075927717,6331600
2018-07-13,34.81412124633789,34.845244712264595,34.60402226733684,34.782994812031035,5585900
2018-07-16,34.806339263916016,34.86080904150056,34.65071005579721,34.806339263916016,5831400
2018-07-17,35.21097183227539,35.31991138068306,34.76743054611271,34.821900320316544,11592200
2018-07-18,35.10980224609375,35.24208806542954,34.89192321233974,35.16427200453225,7351600
2018-07-19,35.1020393371582,35.35104491737584,34.95419023314228,35.00866298667176,10097500
2018-07-20,35.234317779541016,35.234317779541016,34.93862554581235,35.03200188444349,8588400
2018-07-23,34.97752380371094,35.29656227265349,34.837457844821074,35.234309416089296,9055700
2018-07-24,35.21875,35.22653309209966,34.71295884357861,34.84524172547378,13786100
2018-07-25,35.86460494995117,36.24589626183757,35.60003625576332,35.79457197300793,21330600
2018-07-26,35.98133087158203,36.25367971338072,35.95020444155368,36.07470719328733,12673100
2018-07-27,35.95798110961914,36.18364325307087,35.8412614607982,36.04357729978217,10516900
2018-07-30,35.973541259765625,36.13695053522729,35.833475318404425,35.87238186469826,8967900
2018-07-31,36.28480911254883,36.315932576744224,36.035803588705726,36.105836577810344,12438800
2018-08-01,36.09804153442383,36.17585759009957,35.9268491803162,36.14473116782927,9904100
2018-08-02,35.934635162353516,36.28480002013065,35.934635162353516,36.16807741141186,12009700
2018-08-03,36.27701187133789,36.385951374482815,35.90350373125008,35.973536693040224,11462800
2018-08-06,36.30037307739258,36.47156252332734,36.22255699434945,36.26146355168099,10056100
2018-08-07,36.183658599853516,36.26925482632097,35.89574644859268,36.19922181997312,8632900
2018-08-08,35.91129684448242,36.230335322051104,35.88795053844982,36.17586555527447,6810000
2018-08-09,36.066917419433594,36.12138717770166,35.856821476616304,35.989104327158984,8924100
2018-08-10,35.85682678222656,36.12139252245879,35.7712305870316,35.95798322347549,7535400
2018-08-13,35.662296295166016,35.89573860921645,35.56113687067147,35.83348574233363,8143400
2018-08-14,35.70897674560547,35.872386040087264,35.6934135316006,35.72453995961033,6846100
2018-08-15,35.85682678222656,35.91129654855433,35.52222509285333,35.615601411075275,9686400
2018-08-16,35.96576690673828,36.09026965587625,35.77123117568648,35.88017071013474,10600700
2018-08-17,36.26145553588867,36.36261493729287,35.98132660399761,36.02023315272864,8885700
2018-08-20,36.362613677978516,36.47155319800436,36.25367415795267,36.3237071305949,6392000
2018-08-21,35.96576690673828,36.3781817066866,35.95798381520359,36.36261849199689,13986300
2018-08-22,35.740108489990234,36.09027343623828,35.73232539764028,36.059147003598454,7159100
2018-08-23,35.56113815307617,35.85683334467278,35.55335506024511,35.70898426468438,13144900
2018-08-24,35.50666427612305,35.638947155172,35.46775772160158,35.5222274916076,10952900
2018-08-27,35.553348541259766,35.83348046421004,35.45219210004522,35.83348046421004,9581200
2018-08-28,35.304344177246094,35.5844761091633,35.234311194266795,35.5222262178371,8476800
2018-08-29,35.273231506347656,35.34326154237039,35.18763528225679,35.210978627597704,12410900
2018-08-30,34.97752380371094,35.26543584437139,34.93083416128779,35.234309416089296,9716500
2018-08-31,34.68183517456055,35.07090669589812,34.54176918940861,35.01643692038127,19834100
2018-09-04,34.82968521118164,34.93862774287901,34.63514942857849,34.705182429050836,11138500
2018-09-05,35.312129974365234,35.343253438223016,34.75186606760578,34.75186606760578,10554900
2018-09-06,35.615596771240234,35.79456926134143,35.249868700645166,35.32768476267563,11439400
2018-09-07,35.57670974731445,35.654522883666026,35.23432482325344,35.483330421635515,10208100
2018-09-10,35.841270446777344,36.03580621196493,35.638951588689345,35.72454780031271,8568900
2018-09-11,35.810142517089844,35.91130194191108,35.70120296807316,35.87239241579363,9278300
2018-09-12,35.98133087158203,36.028017548244804,35.81013847480585,35.91907801152533,13216400
2018-09-13,35.96563720703125,36.19321586954132,35.87146362913512,36.10689158661765,8294800
2018-09-14,36.0911979675293,36.122586165648485,35.792987633180886,36.03626188515588,7612900
2018-09-17,36.35017395019531,36.35802324627145,36.02842166454819,36.099050361086796,8527300
2018-09-18,36.04411315917969,36.514969086740365,36.04411315917969,36.405102903218136,9847400
2018-09-19,36.067649841308594,36.185365302989055,35.99702116302602,36.09904103024052,7119000
2018-09-20,36.601287841796875,36.63267903052567,36.21675625756888,36.27168934103002,9736700
2018-09-21,36.554203033447266,36.64052430960263,36.39725008780657,36.601286821599565,19240300
2018-09-24,36.15397644042969,36.514966155489574,35.973481582899744,36.48357795816648,10778900
2018-09-25,35.84791946411133,36.24030036630727,35.79298637729419,36.14612978799628,7919100
2018-09-26,35.98133087158203,36.153979442524495,35.761598503930884,35.91855147809413,10162600
2018-09-27,36.10689163208008,36.24030270411979,35.84792177661189,35.8871592706369,10826900
2018-09-28,36.2481575012207,36.2481575012207,36.07551188832066,36.099053791527574,9071900
2018-10-01,36.27953338623047,36.373703952934626,36.138276039360065,36.23244660606422,9364700
2018-10-02,36.49925994873047,36.5385004228264,36.14611963088998,36.31876514367505,7462700
2018-10-03,35.99702835083008,36.530666694714384,35.94209525604456,36.46003800232884,10542300
2018-10-04,35.98133087158203,36.02057136034458,35.65173232010532,35.832227192622895,9582300
2018-10-05,36.00486373901367,36.224596033280775,35.85575711622272,36.051947519997775,8734100
2018-10-08,36.47573471069336,36.554212701083316,36.07550743740693,36.09120303548492,9808100
2018-10-09,36.40509033203125,36.53065206893114,36.271682296287345,36.39724403318723,10824500
2018-10-10,35.84791946411133,36.648376863826485,35.84007016963533,36.33447094461825,13917000
2018-10-11,35.031761169433594,36.07549564831939,34.92189501241998,35.942084605068395,17677900
2018-10-12,35.06315612792969,35.22010908067707,34.72570832729283,34.90620317518231,12420100
2018-10-15,35.243656158447266,35.526170916211015,34.992532594574826,35.03177009012445,11608500
2018-10-16,35.698814392089844,35.785135672522905,35.2044136365913,35.32997540060045,10442500
2018-10-17,35.98917770385742,36.09119757912612,35.59679679211651,35.636034284564836,11055800
2018-10-18,35.79299545288086,36.16183455242819,35.67527995492293,36.02057715233047,12716900
2018-10-19,36.35802459716797,36.48358639638752,35.965643600403176,35.965643600403176,13989200
2018-10-22,36.07550048828125,36.46003208941842,35.94993872147319,36.38940340848709,14283600
2018-10-23,36.38155746459961,36.460032447013575,35.66742434756923,35.80083241639871,17483900
2018-10-24,36.671913146972656,37.18985573884955,36.28738159810934,36.35801026943929,21626000
2018-10-25,36.49925994873047,36.679757747413746,36.19320341000051,36.609129085120074,14220200
2018-10-26,36.036258697509766,36.47572636222155,35.65172711031194,36.3894020893649,21458000
2018-10-29,36.46004104614258,36.53851904069433,36.13828875255388,36.21676674710564,20932200
2018-10-30,37.378211975097656,37.46453626732748,36.13044037293297,36.585600740650385,20895400
2018-10-31,37.57440948486328,37.731362500659614,37.05646662827625,37.27619905421324,25309400
2018-11-01,37.46452713012695,37.786279326747575,37.11923004542195,37.519460212943024,16494500
2018-11-02,37.6685676574707,37.6685676574707,37.229099957093844,37.52731028926488,17584900
2018-11-05,38.21005630493164,38.280684996548594,37.605789275237505,37.6685716649544,16543500
2018-11-06,38.53965759277344,38.55535319009233,38.13942734521441,38.17866783532618,14373400
2018-11-07,38.74369812011719,38.88495551602844,38.476878927132525,38.75939371895503,12239700
2018-11-08,38.712303161621094,38.74369136019086,38.53180530329346,38.547500899392766,9762800
2018-11-09,38.98695755004883,39.151756771900516,38.73583407095254,38.75937596160907,12398100
2018-11-12,39.13606643676758,39.426430430795314,38.877096623878565,38.9320297052074,13918300
2018-11-13,39.12822341918945,39.23808959106385,38.908491075440665,39.08898592832412,13872900
2018-11-14,39.04975128173828,39.191008664874275,38.916343194126014,39.12037997330628,12106800
2018-11-15,39.03404998779297,39.04189628794076,38.66521101464931,38.97126761209684,12080100
2018-11-16,39.37149429321289,39.43427666813364,38.94772523701143,38.97126713079251,13405800
2018-11-19,39.63832473754883,39.83451522485206,39.43428794795034,39.48137474260965,13575800
2018-11-20,38.75153732299805,39.89728879707035,38.61812626443971,39.88159320232063,16255300
2018-11-21,38.2414436340332,38.79862381511535,38.131577456763914,38.63382454921142,13559200
2018-11-23,38.46902084350586,38.633820090389925,38.10018186784571,38.25713481452844,4792500
2018-11-26,38.351318359375,38.63383316025326,38.19436535959492,38.46118456113222,9341900
2018-11-27,38.74369812011719,38.77508931779288,38.241450931823564,38.35916642629274,9180700
2018-11-28,39.01050567626953,39.0183549701617,38.61812480325867,38.61812480325867,11368700
2018-11-29,38.741580963134766,39.09751687889274,38.7336726171406,38.978870567873074,11564300
2018-11-30,39.8647575378418,39.935944723410486,38.74949364213307,38.75740198839575,25538200
2018-12-03,39.303165435791016,39.51672697639289,38.67039217695264,39.445539796192264,14877200
2018-12-04,39.21617126464844,39.951768285608686,39.15289241446169,39.52464811605472,19059900
2018-12-06,39.0579719543457,39.25571380888955,38.488474447723014,39.160795546251606,17674900
2018-12-07,38.82857894897461,39.2952497054109,38.662476565488895,39.208242832927816,15565700
2018-12-10,38.94723892211914,39.11334136398724,38.33819361796803,39.11334136398724,12331100
2018-12-11,39.18452072143555,39.556273300246765,38.89977201099237,39.22406848293026,18083600
2018-12-12,38.93142318725586,39.564196614217614,38.907692109349874,39.50882912793981,12316900
2018-12-13,39.12915802001953,39.2398929726188,38.41728615716548,38.5359324734082,13766200
2018-12-14,39.026336669921875,39.168711061668006,38.773227310662435,38.9393297619324,13835900
2018-12-17,38.22745132446289,39.1766096772556,37.98225037352098,39.02632697543361,18482700
2018-12-18,38.219539642333984,38.62293465447061,37.847784046306266,38.4489208831724,14765700
2018-12-19,37.88733673095703,38.56756610771174,37.665863824354595,38.15626574680924,17903800
2018-12-20,37.60259246826172,38.06926337416674,37.25456486686057,37.81615403713025,21130000
2018-12-21,37.626312255859375,38.55965386253136,37.357383267203026,37.38111131942838,32477700
2018-12-24,36.35285568237305,37.86360307552921,36.25003210781373,37.6658612543449,10733700
2018-12-26,37.12800598144531,37.143825690376,36.1155687482892,36.28958252922577,14342600
2018-12-27,37.594688415527344,37.61050812933134,36.408237035944005,36.96982631542955,16966500
2018-12-28,37.333648681640625,37.974330118011906,37.19918270219349,37.87941490841988,13218200
2018-12-31,37.452301025390625,37.602586745779725,37.14382425640372,37.56303898363027,10576300
2019-01-02,37.12009048461914,37.34947169397341,36.82743346903288,37.1279988289105,11603700
2019-01-03,36.890716552734375,37.46812235352097,36.80370966186362,37.03309091646816,14714400
2019-01-04,37.626312255859375,37.626312255859375,36.89071246386703,36.97771934509418,13013700
2019-01-07,37.135921478271484,37.768694819429946,37.09637371019307,37.62632044050663,13135500
2019-01-08,37.55513381958008,37.62632101011941,37.20710923099961,37.373211669824286,15420700
2019-01-09,36.83534240722656,37.39692839727917,36.72460748155989,37.23873737049847,18032500
2019-01-10,37.230838775634766,37.24665848719767,36.6534328814453,36.90654223184886,15976600
2019-01-11,37.444393157958984,37.460212866480916,37.15173609355548,37.4048453953046,11088600
2019-01-14,37.29410934448242,37.49185116917787,37.16755469736936,37.373204867440286,11514300
2019-01-15,37.626312255859375,37.650040308084726,37.025178466845524,37.08845427854668,11342900
2019-01-16,37.112178802490234,37.54721316726694,37.064722702551215,37.491845705804515,16907800
2019-01-17,37.2229118347168,37.2861876320591,37.08053751907169,37.11217390909286,12044600
2019-01-18,37.6579475402832,37.721223345044685,37.270372298405526,37.37319887560577,12760700
2019-01-22,37.744972229003906,37.800339715793335,37.341577091193216,37.72915251602096,11700400
2019-01-23,38.179988861083984,38.19580856788721,37.68959001938609,37.824053001262705,12058300
2019-01-24,37.72123718261719,38.053445085707345,37.47603920043066,38.053445085707345,10272000
2019-01-25,37.46812057495117,37.99015887809416,37.36529699725845,37.87151559214851,12066500
2019-01-28,37.30992889404297,37.41275549560774,37.12800676345978,37.3494796758532,9966900
2019-01-29,37.49185562133789,37.67377775958487,37.278294063230256,37.333661539335814,11998600
2019-01-30,37.85569763183594,37.87942568666052,37.3257479414463,37.373207068396425,12952500
2019-01-31,38.06925582885742,38.58338274774375,37.54721754752475,37.84778293987034,32181500
2019-02-01,38.52011489868164,38.583390724831105,38.28282527034383,38.34610109649329,19130100
2019-02-04,38.955142974853516,39.11333705232329,38.393556866271844,38.520111524787445,15105700
2019-02-05,38.96304702758789,39.12915245014351,38.836492383017394,39.018417513306915,12651900
2019-02-06,38.96304702758789,39.0421455662574,38.77321656938251,38.9234992669035,8689100
2019-02-07,39.089599609375,39.121239023173175,38.75739481639588,38.89185779908726,10047800
2019-02-08,39.15288543701172,39.15288543701172,38.844408640579196,39.05005883243384,9813300
2019-02-11,39.23988723754883,39.45344876519216,39.1370606463204,39.20824782220151,9369300
2019-02-12,39.27943801879883,39.390172963729604,39.121243947197314,39.30316607348372,10983300
2019-02-13,39.38227081298828,39.50091412237697,39.20034865808449,39.23989642788072,12748800
2019-02-14,36.060211181640625,37.143835894012604,35.98902398054747,36.93818565602226,58905400
2019-02-15,35.783363342285156,36.59014736378375,35.7517239249281,36.30540165947296,35701600
2019-02-19,35.459068298339844,36.060202166043624,35.41160917037598,35.846640616157785,25511300
2019-02-20,35.67263412475586,35.783372112647,35.435344471021004,35.522351381427505,27464000
2019-02-21,36.273765563964844,36.31331333063238,35.56189369474439,35.5935331149989,23121200
2019-02-22,35.815006256103516,36.3449560326643,35.75173042718219,36.19467028153589,24728400
2019-02-25,35.54606628417969,36.04437648468376,35.46697076797928,35.9415498997828,23774400
2019-02-26,35.34833908081055,35.7042750853711,35.324611019607104,35.672635658898656,20463200
2019-02-27,35.54606628417969,35.60934511098044,35.13476296187638,35.27713730487755,17827500
2019-02-28,35.86247634887695,36.07603799418239,35.68055413635062,35.68846248589421,22533900
2019-03-01,35.89409637451172,36.09974654178069,35.75172202128675,35.965283551124195,16291600
2019-03-04,36.107662200927734,36.12347889334526,35.830821806803314,36.012743942615934,15973800
2019-03-05,36.068111419677734,36.14720996827462,35.90992035708617,36.107662202626734,13062300
2019-03-06,35.9494743347168,36.2184034118143,35.94156296983949,36.12348513709638,14232100
2019-03-07,35.815006256103516,36.01274812459756,35.696362945387975,35.981111718787616,12084000
2019-03-08,35.46697998046875,35.79127650880677,35.2850578321134,35.712180972061425,15579100
2019-03-11,36.52687454223633,36.57433367216442,35.67262830733756,35.704267727289626,22126900
2019-03-12,36.424041748046875,36.582235803630816,36.305398469334406,36.34494622890523,19348500
2019-03-13,36.55851364135742,36.65342888307949,36.31331266483251,36.487326455740586,16222500
2019-03-14,36.4627685546875,36.78989611035635,36.40691773130318,36.574470201456144,18504100
2019-03-15,36.14362335205078,36.62234867440525,36.01596387481799,36.47873138206312,47254500
2019-03-18,36.231380462646484,36.446806345562045,36.191487456989805,36.2473382736374,24006400
2019-03-19,36.35106658935547,36.45478780693647,36.17553369246212,36.34308616114673,14987000
2019-03-20,36.327125549316406,36.62234049746152,36.04787145635896,36.22340433972726,13376100
2019-03-21,36.31117248535156,36.51064059029858,36.25532165945774,36.327130298984336,20043000
2019-03-22,36.646278381347656,36.789895652159124,36.271277391601984,36.271277391601984,19055900
2019-03-25,36.726051330566406,36.86169116856622,36.53456373339552,36.59041453620707,11668200
2019-03-26,37.21276092529297,37.33244297919539,36.83775999713037,36.83775999713037,11434900
2019-03-27,37.18883514404297,37.428196268786344,36.96543183343473,37.22075077231324,11543600
2019-03-28,37.16489791870117,37.43617161328512,37.08510885237501,37.24468394138567,11121100
2019-03-29,37.38829803466797,37.42819104261455,37.085105695719385,37.23670034337297,16045600
2019-04-01,37.27659606933594,37.63563618136026,37.17287181466776,37.492021962735365,11522700
2019-04-02,37.15690994262695,37.444144435772344,37.15690994262695,37.30052718919965,8495000
2019-04-03,36.84574508666992,37.172872625939924,36.734043445500866,37.03723274477646,12854500
2019-04-04,37.08511734008789,37.13299079084044,36.78990533621975,36.97341566530764,7814900
2019-04-05,37.07712173461914,37.16488816271792,36.86169587755145,37.09307954369536,7677600
2019-04-08,37.14095687866211,37.156914690725024,36.91755359706412,37.13297949445137,9421300
2019-04-09,37.2366943359375,37.27659038108902,36.91754728021174,37.061164520562656,8641800
2019-04-10,37.21276092529297,37.499995419745936,37.14893272854846,37.372335982615844,8059900
2019-04-11,37.268611907958984,37.30052752829663,37.132975086985624,37.276592334863935,7352400
2019-04-12,37.29255676269531,37.444151420738365,37.156916874011216,37.23670289537249,10690000
2019-04-15,37.499996185302734,37.53191180614707,37.26063511625243,37.40425236641084,10261300
2019-04-16,37.460105895996094,37.57978491737444,37.26063781672416,37.53989191024832,10804600
2019-04-17,37.7234001159668,37.93882599504218,37.6196789118366,37.65957191678215,11849300
2019-04-18,37.88298416137695,37.96277323382708,37.71543167469454,37.763305118164624,12167000
2019-04-22,37.81914520263672,37.98669764171747,37.51595290074701,37.81914520263672,9834700
2019-04-23,38.46541976928711,38.872336314109376,37.93882421524262,38.36967595318112,25327800
2019-04-24,38.281917572021484,38.481385672986775,38.234044132078814,38.32181058348621,15997300
2019-04-25,38.17021560668945,38.210108617824154,37.87500367192272,38.090429584420065,11444400
2019-04-26,38.50532913208008,38.65692686926818,38.28192578503528,38.28990621522535,10154300
2019-04-29,38.632972717285156,38.65691095435776,38.38563426878314,38.4335046556462,9731500
2019-04-30,39.14361572265625,39.23935954543127,38.60903970457647,38.720741338420865,17912900
2019-05-01,38.768611907958984,39.159570641177176,38.7366962881777,39.05584639870851,10551200
2019-05-02,38.60905456542969,38.91224700516592,38.51331070580229,38.72075624226871,8724600
2019-05-03,38.87234878540039,39.06383647904675,38.712773678267084,38.7766018949352,7076900
2019-05-06,38.672874450683594,38.784576094642574,38.505318941103596,38.56117280672461,8657800
2019-05-07,38.29786682128906,38.52925049714152,38.11435657467397,38.48137706790415,12487500
2019-05-08,38.17819595336914,38.48138834006983,38.15426075355973,38.3377710539296,9281400
2019-05-09,37.81914520263672,38.281909516808454,37.55584590381751,38.1382922708418,11450500
2019-05-10,38.44947052001953,38.537236972508126,37.81915362637198,37.82713101130653,9653800
2019-05-13,38.337772369384766,38.4016036292559,38.08245341718422,38.22607070825227,11911500
2019-05-14,38.84841537475586,39.35107595949564,38.57713857196767,38.720755881893325,16844200
2019-05-15,39.239356994628906,39.39893205130806,38.776589634623456,38.832440447915005,11422500
2019-05-16,39.55852127075195,39.622349490090805,39.263306244928096,39.31117969216383,17771300
2019-05-17,39.25532531738281,39.53457945862584,39.23138707410351,39.31117614563142,11257000
2019-05-20,38.97606658935547,39.20745032216266,38.904257949644325,39.1276642974355,13850500
2019-05-21,38.7765998840332,39.11968528130316,38.656920842621126,39.09575008174912,10587400
2019-05-22,39.61436462402344,39.662235018578116,38.87234307201032,38.920213466564995,16050400
2019-05-23,39.77394485473633,39.813840916603134,39.46277505148527,39.49469068352184,12199400
2019-05-24,39.58244323730469,39.80584649575417,39.51861199566705,39.7499956811418,6887600
2019-05-28,39.175533294677734,39.630320315380224,39.11968247063649,39.57446949133898,18614000
2019-05-29,38.78457260131836,39.11967750301242,38.62499753418922,38.88829685149849,12534600
2019-05-30,39.29521560668945,39.34308904628677,38.83244815484034,38.872344209658934,9087200
2019-05-31,39.199466705322266,39.34308396191266,38.920209575889274,39.09574245475337,11368600
2019-06-03,39.877662658691406,39.877662658691406,39.111705876100764,39.22340752644002,14167200
2019-06-04,39.89362335205078,40.11702666885685,39.59043096235546,39.89362335205078,12010600
2019-06-05,40.51595687866211,40.80319141107495,39.64627589714166,39.90159480514386,15837600
2019-06-06,41.01064682006836,41.12234848064139,40.36436901349897,40.61968796442076,15190400
2019-06-07,41.082454681396484,41.64096297360541,41.05053905222971,41.0664968668131,15293600
2019-06-10,40.99467468261719,41.12233411347692,40.76329101304614,41.12233411347692,9737400
2019-06-11,40.95478820800781,41.16223367484954,40.83510614091052,41.05053203550081,9915600
2019-06-12,41.20214080810547,41.60107711034296,41.066503926293095,41.09043913046176,11088100
2019-06-13,41.113677978515625,41.57201522497168,40.83224083606278,41.379029668221115,10353600
2019-06-14,41.2584228515625,41.43532298331657,41.049354876668815,41.049354876668815,8694300
2019-06-17,40.90461349487305,41.395115553492666,40.695548602501574,41.210172707479,12322400
2019-06-18,40.719669342041016,41.2503758166922,40.6312177516989,41.21017138491893,9221100
2019-06-19,41.10564422607422,41.20213855921624,40.58298039153079,40.63926721882928,9414100
2019-06-20,41.53984832763672,41.64438229333336,41.29057596863742,41.41119231885671,10656600
2019-06-21,41.451393127441406,41.72478750565468,41.33881951301258,41.43531074432287,21264400
2019-06-24,41.7489128112793,41.97406312514401,41.57201271794417,41.604177486696436,10780000
2019-06-25,41.620262145996094,41.8936565806806,41.52377089475497,41.813247715879925,11519900
2019-06-26,41.10564422607422,41.52377713415019,41.081522176489734,41.4272858684102,12405100
2019-06-27,41.07346725463867,41.33077924594064,40.98501568249095,41.24232767379292,12374900
2019-06-28,40.9448127746582,41.330783872214916,40.62317428322926,41.22624990548492,16339900
2019-07-01,41.49159240722656,41.515717512613705,40.83223011812184,41.06542004332732,14976400
2019-07-02,41.79716110229492,41.85344791544316,41.45139749729788,41.63634032155656,8569200
2019-07-03,41.89365768432617,42.078603599562776,41.81324881740721,41.81324881740721,7253700
2019-07-05,41.90168762207031,41.909727279347656,41.39510332637773,41.724784487961635,8916300
2019-07-08,41.813255310058594,42.078610133417754,41.724803702272204,41.974076136270014,9495100
2019-07-09,41.48356246948242,41.789121647637174,41.35490645774378,41.58809643758297,10584900
2019-07-10,41.66850662231445,41.789122979150655,41.53985060647649,41.65242423690954,7620900
2019-07-11,41.845401763916016,41.8614841462346,41.53984263466445,41.80519734181995,10376500
2019-07-12,41.90974426269531,42.04644303101115,41.740883784836306,42.01427825406602,7347400
2019-07-15,41.91777420043945,42.04643020156176,41.70870628149005,42.03838747607855,5876100
2019-07-16,41.92581558227539,42.19117032091313,41.6604639110388,41.78107719163683,7132500
2019-07-17,41.95798873901367,42.02231522137928,41.821289979458896,41.990153513897354,8264200
2019-07-18,41.83736801147461,41.949941644446405,41.5478912024606,41.84541073805914,11911800
2019-07-19,41.3227424621582,41.93386082991728,41.3066600769644,41.92581810361971,10355500
2019-07-22,41.1860466003418,41.42727624234048,41.11367740100206,41.42727624234048,12090700
2019-07-23,43.68680953979492,43.93607889086543,42.424368126474924,42.81837897278274,33417900
2019-07-24,43.24454879760742,44.08081453509182,43.11589276625611,43.51794324765417,15633400
2019-07-25,42.67363739013672,43.26063071856135,42.392203283152895,43.12393502871255,19135000
2019-07-26,43.558135986328125,43.67071266750859,42.77011762247038,42.890733961463276,11451900
2019-07-29,43.41340637207031,43.66267567318515,43.34103717265603,43.558141703497554,12283900
2019-07-30,43.1963005065918,43.662677424657595,43.07568414692918,43.38928300117025,8127100
2019-07-31,42.31981658935547,43.02742292809725,41.84539709973973,43.02742292809725,16865500
2019-08-01,41.83736801147461,42.77816764077015,41.821285625707006,42.44044367445332,19527200
2019-08-02,42.07859420776367,42.400232671052585,41.7408702937992,41.7408702937992,13102300
2019-08-05,41.53181838989258,42.34395906026596,41.33079313740985,42.126851419496376,19986500
2019-08-06,42.03034973144531,42.42435741083181,41.499643319230024,41.708708180296156,19903100
2019-08-07,42.762088775634766,42.930949238994856,41.62830655858578,42.03035703367268,17937000
2019-08-08,43.17217254638672,43.2445417439302,42.49672772511464,42.78620451528857,10799000
2019-08-09,42.95507049560547,43.34104164390094,42.681679122282105,43.25259005022496,9260900
2019-08-12,42.778167724609375,42.97115021939597,42.60930727482074,42.842494200404424,6588600
2019-08-13,43.01940155029297,43.107853147068504,42.51281708437964,42.53694219911954,8581200
2019-08-14,42.609310150146484,43.39732870307131,42.59322776326211,42.89074425211905,17088900
2019-08-15,43.31692123413086,43.42145522595479,42.80229707038534,42.96311788840631,12393200
2019-08-16,43.751129150390625,43.81545869372011,43.38124347845046,43.40536552349828,14288700
2019-08-19,43.97627258300781,44.04864177924298,43.670716481038156,43.77524737873248,10936200
2019-08-20,43.324954986572266,43.968235057987314,43.292790216151175,43.919987902355686,8176700
2019-08-21,43.50185012817383,43.75112246940845,43.300824937068775,43.62246646979726,10886500
2019-08-22,43.81545639038086,43.93606967668093,43.501854484237576,43.51793686922451,7467900
2019-08-23,43.2123908996582,43.99236681649512,42.93095369742875,43.75917678055123,14160400
2019-08-26,43.85566329956055,43.85566329956055,43.20434047405764,43.42144808255861,9226900
2019-08-27,44.000396728515625,44.18533954430538,43.75112437641581,43.98431434443811,13537000
2019-08-28,44.31399917602539,44.34616394681267,43.75916761584956,43.952153173171894,10046400
2019-08-29,44.26576614379883,44.49895620530892,43.90392002549046,44.43462664320862,9262800
2019-08-30,44.25771713256836,44.40245554931498,44.072774281703616,44.3542083879322,8746700
2019-09-03,44.46677017211914,44.490895280077744,44.12100660958769,44.20945818150051,12991400
2019-09-04,44.844696044921875,44.96530930850735,44.46676773740579,44.50697215860095,10718100
2019-09-05,44.32204055786133,44.84470736756642,44.24967135447756,44.82862498154765,13677000
2019-09-06,44.410491943359375,44.57935239467902,44.032563542157,44.57935239467902,9093500
2019-09-09,43.839576721191406,44.28987428102696,43.71092071372428,44.249666786430026,10814900
2019-09-10,43.74309158325195,43.77525328905342,43.30083362021375,43.60639283083971,12038200
2019-09-11,44.040611267089844,44.06473331504417,43.39733109329248,43.654643162811425,9740400
2019-09-12,44.31399917602539,44.47481996256043,44.20946520466741,44.305956449627885,12357900
2019-09-13,43.94950866699219,44.378800121448975,43.795613596045435,44.12770523638286,11486100
2019-09-16,43.70651626586914,44.014309504312784,43.43922449577382,43.81991296165674,11172000
2019-09-17,43.933319091796875,44.30590917171376,43.70652257764118,43.819919289804695,11347400
2019-09-18,43.925201416015625,43.9738013132919,43.59310984252988,43.90090301229125,9700400
2019-09-19,44.160099029541016,44.224895806775955,43.844207402179826,43.925204146180434,7560300
2019-09-20,43.666015625,44.297798948699885,43.65791718564685,44.297798948699885,19211500
2019-09-23,43.85230255126953,44.03049908249754,43.64170917876801,43.666007582180015,6485300
2019-09-24,43.981903076171875,44.23299792967346,43.771309685042766,43.94140470362718,10093000
2019-09-25,43.87660217285156,44.127697011114364,43.738907096590644,44.09529707911382,10248400
2019-09-26,44.0548095703125,44.20870774034337,43.844216140044395,44.11960945028936,10031200
2019-09-27,43.99001693725586,44.257308742848835,43.73892201335938,44.192511946576964,7939900
2019-09-30,44.09530258178711,44.28969910822159,43.8604107700399,43.8604107700399,9808700
2019-10-01,44.265403747558594,44.370698912205484,43.74701400466575,44.16820393273784,14261500
2019-10-02,42.993736267089844,44.09530637898534,42.847939632165925,43.90901136543328,14343600
2019-10-03,43.609310150146484,43.722706821519196,42.783130428938414,43.33391690974379,13817500
2019-10-04,44.176307678222656,44.176307678222656,43.649819469265445,43.738917759073125,9295400
2019-10-07,43.63362121582031,44.03051277062377,43.55262445271518,44.006214359657925,5964900
2019-10-08,43.39872360229492,43.795612014551814,43.293425352382094,43.64171694916233,13301900
2019-10-09,43.601219177246094,43.79561262150285,43.366324266426766,43.787514182087186,7135000
2019-10-10,43.46352005004883,43.64171661162647,43.22052670506079,43.37442176926001,8942900
2019-10-11,43.17192459106445,43.49591776102209,43.09092784348898,43.45541938723435,8981700
2019-10-14,43.17192459106445,43.479717793541425,43.107127810969644,43.32582273721687,7306300
2019-10-15,43.34202194213867,43.479720128204185,43.147628501588336,43.27722515856457,9564300
2019-10-16,43.32583236694336,43.390629161440096,43.034239067136674,43.3015308654071,10454800
2019-10-17,43.568817138671875,43.836108884090876,43.39872211069361,43.48781729928132,13190300
2019-10-18,44.370704650878906,44.86479295905525,44.10341285012215,44.548901244602455,18122400
2019-10-21,43.925201416015625,44.19249621629386,43.47971317204609,44.10339794953445,12778900
2019-10-22,43.61742401123047,44.07911238783029,43.52832880209623,43.9252172922399,9533400
2019-10-23,44.25729751586914,44.273497483284736,43.74700935667539,43.7875108201283,8556600
2019-10-24,44.23300552368164,44.40310057146829,44.13580879492188,44.200605584152285,11051400
2019-10-25,43.536415100097656,44.19249986324644,43.471615231715056,44.18439833478472,9782400
2019-10-28,43.390628814697266,43.69842208312563,43.228632195007144,43.528327022873846,8866100
2019-10-29,43.261024475097656,43.46351944138998,43.139526259391076,43.24482450701491,7999700
2019-10-30,43.6903076171875,43.77940588612884,43.05852438626178,43.35011759740522,8620900
2019-10-31,44.08720397949219,44.11960391541599,43.617414178080864,43.706512456957356,13982000
2019-11-01,43.65790939331055,44.33829250117449,43.61740793428956,44.24919423505234,9889500
2019-11-04,43.04233169555664,43.73891490884783,42.90463659470185,43.7065149710603,17515100
2019-11-05,42.45915222167969,42.83984382929656,42.21615882759965,42.83984382929656,19284000
2019-11-06,42.766944885253906,42.766944885253906,42.45105316852315,42.548249906787554,13288900
2019-11-07,42.35383605957031,42.92892086162987,42.08654129561673,42.83172417011362,11725500
2019-11-08,42.28905487060547,42.60494657482981,42.19185813618917,42.49154986970605,7141800
2019-11-11,41.98936080932617,42.41864919487583,41.94076089989801,42.38625234508537,8198300
2019-11-12,41.884063720703125,42.0460603334948,41.77876854874267,42.0460603334948,12656900
2019-11-13,42.451053619384766,42.48345356242655,42.08656198473634,42.264758581637494,12257900
2019-11-14,42.629234313964844,42.661631155092735,42.402437887104696,42.548234486576405,8660300
2019-11-15,42.66164016723633,42.66974169660033,42.426748342758366,42.637341758800574,8982400
2019-11-18,42.953224182128906,43.2853157485237,42.6616309843525,42.66973251197266,13782000
2019-11-19,42.993736267089844,43.18003128064191,42.82363813312645,43.0504346151349,12679500
2019-11-20,43.10713195800781,43.25292858953205,42.93703382801077,43.009932143772886,11970300
2019-11-21,42.89653778076172,43.20433102957079,42.750741141316816,43.01803601024192,7856100
2019-11-22,42.953224182128906,43.08282081560425,42.72643084600391,42.89652584809765,9113300
2019-11-25,43.10713195800781,43.24482706009839,42.74264037919723,43.15572877529712,10963500
2019-11-26,43.65790939331055,43.69030623476882,43.10712292076223,43.18002122124149,13219800
2019-11-27,43.69841766357422,43.819912798682694,43.41492283533136,43.68221769426078,9595200
2019-11-29,43.576011657714844,43.845299990990355,43.42912598032529,43.82082008239477,7222300
2019-12-02,43.86161422729492,43.86161422729492,43.12718595320976,43.510721064443956,13173800
2019-12-03,43.90242385864258,43.93506581353327,43.576013648460155,43.82898101659261,14498300
2019-12-04,44.302276611328125,44.318597587516315,43.837139685142276,43.90242047698714,13624000
2019-12-05,44.22068405151367,44.30228895519207,43.9269157369978,44.23700503224935,14068100
2019-12-06,44.40835952758789,44.47364343416415,44.20435198889906,44.31859882540753,7843500
2019-12-09,44.12275314331055,44.48180531455616,44.08195225544985,44.310439717796314,13887200
2019-12-10,43.87793731689453,44.122745715756245,43.845295366937584,44.09826580974238,8993900
2019-12-11,44.02482986450195,44.18803652690535,43.788180359662434,44.01666781928229,8879100
2019-12-12,44.17986297607422,44.43283339256467,44.01665635617417,44.07377820620309,11233300
2019-12-13,44.40835952758789,44.51444431932032,43.93506365654197,44.0166654268543,13072200
2019-12-16,44.40835952758789,44.74293487942925,44.367558642431725,44.628688042920786,9538100
2019-12-17,44.40835952758789,44.53892734074042,44.30227784876346,44.39204166385183,9230000
2019-12-18,43.9921875,44.67765298538803,43.97586652262074,44.49812534712436,15132100
2019-12-19,44.32676315307617,44.34308413170695,44.000349806277264,44.09827567806196,13385900
2019-12-20,44.857181549072266,45.04486812344354,44.44916644489779,44.83269852604422,23832800
2019-12-23,44.808204650878906,45.07749602990192,44.75108280312988,44.88164747125725,9300800
2019-12-24,44.6450080871582,44.881657574192765,44.58788622655096,44.718450924068655,3359300
2019-12-26,44.897979736328125,44.897979736328125,44.71029317324606,44.81637485265678,6228500
2019-12-27,45.16727066040039,45.24887554875156,44.88166133344177,44.889820265822785,6895500
2019-12-30,45.10199737548828,45.199920144912966,44.930631750767894,45.028554520192586,6431700
2019-12-31,45.16727066040039,45.19175368335984,44.86534035577153,45.04486799723592,7982600
2020-01-02,44.87350082397461,45.23255298137625,44.68581114381739,45.14278916379882,11867700
2020-01-03,44.628684997558594,44.87349651760619,44.13906818327897,44.32675473251642,11354500
2020-01-06,44.61237335205078,44.808221986466165,44.48997067933605,44.596055486015565,14698300
2020-01-07,44.26963806152344,44.55524738449903,44.18803628721845,44.432844723041555,9973900
2020-01-08,44.35124206542969,44.58789158088227,44.188038508615236,44.28596126528557,10676000
2020-01-09,45.15910720825195,45.20807013636219,44.75109214605702,44.88165684144308,15398000
2020-01-10,45.31416320800781,45.640576585021726,45.248882400350226,45.27336231410824,13040100
2020-01-13,45.803775787353516,45.88537756181566,45.224391982202945,45.314155801856195,14302900
2020-01-14,45.697689056396484,45.934338550393605,45.55896542309971,45.893537664889145,16345300
2020-01-15,46.26890563964844,46.497393063355354,45.69768396747349,45.69768396747349,17735400
2020-01-16,46.3668327331543,46.472917523946364,46.19546714927264,46.3913126414494,10234100
2020-01-17,46.464752197265625,46.63612088195085,46.35050848274731,46.40763034000646,14264300
2020-01-21,46.65243148803711,46.71771537926913,46.16281475542602,46.39130214892356,11968900
2020-01-22,47.011497497558594,47.03597740595824,46.660604283593095,46.717726145130925,12869600
2020-01-23,47.19102478027344,47.207342643814684,46.709566870199694,46.82381059243618,12858900
2020-01-24,47.06862258911133,47.22366720779543,46.88909494743949,47.20734623010633,8594300
2020-01-27,46.90541076660156,47.207341038373855,46.619801470723424,46.6850822613922,14359900
2020-01-28,46.521873474121094,47.12573710277983,46.489234636742886,46.880928701450834,15240200
2020-01-29,46.521873474121094,46.72588099404655,46.23626419138854,46.51371454300347,13163600
2020-01-30,48.03153610229492,48.129458850668904,47.1339010513246,47.272627798353454,20225600
2020-01-31,47.656158447265625,48.211059156870675,47.45215092499635,48.12129534900695,17685200
2020-02-03,47.80305480957031,48.12130611746256,47.754091872622105,47.94177846156091,12333600
2020-02-04,48.01521682739258,48.512995744709315,47.835689188253255,47.94177398528178,15417900
2020-02-05,48.023372650146484,48.21106232231638,47.770405298184194,48.06417664760565,11414900
2020-02-06,48.13761901855469,48.423228320553854,48.015213253179084,48.129456973978755,9347000
2020-02-07,48.30082321166992,48.406908002243455,48.023372837567734,48.047855858720375,8757800
2020-02-10,48.75780487060547,48.831247713755346,48.382431722465306,48.406911632545864,7984900
2020-02-11,48.62723922729492,48.798604820381286,48.406910702080395,48.73332402378521,7431200
2020-02-12,48.480350494384766,48.77412184285913,48.406907657266174,48.5374723551539,9179100
2020-02-13,48.6435546875,48.83124123667494,48.317141402817114,48.455868138325066,8173200
2020-02-14,48.921016693115234,49.01893945667123,48.65172520220061,48.65988724836025,9965500
2020-02-18,48.57828140258789,48.904694758611136,48.513000599128326,48.80677199696755,10075700
2020-02-19,48.774131774902344,48.96181837177847,48.52932330562517,48.5619621520625,6265700
2020-02-20,48.73332214355469,48.847565867871175,48.235543247968835,48.70068019006197,7597200
2020-02-21,49.06789779663086,49.06789779663086,48.49667602241922,48.56195682103608,10842400
2020-02-24,47.860172271728516,48.798605129994705,47.79488836181009,48.23554541503499,14415500
2020-02-25,47.18286895751953,48.308991577750994,47.019662284413634,47.90097645144044,15915100
2020-02-26,47.00333786010742,47.71328636913715,46.90541510858572,47.31343020498564,15837800
2020-02-27,44.82455062866211,47.23999989291846,44.783749730781835,46.63613913330886,23754000
2020-02-28,43.649452209472656,43.97586238764153,42.09083481475164,43.92690257301551,40890600
2020-03-02,45.63241195678711,45.665053915223474,43.82082684428766,44.00851343593403,25698600
2020-03-03,45.74664306640625,46.913566219156934,45.40390884660236,46.31786157790036,27099200
2020-03-04,48.08049392700195,48.14577783181716,46.03225966349735,46.03225966349735,20526100
2020-03-05,46.30155944824219,47.4684798845487,45.852740303999134,47.166549552619394,17948500
2020-03-06,45.09382247924805,45.62424329556215,44.049304935265866,44.8326930932525,22353900
2020-03-09,42.31932067871094,43.72289342013086,42.009228374997946,42.47436527411357,27898300
2020-03-10,43.78818130493164,43.90242503720778,41.756264695607484,43.42912913021973,27457400
2020-03-11,42.604942321777344,42.96399765535864,41.73179012714605,42.71918606867734,22653900
2020-03-12,38.48398971557617,40.74439407252335,38.100454469554755,39.61011242729508,31913100
2020-03-13,39.89986801147461,40.797141812288295,38.36873995318625,40.75597995722204,33697200
2020-03-16,37.2574348449707,39.41418661793713,33.890600557474386,34.77141336167902,28682300
2020-03-17,38.83795166015625,39.10137117262887,37.34798249131372,37.76780949821017,32106700
2020-03-18,36.9199333190918,37.166891915373874,34.236345253402,36.8293853926919,35408300
2020-03-19,34.43391036987305,36.76352772049493,33.78359194944231,36.51657227254407,41956900
2020-03-20,31.528060913085938,34.63147622489933,30.877742440963395,34.53269466590893,51513500
2020-03-23,30.91889762878418,32.01373445015563,29.85698589316347,31.90671928589246,44978500
2020-03-24,32.4747200012207,34.07993489485679,31.96434506270034,33.93176101912371,49096200
2020-03-25,34.25279998779297,35.767463681126884,32.853381933048354,33.44607737745975,42511700
2020-03-26,36.45893478393555,37.26565726440754,34.944271334422844,35.26531360173023,37821700
2020-03-27,35.240631103515625,36.24491695152127,34.903124611769464,35.94033868828905,23297900
2020-03-30,37.043399810791016,37.50438547224459,35.42995470601535,35.42995470601535,23446000
2020-03-31,36.42601776123047,37.46323180053644,36.26961339171384,37.10103072050438,25373900
2020-04-01,34.672630310058594,35.93210836467059,34.40921076116652,34.96897808761436,21936400
2020-04-02,36.17906188964844,36.37662497078547,34.458601285388035,34.75494904730214,17621900
2020-04-03,36.080284118652344,36.50010806508705,35.65222654452171,35.87448738917851,14207100
2020-04-06,38.41813278198242,38.69801646572997,36.78822302611455,37.36445450914879,22850000
2020-04-07,38.286415100097656,40.00687556642712,38.261720501987455,39.92455814592091,21279600
2020-04-08,39.36479187011719,39.587052679245836,38.1382453170323,38.393431211054974,18937100
2020-04-09,40.33614730834961,40.937073207751084,39.80107471042096,39.87516163720788,19165300
2020-04-13,38.632164001464844,40.039812939119265,38.27819336003702,39.801087968815104,19586000
2020-04-14,40.27030563354492,40.54195884477987,38.63216529863844,39.463582768382516,21801900
2020-04-15,39.19192123413086,39.84223951304949,39.02728325791994,39.27423865213222,12893200
2020-04-16,38.772098541259766,39.38948866542128,38.49221489269821,39.01905710309122,17606800
2020-04-17,39.56235885620117,39.75992193027234,38.99435795277756,39.75992193027234,19844600
2020-04-20,38.302879333496094,39.512964888059585,38.12178037976748,39.340096420324315,18957900
2020-04-21,37.35622787475586,38.60747252291539,36.434256150716664,37.76782138506323,26863700
2020-04-22,37.603179931640625,37.99007880099523,37.45500603019457,37.90775822229798,15811600
2020-04-23,37.10102462768555,37.94890593090126,37.01870721308118,37.825429808994706,17668200
2020-04-24,37.39739227294922,37.66081190830418,37.14220312735733,37.455015121920006,15175000
2020-04-27,38.50868225097656,38.673320259334034,37.627872517504244,37.866597472612135,19175500
2020-04-28,38.47575378417969,39.51296780743304,38.33581039028658,39.43065038058431,17246700
2020-04-29,38.7885627746582,39.397722414072774,38.590999692832476,38.91204205595571,15780000
2020-04-30,37.77604293823242,38.689780817417564,37.61963857178602,38.689780817417564,20801100
2020-05-01,37.53731918334961,38.187637549875824,37.21627681360363,37.553783297209485,14290400
2020-05-04,37.15864944458008,37.43853306558018,36.71412784530787,37.306823311004145,22544200
2020-05-05,37.37267303466797,37.9489011446386,37.166876383904835,37.33974481689602,13370500
2020-05-06,36.837615966796875,37.56202136115665,36.8129213631944,37.37268873971664,11892900
2020-05-07,36.71413040161133,37.24097259680627,36.63181297684787,37.166885658435774,16466000
2020-05-08,37.9571418762207,38.047692921944346,36.94462254170849,37.10926052118709,13985100
2020-05-11,37.48793029785156,37.9571465560814,37.47146618385296,37.611406442528086,10874600
2020-05-12,36.89522933959961,37.743110674727205,36.87876522801746,37.53731399026259,13424400
2020-05-13,36.17082977294922,36.8623068662152,35.82509279642057,36.80468403679376,15854800
2020-05-14,35.973270416259766,36.269618221296376,35.58637154410541,35.70985084294034,18000800
2020-05-15,35.611061096191406,36.788218521318704,35.56167189583074,36.18729250866489,31579400
2020-05-18,37.01871871948242,37.36445573653472,36.32724154516877,36.895239418987146,26118500
2020-05-19,36.66474533081055,37.31506373636809,36.42602037582733,37.05164103900841,17839900
2020-05-20,37.77604293823242,38.00653424461839,37.05987127895563,37.20804515883477,22295900
2020-05-21,37.183345794677734,37.9406792743388,37.068100146518276,37.93244878813101,13193500
2020-05-22,37.0681037902832,37.29859824946794,36.755295040303935,37.22451130548154,13008400
2020-05-26,37.940677642822266,38.63215464225268,37.80896788770258,38.62392101619055,22223100
2020-05-27,38.467525482177734,38.76387328418834,38.00653966347135,38.68978633368569,18447600
2020-05-28,38.76387405395508,39.06845234975469,38.5416131980335,38.936742561824396,16230600
2020-05-29,38.426353454589844,38.84617726856504,37.981831905528175,38.426353454589844,51125000
2020-06-01,38.68155288696289,38.87911597971787,38.35227687875962,38.40989970916388,17010700
2020-06-02,38.607460021972656,38.92026872756936,38.32757639998048,38.821487196339255,15255100
2020-06-03,39.43064880371094,39.611747763577526,38.78856096717611,38.91204024271969,15508300
2020-06-04,39.447105407714844,39.73522263867306,39.00258697344435,39.463569518644576,13604700
2020-06-05,40.410240173339844,40.73951614971437,39.89163160962292,39.9574880609812,20504800
2020-06-08,41.03585433959961,41.134639001180865,40.72304566521614,40.78066848103457,19896700
2020-06-09,40.33614730834961,40.82182757501765,40.07272782204233,40.82182757501765,16713700
2020-06-10,40.023338317871094,40.558410953595136,39.98217960901729,40.46785990999185,15716600
2020-06-11,37.48793029785156,39.44711276055525,37.422073841857156,39.35656484387593,26070400
2020-06-12,37.87834548950195,38.41827933138393,37.388252718308856,38.38505195092468,21822700
2020-06-15,38.459808349609375,38.58440943022524,36.93969227727615,37.02275755186199,15622300
2020-06-16,38.850215911865234,39.6144264560649,38.36842852368463,39.506442250082294,18803500
2020-06-17,38.69239044189453,39.09110939788557,38.5760946404193,38.85852096367169,12602800
2020-06-18,39.03297424316406,39.074506885484794,38.26876031576519,38.45981300543054,9380800
2020-06-19,38.22721862792969,39.69749663308892,38.22721862792969,39.68088294634434,30464600
2020-06-22,37.99463653564453,38.335209220612896,37.69559648665046,38.235527091790196,20876200
2020-06-23,37.911563873291016,38.45149758704308,37.86172598316641,38.21060388898529,14675300
2020-06-24,37.08921432495117,37.74543763486068,36.96461323755439,37.68729130573879,17631800
2020-06-25,37.32179260253906,37.363325234259165,36.5741925566305,36.93968732073543,13829700
2020-06-26,36.19209289550781,37.388249985989646,36.14225182846129,37.313489969788456,21955100
2020-06-29,36.84830856323242,37.02274749371429,36.17546861442718,36.549268585985644,17603900
2020-06-30,37.11412811279297,37.23872918285919,36.582502795485844,36.756941758589086,23679800
2020-07-01,37.23041915893555,37.820190771995826,37.13904546730207,37.321792850569025,14316500
2020-07-02,37.28026580810547,37.737131166035226,37.21381105195857,37.620838511515345,15111900
2020-07-06,37.57099151611328,37.60421888894381,37.055979912186785,37.496231511612926,15146000
2020-07-07,37.554386138916016,37.79527989213207,37.21381341389026,37.37994714606469,13043600
2020-07-08,37.43808364868164,37.52945733582681,36.93968575173631,37.49622996436737,13851200
2020-07-09,36.474525451660156,37.42148370483946,36.40807385307553,37.42148370483946,16087100
2020-07-10,37.504539489746094,37.587604752090314,36.43298049432783,36.449594180544004,15627800
2020-07-13,37.587608337402344,37.94479470327882,37.34671461739505,37.820193629140725,16705300
2020-07-14,38.102630615234375,38.16077695439228,37.105831250225044,37.30519239072204,17080100
2020-07-15,38.542869567871094,39.199092719055855,38.37673588110493,38.45980114011975,23738000
2020-07-16,38.3352165222168,38.78377351240632,38.160774347920054,38.42658707126852,13306100
2020-07-17,38.891754150390625,38.96651416386266,38.318596159596375,38.601022525075514,13899800
2020-07-20,38.31028366088867,38.900058446170554,38.086003644300355,38.80868475399716,16633200
2020-07-21,39.2073974609375,39.86362371917742,38.983117480194636,39.47321006728396,25681500
2020-07-22,40.27064895629883,40.30387632515903,39.06618376937514,39.81378372504813,29831200
2020-07-23,40.104530334472656,40.34542409602715,39.896863954250676,40.26235881143336,15935000
2020-07-24,40.278961181640625,40.536465392751964,39.93008011317772,40.20420117902262,16196800
2020-07-27,40.27064895629883,40.29556789857583,40.02145002731993,40.02145002731993,17346500
2020-07-28,40.021461486816406,40.93519221094977,39.955006730067765,40.15436783157648,13872700
2020-07-29,39.8885498046875,40.28726878561632,39.72241610378296,39.98822875773551,13758100
2020-07-30,39.61442947387695,40.06298952420177,39.20740522611828,39.59781578659787,17276500
2020-07-31,39.24063491821289,39.68088656653083,38.816993789418206,39.40676546334168,14849200
2020-08-03,38.459808349609375,39.34031483640999,38.401662023651866,39.157567429836604,14137500
2020-08-04,38.78377151489258,38.924986299313254,38.393360879997076,38.451507212188694,11717200
2020-08-05,39.22401428222656,39.26554691115211,38.883441655058725,38.9582016546193,10498700
2020-08-06,39.439979553222656,39.48151217551324,38.70899335971175,38.758834407702025,10745000
2020-08-07,39.7057991027832,39.93838753213133,39.21570646882552,39.431681212596175,11669700
2020-08-10,39.63935470581055,40.10452531125167,39.58951364005453,39.921781074287125,11888000
2020-08-11,39.81379318237305,40.41187328897873,39.622740519148905,40.254044833770536,16531600
2020-08-12,40.2291259765625,40.445097588471334,39.971618559249954,40.12113858623955,9562200
2020-08-13,40.18758773803711,40.478319322914864,39.921775097938415,40.08790562144763,9882900
2020-08-14,40.2457275390625,40.445085402491344,39.89684652495786,40.15435386468423,10075800
2020-08-17,40.046382904052734,40.49494303353658,40.03807764331596,40.13775661584434,9102400
2020-08-18,40.220802307128906,40.28725703560353,39.83869712460742,40.03805814129542,9829000
2020-08-19,39.34861755371094,40.187591349005096,39.22401964988355,39.97161657905858,17371000
2020-08-20,39.33200454711914,39.539670892497256,39.11603294217017,39.26555296434137,11308700
2020-08-21,39.27385330200195,39.4566006770281,39.016349093995906,39.32369435939178,14734100
2020-08-24,39.84701919555664,39.85532445509216,39.19079278645788,39.39845913095215,9257700
2020-08-25,39.797176361083984,39.91346900182762,39.58120476666534,39.87193636852444,7827800
2020-08-26,40.004844665527344,40.02145835341377,39.43168669276204,39.67257724527279,10124200
2020-08-27,40.06299591064453,40.55308867292433,40.03807696012199,40.079609600572006,10931600
2020-08-28,41.392051696777344,41.40866221359757,40.3121843167446,40.494931689132265,16420300
2020-08-31,41.142860412597656,41.591420534499036,40.99334037196386,41.367140473548346,18510800
2020-09-01,40.802276611328125,40.99332924053969,40.561386094596635,40.960105038438556,12588400
2020-09-02,42.521759033203125,42.66297379345992,41.00164305800579,41.00164305800579,26332600
2020-09-03,41.93198013305664,43.31088427833742,41.61632646064691,42.69619378698498,22289400
2020-09-04,42.39716339111328,42.754349771790245,41.76585590346871,42.31409494866685,21019500
2020-09-08,41.37544631958008,42.39716442096115,41.001646241334036,42.3057907164191,17776700
2020-09-09,41.69108963012695,42.16456859040362,41.15946435323642,41.20099698385538,15252300
2020-09-10,41.533267974853516,42.098120672810474,41.491735340626036,41.82399958318274,15439500
2020-09-11,42.41377639770508,42.53006904652334,41.61633520672539,41.86553736132112,18272300
2020-09-14,42.46401596069336,42.89945883461772,42.34678195509586,42.68173899484908,10911700
2020-09-15,42.74872589111328,43.02506591129258,42.572874893392026,42.70685706228254,12838400
2020-09-16,42.531005859375,43.083682702680385,42.48913703074625,42.66498802761913,15353900
2020-09-17,42.33003616333008,42.39702885280167,41.819228086464584,42.053699305227894,13287100
2020-09-18,42.24629211425781,42.84083776876495,42.04531727058905,42.49750827305368,23816600
2020-09-21,41.10744857788086,41.88622102855504,40.70550202178891,41.66012549180571,17514800
2020-09-22,41.584754943847656,41.90296379089814,41.09069510015882,41.124191440771895,13034600
2020-09-23,40.37055206298828,41.80248751991302,40.33705571215794,41.643384645050666,17121200
2020-09-24,40.780860900878906,41.115814715351576,39.8262375783323,40.37053872474542,16788100
2020-09-25,40.797611236572266,40.831104383726824,40.177941695602094,40.36216837969346,12603400
2020-09-28,41.26655197143555,41.626629698319014,41.1493179569874,41.29167582766537,11215700
2020-09-29,40.96509552001953,41.50102751880246,40.956723029995445,41.35866963329191,12426600
2020-09-30,41.341915130615234,41.5512624874364,40.939968588845055,41.25817746564163,15755900
2020-10-01,41.18281555175781,41.58476212536868,40.68875562274681,41.40053541456842,17577300
2020-10-02,41.33354187011719,41.51776856288393,40.6552552967018,40.83110630649528,13610100
2020-10-05,41.35029220581055,41.4926468799355,41.13256915853004,41.39216103970687,10628700
2020-10-06,40.98183822631836,41.64337665352044,40.889728070792984,41.492646298097505,10077400
2020-10-07,41.50102233886719,41.668497673546604,40.99021426268812,41.04883126870337,10135600
2020-10-08,42.254661560058594,42.32165423458762,41.48426496929409,41.62661961108845,12143900
2020-10-09,42.547760009765625,42.89946205294289,42.37190579378968,42.43052280098589,11407800
2020-10-12,42.782230377197266,43.15068061319831,42.56451050919381,42.57288299879924,11386500
2020-10-13,42.05369567871094,42.69848588452862,41.78573133270709,42.69848588452862,14365300
2020-10-14,41.96996307373047,42.27979950513844,41.576392160019495,41.911346061169525,10582100
2020-10-15,41.86109924316406,41.97833325291165,41.28329848885494,41.36703934895121,9961700
2020-10-16,41.89459991455078,42.162564326194676,41.76061770872884,41.861106758886116,13569800
2020-10-19,41.55126190185547,42.27141731027309,41.41727972315362,41.89459143442816,9930400
2020-10-20,42.078819274902344,42.388652472647344,41.69362089993428,41.77735856601005,10970700
2020-10-21,41.86109924316406,42.2295494444261,41.67687254533945,41.83597538794159,12517400
2020-10-22,42.43889617919922,42.874339062136904,42.18767999137786,42.84921520728378,20189200
2020-10-23,42.304908752441406,42.85758557485628,42.26303992539525,42.7068552419807,13491300
2020-10-26,41.701988220214844,42.296533881071156,41.19955589725761,42.154179227508436,14696400
2020-10-27,41.78573989868164,42.11232131267303,41.49265163901651,41.710374711269196,13892100
2020-10-28,40.161197662353516,41.157693162360154,40.01046730427498,41.03208346583229,19886200
2020-10-29,40.21144104003906,40.59663941337131,39.6085196248149,39.96859733730853,15369900
2020-10-30,40.244937896728516,40.29517921904572,39.667137134982845,40.035590535374226,15804000
2020-11-02,40.713863372802734,40.990203351360904,40.39565776610632,40.82272486687593,15156100
2020-11-03,41.325172424316406,41.83598055362032,41.032087363758876,41.2163140843308,15285100
2020-11-04,41.174434661865234,42.04532039176762,41.09907268358017,41.39215769153434,12930800
2020-11-05,41.40052795410156,42.045318131322446,41.31679029758429,41.66849228822104,12452400
2020-11-06,41.408905029296875,41.86109605622934,41.24142651624185,41.57638354235189,9294900
2020-11-09,44.02156066894531,44.59935820715129,43.602865967361744,43.962943666274576,33442000
2020-11-10,45.20227813720703,45.45349431115216,43.92107341401597,44.02155924471663,29706700
2020-11-11,44.86732864379883,45.47024688071505,44.657981279528144,45.16041367602288,17399900
2020-11-12,44.3900146484375,44.55749318225542,44.05506077518899,44.42351099407855,15024400
2020-11-13,44.758460998535156,44.80032982678563,44.28952181672412,44.59098249114644,12447900
2020-11-16,45.09342575073242,45.7382160841413,44.61611396531337,45.637730233102445,14908200
2020-11-17,44.951053619384766,45.009670609278494,44.40674934821568,44.93430545164564,14248400
2020-11-18,44.0550537109375,45.23577255316332,44.013184882793546,45.00967704792176,15278200
2020-11-19,44.490501403808594,44.57423906922967,43.502381618781456,43.95457267858449,17189500
2020-11-20,44.10530090332031,44.590988318783836,44.03831140824201,44.54074380168467,15645600
2020-11-23,44.11367416381836,44.523993183903336,43.7117276322631,44.33976968676577,13191900
2020-11-24,44.56587219238281,44.875705426721034,44.398393646063816,44.49887949610018,13827600
2020-11-25,44.32302474975586,44.61610978548992,44.20579073546224,44.44025876404948,10194800
2020-11-27,44.13042449951172,44.540743539719585,44.055059321499854,44.47375404503528,8499300
2020-11-30,43.5480842590332,44.04601792410154,43.109230416081495,43.9616236972493,43203600
2020-12-01,43.9194221496582,44.16416989002637,43.70843338439593,44.003816367989884,18968800
2020-12-02,43.97850799560547,43.99538748670839,43.58184800327128,43.80127816817546,14913100
2020-12-03,44.5439567565918,44.67898946688018,43.80127845972254,43.80127845972254,17318900
2020-12-04,45.446998596191406,45.46387809111555,44.52708704914993,44.54396654407407,18122400
2020-12-07,44.72119140625,45.387913626244966,44.47644360401401,45.37103413442519,16210900
2020-12-08,44.88154220581055,45.13472814681427,44.55240016056233,44.67899152134723,12485800
2020-12-09,45.00813674926758,45.23600184238107,44.729629960787236,45.04189251378897,11508400
2020-12-10,44.77183151245117,45.160050208060575,44.712754894399055,45.067217822145984,12097300
2020-12-11,45.0250129699707,45.18536653385679,44.54395871718026,44.560838209138474,10638100
2020-12-14,44.95750427246094,45.438558589997115,44.88154815814289,45.27820822396317,22292000
2020-12-15,45.43854904174805,45.75925292585903,45.23599837298489,45.396351924757205,16193700
2020-12-16,44.780269622802734,45.40479474534783,44.678992668254345,45.236003040534506,15679600
2020-12-17,44.95750427246094,45.328843487218975,44.85623052651499,44.98282190408884,12677300
2020-12-18,45.35416030883789,45.43855455305587,44.408928032539436,44.79714992647068,35480100
2020-12-21,44.56928253173828,44.72963288686472,43.86879805629486,44.45956743642329,14926600
2020-12-22,44.52708053588867,44.881543438577076,44.21481797405493,44.569280876743335,9689500
2020-12-23,44.79714584350586,45.05876990839672,44.67898940516219,44.687430760475046,7040300
2020-12-24,45.100975036621094,45.19381064494761,44.7465153169391,44.7465153169391,3265500
2020-12-28,45.7086181640625,45.94492461393956,45.345717133503335,45.44699086638866,9020500
2020-12-29,45.68330383300781,45.98712827302701,45.590468229731485,45.953369286483955,8320600
2020-12-30,45.94492721557617,46.10528078944473,45.598905657476706,45.61578515048571,8142700
2020-12-31,46.28251647949219,46.358472597904225,45.80146213602748,45.95337437285155,8495000
2021-01-04,44.52708053588867,46.10527927638043,43.910993548731724,45.80145485105722,25611100
2021-01-05,44.037593841552734,44.408933065403396,43.91099924144475,44.16418844166072,20323800
2021-01-06,42.636619567871094,43.90255244143223,42.35811279035943,43.860355322866944,38724500
2021-01-07,42.16400146484375,42.41718738363221,41.79266233191625,42.273716543444415,53225700
2021-01-08,43.10923767089844,43.15143479142588,42.062731696874785,42.223082042652614,29674000
2021-01-11,42.366554260253906,42.92356459734911,42.15556544742339,42.72101392048095,19304400
2021-01-12,42.29060363769531,42.51003061491541,41.9952173298044,42.23152702000397,18538700
2021-01-13,42.33279800415039,42.50158970917327,42.15556816262167,42.1808857915732,18864100
2021-01-14,41.54791259765625,42.34967065236539,41.539474462514114,42.33279116264764,34303600
2021-01-15,41.100624084472656,41.50572224539892,40.957150008212984,41.48884275293108,24366800
2021-01-19,40.94026565551758,41.38756410422937,40.7124005828377,41.1343781861367,29114500
2021-01-20,41.083740234375,41.20189344968375,40.77147770542564,40.96558701906625,23115800
2021-01-21,41.311607360839844,41.429760572806536,40.89806789952284,41.16813330385631,19702500
2021-01-22,40.92338943481445,41.3031667027037,40.92338943481445,41.19345484370324,15400300
2021-01-25,41.16814041137695,41.218778890719605,40.71240697502959,40.864315974189296,16604200
2021-01-26,41.59856033325195,41.6913959376628,41.02467043274328,41.277856396042004,12922600
2021-01-27,40.95714569091797,41.62387108566526,40.703959769456645,41.26097008444502,21242400
2021-01-28,41.48039627075195,41.775779280924546,41.02465972411423,41.092174460967954,17498900
2021-01-29,40.63645553588867,41.4550901196882,40.602696545780475,41.37913400166201,18670300
2021-02-01,40.914947509765625,41.09217732823565,40.661761594889356,40.73771769129559,12183600
2021-02-02,41.32004928588867,41.649191326392724,41.04154572062904,41.18501657133742,13319800
2021-02-03,41.159698486328125,41.42976391243138,41.07530102852472,41.311610690940434,12274100
2021-02-04,41.362247467041016,41.41288594358499,41.058426266078996,41.320050346304676,20597400
2021-02-05,41.90237808227539,42.012089943201275,41.581674196304036,41.77578351113485,12742000
2021-02-08,42.130252838134766,42.34124169221862,41.76735497099021,42.16401182745244,17833200
2021-02-09,41.94457244873047,42.214637844647626,41.885495844588185,42.07116379213531,14592900
2021-02-10,41.860172271728516,42.68725111467478,41.8010956714371,42.54377707151474,22965400
2021-02-11,42.450950622558594,42.69569843035732,42.02897297577484,42.03741433159353,21928600
2021-02-12,42.78009033203125,42.915123042838914,42.5269044016961,42.67881660378394,13137100
2021-02-16,42.42563247680664,42.805412998169324,42.33279688053644,42.721015538181,15093400
2021-02-17,42.3074836730957,42.6113081219334,42.10493296739249,42.19776857336337,12794300
2021-02-18,42.84761047363281,42.915125222749225,42.22308214227781,42.33279723145517,12747100
2021-02-19,42.29060363769531,42.89825252758821,42.17245040231263,42.86449354049767,15968800
2021-02-22,42.72945022583008,42.94043901372455,41.91925083354591,42.0711630183846,14370900
2021-02-23,42.65350341796875,43.47213790398002,42.55222645974199,43.04172209953567,16222300
2021-02-24,42.79697036743164,42.957323926915194,42.307477991818125,42.5269049423827,14442000
2021-02-25,42.34123229980469,42.830727878024575,42.18088196526733,42.594421444088745,14211100
2021-02-26,41.345375061035156,42.374998424917855,41.32849556727521,42.36656028775501,23638400
2021-03-01,42.11337661743164,42.569110096072606,41.69139890871764,41.72515467864459,13901200
2021-03-02,42.282161712646484,42.67038362009895,41.94458150458307,42.062734738376975,11755100
2021-03-03,42.180885314941406,42.67038093203318,41.95301699865047,41.96145835449493,15410700
2021-03-04,42.147125244140625,43.11767509746498,41.87705981388989,42.459391013658056,22036400
2021-03-05,42.86448669433594,42.99951940169695,42.11336705842568,42.23995841064518,21310800
2021-03-08,43.581844329833984,44.299208153790765,43.176746235810214,43.4383734967027,25084900
2021-03-09,42.923561096191406,43.78439576865602,42.88980211622804,43.64936306823609,23082700
2021-03-10,43.41305160522461,43.57340514360136,42.80540608856375,43.19362468354246,21331600
2021-03-11,42.94043731689453,43.40461198803341,42.88136071617322,43.38773249933685,17417700
2021-03-12,42.8553466796875,43.127659977798686,42.71919003063191,43.051071659815506,17598600
2021-03-15,43.42551040649414,43.502098739950604,42.948963661637265,42.974492024045674,13411900
2021-03-16,43.58719253540039,43.8424858621203,43.43401589012229,43.57017254745496,14214200
2021-03-17,43.604217529296875,43.92758759869201,43.52762919786516,43.61272590113101,17502700
2021-03-18,43.034053802490234,43.561660437911,42.96597709770888,43.45103538686246,18007300
2021-03-19,43.2382926940918,43.468057671552735,42.69366279590796,42.940447762021286,67845700
2021-03-22,43.39997100830078,43.46805095238675,42.82130446849167,42.82130446849167,17911400
2021-03-23,43.73186111450195,43.95311772952723,43.255314398258655,43.391471066646886,16936700
2021-03-24,43.84247970581055,44.15734132301158,43.527618088609515,43.5446348279347,14997400
2021-03-25,44.267974853515625,44.30201482866172,43.5446399896993,43.99566154480828,17091900
2021-03-26,45.135963439941406,45.19553175841532,44.04670723164001,44.3700804220912,17126700
2021-03-29,45.82527542114258,45.901863757208496,44.85515866179523,44.87217865272447,17514100
2021-03-30,45.229583740234375,45.774210365949685,45.04236712030821,45.74017039028479,14871800
2021-03-31,44.85514831542969,45.246598277815686,44.67644332124007,45.127461615022604,15826500
2021-04-01,44.684959411621094,45.22958935113049,44.64241105987708,45.067901069779595,15834700
2021-04-05,44.940250396728516,45.2891520313844,44.49774045219873,44.54879716941667,16368700
2021-04-06,45.26361846923828,45.65507167962276,45.01683677215122,45.13597343548234,15614300
2021-04-07,45.3402099609375,45.527426585691224,45.20405330099775,45.3402099609375,10062700
2021-04-08,45.20405197143555,45.42530856622422,45.076406932501236,45.24660031774699,9695600
2021-04-09,45.25511169433594,45.34020838650675,44.94025003782706,45.24660007738043,10828200
2021-04-12,45.3997802734375,45.5699769173301,45.187035280129486,45.38276353065612,8565300
2021-04-13,45.17852020263672,45.34871682126608,44.940246884293906,45.135971859537,11071700
2021-04-14,45.170013427734375,45.26361848736731,44.804091820939014,45.08491349229905,9787600
2021-04-15,45.382755279541016,45.66357693161083,45.204047050517985,45.21255866659214,13078100
2021-04-16,45.68059158325195,45.78270824060462,45.425298316755296,45.73165153504329,17974100
2021-04-19,45.952911376953125,46.25926463886302,45.35722483948727,45.952911376953125,19352900
2021-04-20,46.09757995605469,46.454993204662934,45.79122991668712,45.81675827507674,14419200
2021-04-21,46.472007751464844,46.5826360352522,46.15714613201041,46.15714613201041,13866500
2021-04-22,46.32734680175781,46.69326843594696,46.22523011782133,46.352878407415076,12558900
2021-04-23,46.352882385253906,46.45499907795368,46.097585784157786,46.293314043993114,9020500
2021-04-26,45.663578033447266,46.38690959814558,45.5955013343633,46.35287287171882,11684600
2021-04-27,45.59550476074219,45.69762144015717,45.374248168073905,45.578484773134576,9852400
2021-04-28,45.60401916503906,45.9954691931126,45.47637086420889,45.935900851720156,10868100
2021-04-29,46.174171447753906,46.25927139194676,45.46785976522342,45.56146808072009,15391000
2021-04-30,45.935890197753906,46.182675124131855,45.689105271375965,46.16565513821988,14912600
2021-05-03,46.361385345458984,46.633698658359684,46.089072032558285,46.182680342536166,10417900
2021-05-04,46.07204055786133,46.480510425371065,45.90184396817478,46.43796208950691,14151000
2021-05-05,45.952911376953125,46.15714796696988,45.70612644416677,46.072048035200204,9665900
2021-05-06,46.41244125366211,46.47200958276491,45.99545970371202,46.055028032814825,11572700
2021-05-07,46.38691329956055,46.60816989325703,46.08907163061997,46.32734496577243,10637500
2021-05-10,46.7273063659668,47.22938463882334,46.65922966173459,46.70177800765856,15545800
2021-05-11,46.22522735595703,46.92303060592054,45.99546239615481,46.82942229864215,12986700
2021-05-12,45.98695755004883,46.429467516223035,45.85080088708991,46.25927087596666,15836500
2021-05-13,46.38691329956055,46.61667826398502,45.80824994936609,45.92738661694233,15475800
2021-05-14,46.57413101196289,46.888992675986636,46.540091035789835,46.71879928758297,11725300
2021-05-17,46.49753952026367,46.82091277941085,46.378402858006964,46.66773614330064,12119800
2021-05-18,46.24224853515625,46.42946515453838,46.038011927991136,46.28479688149835,13232500
2021-05-19,46.09757995605469,46.10609157300504,45.621033286217994,46.05503160999508,15126100
2021-05-20,46.50605010986328,46.633695139649326,46.0550285818405,46.0550285818405,10948400
2021-05-21,46.48052215576172,46.90601211424493,46.1401321367136,46.63369880051413,16033200
2021-05-24,46.633697509765625,46.74432580485386,46.36989582039534,46.489032486076205,10326100
2021-05-25,46.625186920166016,46.65071527695962,46.25075370729703,46.65071527695962,11916500
2021-05-26,46.82942199707031,46.846441984305024,46.45499201659867,46.78687365209887,16064300
2021-05-27,47.22087860107422,47.288955308669756,46.616680372672946,46.98260200891268,59109600
2021-05-28,47.05067825317383,47.408088243890944,46.97408993427293,47.10173496828735,17011600
2021-06-01,47.04216766357422,47.35703256272493,46.88899102242811,47.09322762603315,13304000
2021-06-02,47.22937774658203,47.28043770197798,47.02514117122848,47.22937774658203,11328500
2021-06-03,47.3485107421875,47.43361066127988,46.888980917778575,46.95706085305249,17364300
2021-06-04,47.85911178588867,48.06334514733465,47.467658558360846,47.569778485314586,18935100
2021-06-07,47.68891525268555,47.94420857813741,47.49319026163142,47.91868021946145,14010800
2021-06-08,47.357032775878906,47.86761941784362,47.271932838064316,47.86761941784362,10968300
2021-06-09,47.21236801147461,47.58679802697801,47.21236801147461,47.442132991294066,9838800
2021-06-10,47.57828903198242,47.75699404297795,47.450640740567955,47.57828903198242,12444400
2021-06-11,47.7910270690918,47.83357541129776,47.365537154571314,47.64636205634544,11825800
2021-06-14,47.62812805175781,47.76531064987604,47.328042140465165,47.74816241627487,9710800
2021-06-15,47.50809097290039,47.833900851325446,47.31946368475573,47.825325099669264,11154200
2021-06-16,46.87361526489258,47.550955674872256,46.84789455360167,47.533807443781434,15211700
2021-06-17,47.11369323730469,47.28517229938891,46.85647627952388,46.873621242110346,10658400
2021-06-18,46.10196304321289,46.830744852904324,46.05909410217643,46.73643122020978,31445600
2021-06-21,46.607826232910156,46.66784340686329,46.29916461218508,46.48779188500389,14404300
2021-06-22,46.77930450439453,47.02794567638253,46.52208431089768,46.59067723468101,13072800
2021-06-23,46.40205383300781,46.81360159794221,46.393481352165615,46.77930840388252,12339200
2021-06-24,46.633548736572266,46.6592694490576,46.299166391499746,46.52208686465116,11488400
2021-06-25,46.573524475097656,46.70213455934051,46.307731827317895,46.50493482867436,18880300
2021-06-28,46.522098541259766,46.61641220496556,46.2991780121574,46.513526058509974,10556900
2021-06-29,46.17913055419922,46.59067829418619,46.059096205539355,46.4106267711964,12300900
2021-06-30,46.393489837646484,46.45350702659186,46.08482813981799,46.12769709325162,14614200
2021-07-01,46.26486587524414,46.71071005318492,46.17912799400921,46.590675711179806,13214700
2021-07-02,46.4535026550293,46.68499890661543,46.299171820638534,46.299171820638534,10604600
2021-07-06,46.19627380371094,46.376325307283906,45.91333292321883,46.29058743054164,15278200
2021-07-07,46.573524475097656,46.62496916293286,46.059090679506845,46.059090679506845,14377700
2021-07-08,46.4106330871582,46.444926283806005,46.0762507073313,46.307743685141354,11943900
2021-07-09,46.69356918334961,46.74501388261437,46.45350046149611,46.51351764195949,10847000
2021-07-12,46.71071243286133,46.813598549722876,46.530660910680936,46.57352985348236,15107600
2021-07-13,47.173709869384766,47.41377859109392,46.94221362886906,47.11369268895748,15170800
2021-07-14,48.23687744140625,48.31404286016931,47.12226838092197,47.17371308366109,22002700
2021-07-15,48.391204833984375,48.41692881886828,47.93678810622457,48.21972904511043,15068200
2021-07-16,48.356910705566406,48.59697942191057,48.23687307670337,48.40835213295961,14860500
2021-07-19,47.78245162963867,48.31403370781112,47.29373849361567,48.08254076606602,19527000
2021-07-20,47.86819839477539,48.29689440789418,47.60240568919298,47.78245722973703,16257900
2021-07-21,48.48552322387695,49.35149108759134,48.38263708634848,49.15429129454038,20918200
2021-07-22,48.41693115234375,48.64842740330987,48.05682478283273,48.545538000197475,13402700
2021-07-23,48.879920959472656,49.15428943364705,48.3997834887227,48.519817856410185,12144000
2021-07-26,48.922786712646484,48.97422813731732,48.49409073003872,48.77702837780064,8681100
2021-07-27,49.09426498413086,49.33433697066152,48.8027515703151,48.965658145227145,12794400
2021-07-28,48.64842224121094,49.00852530182014,48.554108600377816,48.86277023558046,9858000
2021-07-29,48.91421890258789,49.085697977608625,48.75131558019841,48.93136713715909,9599100
2021-07-30,48.89706039428711,49.0856876642467,48.78560179902974,48.99994978009632,11727000
2021-08-02,48.76845932006836,49.0771209725199,48.62270097499246,49.042824506538395,9778000
2021-08-03,48.8027458190918,48.87133874164312,48.65699076470609,48.87133874164312,8825500
2021-08-04,48.09968185424805,48.82846689488233,48.02251645631478,48.656987869398364,11888400
2021-08-05,48.44264602661133,48.519811434295505,48.26259449891183,48.39120133125828,9806800
2021-08-06,48.56268310546875,48.64842426920533,48.39120404868656,48.528386639974116,10409300
2021-08-09,48.571258544921875,48.76845831421175,48.382631256605066,48.69986538366348,8859900
2021-08-10,48.69987106323242,49.01710522728792,48.579836691465005,48.73416753250635,10906900
2021-08-11,48.63984680175781,49.02567384823528,48.62269856961539,48.77702938820637,8370700
2021-08-12,48.73416519165039,48.85419955765217,48.63985154102294,48.63985154102294,6169200
2021-08-13,49.068546295166016,49.12856347660238,48.674146739815285,48.708443206547805,7714200
2021-08-16,49.28289031982422,49.29146607115922,48.89706327701977,49.04282161349737,7972000
2021-08-17,49.111412048339844,49.35148402915875,48.879915818991726,49.26574286790525,10346400
2021-08-18,48.44264602661133,49.068541768631555,48.374053099473926,49.03424530506285,13873700
2021-08-19,48.751304626464844,48.854190740083695,47.971078117583176,48.065391751188194,9223700
2021-08-20,48.56268310546875,48.897065467313986,48.51124167791777,48.73416216225094,10543600
2021-08-23,48.391204833984375,48.656997539844625,48.339763405598596,48.58840460774223,8912800
2021-08-24,48.022518157958984,48.56267596263198,47.928207797756826,48.56267596263198,12067200
2021-08-25,48.073978424072266,48.159716332285264,47.78246495717991,48.06540594152759,11270700
2021-08-26,47.61954879760742,47.99680007110517,47.593824815518694,47.97107935970711,10331500
2021-08-27,47.713863372802734,47.83389772261052,47.54238432849558,47.722435853207266,8844100
2021-08-30,48.16828155517578,48.185429787207816,47.70528910238333,47.748158047118004,10034700
2021-08-31,48.27975082397461,48.459802381856676,48.013958092797736,48.15114069937808,14185700
2021-09-01,48.60554885864258,48.699862497210994,48.25401828714533,48.339759445248774,9518900
2021-09-02,48.67414093017578,48.897061395947695,48.365479307806446,48.67414093017578,11653200
2021-09-03,48.63984680175781,48.67414326604266,48.22829904241213,48.40835057387133,13220400
2021-09-07,47.731014251708984,48.60555454248676,47.59383165339234,48.52838912651545,20035300
2021-09-08,48.37405776977539,48.425502470095196,47.67957230425905,47.67957230425905,12040100
2021-09-09,47.8939208984375,48.37405835782802,47.84247619749231,48.16828609542955,12545400
2021-09-10,47.679569244384766,48.12541347313738,47.602403834202754,48.022524079100776,10573700
2021-09-13,48.073978424072266,48.35691940841994,47.79104071041614,47.79104071041614,20274300
2021-09-14,48.1085205078125,48.3590415230032,47.987580237134296,48.30720856612316,13918900
2021-09-15,48.27266311645508,48.37632574892616,47.87528365046053,48.0998898654195,15746000
2021-09-16,47.81481170654297,48.367686748114686,47.356965409607184,48.13444336230526,17430400
2021-09-17,47.028690338134766,47.67658744767467,46.968220204874385,47.529732351292346,33370200
2021-09-20,46.70042419433594,46.99413767840252,46.41534788831173,46.74361667529792,27542500
2021-09-21,46.69178771972656,47.35696252870865,46.596762276246935,46.98550122894755,16418200
2021-09-22,46.76089859008789,47.1323598919033,46.700428452152856,47.08916411162796,12719700
2021-09-23,46.68314743041992,47.18418615077984,46.64859212684334,46.87319500934086,13836200
2021-09-24,46.55356979370117,46.85592377709332,46.5276549619784,46.64859523718512,9682200
2021-09-27,46.311683654785156,46.864555300657344,46.27712835307441,46.51900887429975,12429500
2021-09-28,45.47373580932617,46.18210301902445,45.29232541802233,46.18210301902445,19926100
2021-09-29,45.75017547607422,45.92294870413327,45.40463231533135,45.473739629329835,13941500
2021-09-30,45.32688522338867,46.06980780868621,45.292329918171276,45.93158658781663,17672000
2021-10-01,45.8020133972168,45.95750898978534,45.41327441579544,45.59468484200021,16277400
2021-10-04,45.776092529296875,46.24257595013425,45.26641333092581,45.836562663393856,18973400
2021-10-05,45.85383987426758,46.19074584538868,45.724259133663246,45.80200691895082,17173100
2021-10-06,46.3980712890625,46.44990424461738,45.36143524559084,45.586041424286854,21284500
2021-10-07,46.54492950439453,46.89047265398229,46.48445937083229,46.63995494152808,13774400
2021-10-08,46.752254486083984,46.985497840885486,46.562206908204146,46.64859187129725,13786800
2021-10-11,46.84728240966797,46.985500335179495,46.65723152632389,46.83000475705712,12378500
2021-10-12,46.84728240966797,47.36560210186765,46.83864523105019,47.01141516640813,19474400
2021-10-13,46.85591506958008,47.020047798948106,46.467176189103455,46.7954416478395,12143300
2021-10-14,47.17555236816406,47.348325603107675,46.91639416343633,46.98550148018855,13704000
2021-10-15,47.06325149536133,47.40879798157913,46.89911872686441,47.201469430773344,17867000
2021-10-18,46.59675979614258,46.98549872815263,46.527652483438104,46.95094342411281,15861800
2021-10-19,46.77817916870117,46.82137165630247,46.4499103312553,46.683153718752976,11068500
2021-10-20,47.19282913208008,47.30512893160863,46.74362004783996,46.80409018462466,12474800
2021-10-21,46.95094680786133,47.227382669352245,46.83000653038098,47.16691253061207,14388300
2021-10-22,47.03733444213867,47.106441758895095,46.70906562526343,46.98550148303983,12828600
2021-10-25,46.84728240966797,47.0546109456229,46.66587200031696,46.97686315656171,11855000
2021-10-26,47.05460739135742,47.149632825851725,46.84727887106303,46.925026654251546,12086700
2021-10-27,47.961666107177734,48.445430492334346,47.74570039341813,48.350405051020076,24019800
2021-10-28,48.4108772277832,48.47134736655472,48.04805309977873,48.160356198372426,15928000
2021-10-29,48.69594955444336,48.782337819547145,48.1862703241448,48.264018115050526,24463700
2021-11-01,48.5231819152832,48.72187330024723,48.289941811044244,48.713232825052756,11651100
2021-11-02,48.462703704833984,48.80825015683778,48.35040390900166,48.782335326318815,11498900
2021-11-03,48.62684631347656,48.66140162241439,48.186274362958386,48.376325266740785,10788300
2021-11-04,48.8946418762207,48.920560005695066,48.40224025609119,48.47135087418863,10820200
2021-11-05,49.10196304321289,49.378398883236066,48.88599733723384,49.10196304321289,12886700
2021-11-08,48.661399841308594,49.14516096722896,48.48862659831896,49.024220685748865,12828000
2021-11-09,48.799617767333984,48.825532600396066,48.4540712814205,48.73050715200108,10155800
2021-11-10,48.9983024597168,49.17107239536719,48.626841166392936,48.842806881331214,8813600
2021-11-11,49.01557922363281,49.136519494545375,48.868720826542386,49.09332701141592,7257700
2021-11-12,48.903282165527344,49.23155100949275,48.851449202151024,49.024222451363116,10162500
2021-11-15,48.911922454833984,48.96375542150579,48.60957172102144,48.83417465251421,10289200
2021-11-16,48.56637191772461,49.1883509472626,48.54045379060299,48.91191509071786,13756500
2021-11-17,48.29857635498047,48.4195166380969,48.07397344281789,48.41087945874954,13288700
2021-11-18,47.866641998291016,48.31585109086031,47.63339862549299,48.22946612110195,15380100
2021-11-19,47.62476348876953,47.93575466583522,47.42607541350545,47.892558883728476,15813700
2021-11-22,47.9184684753418,48.393592335492556,47.58156252533262,47.59883688064726,16905600
2021-11-23,48.27266311645508,48.47135120176452,47.94439426902504,48.08261221077837,13835900
2021-11-24,47.8839225769043,48.23810624715391,47.53837608600809,48.12580314330631,12598900
2021-11-26,46.41535568237305,47.296496282533816,46.28577821772846,47.15827834302089,14754300
2021-11-29,47.14963150024414,47.27920893833192,46.5881193824056,46.69178199195081,22712500
2021-11-30,45.66098403930664,46.68824761065589,45.65227655835077,46.66212848871925,30485200
2021-12-01,45.530399322509766,46.59248619751685,45.5129876811733,46.122381844225416,18719600
2021-12-02,46.200721740722656,46.43577386227418,45.71320586036428,45.79155656754813,17074200
2021-12-03,46.60988998413086,46.67082905807349,46.122374071659394,46.427072762302984,21064400
2021-12-06,47.802555084228516,48.09854627104136,47.132222004654416,47.28021925852593,26624100
2021-12-07,48.063720703125,48.2465379013025,47.75031789428927,47.898315141097264,23832700
2021-12-08,47.88090133666992,48.185596653167686,47.32374228882836,47.985367827907744,18026300
2021-12-09,47.759037017822266,47.99408918176138,47.52398485388316,47.66327465611402,13846400
2021-12-10,48.99522399902344,49.03004727299176,47.941844868458155,48.098546280385406,23153600
2021-12-13,50.28365707397461,50.431654333250705,49.58720817396145,49.60461981157807,31362800
2021-12-14,50.3184814453125,50.64058844591072,49.97025864818562,49.97025864818562,24806600
2021-12-15,50.544830322265625,50.7102359047892,50.18790003929231,50.431656333733464,24923800
2021-12-16,51.05846405029297,51.25869291735746,50.405542532109834,50.47518576716547,24696900
2021-12-17,50.25755310058594,51.2935208754981,50.231437298482696,50.919182201937595,51874400
2021-12-20,50.09213638305664,50.30106939543589,49.622032123807806,49.79614518141075,20879500
2021-12-21,50.29236602783203,50.46647908817294,50.083429691236866,50.15307624374539,15864900
2021-12-22,50.649295806884766,50.65799996539716,50.04860924161813,50.24013061726424,12447400
2021-12-23,50.68411636352539,51.023634983109616,50.44035676616143,50.94528427698017,11027300
2021-12-27,51.05846405029297,51.0932840073555,50.49259740616203,50.49259740616203,9860000
2021-12-28,51.25868606567383,51.31091765475118,50.753758565058554,50.84081674840436,8979900
2021-12-29,51.31962203979492,51.4502043255464,51.06715830470683,51.31962203979492,9996000
2021-12-30,51.171630859375,51.56338440489711,51.15421922169287,51.41539046599449,7703900
2021-12-31,51.54597473144531,51.667852878934234,51.10198957688847,51.14551701228731,10021300
2022-01-03,51.62432098388672,51.63302846277255,50.823405614759054,51.20645166248139,20187300
2022-01-04,52.486183166503906,52.703823663972315,51.87678910940629,51.99866725663972,26141600
2022-01-05,52.92145919799805,53.27838944753294,52.27724192470257,52.31206519805479,22507300
2022-01-06,52.642879486083984,53.208742732077276,52.616760370687594,52.642879486083984,17902300
2022-01-07,52.52101135253906,52.860530028977514,52.28595919478997,52.47748059223198,12307900
2022-01-10,52.60806655883789,52.947585237390236,52.39042603967041,52.712533078177664,20954300
2022-01-11,52.62546157836914,52.66028484746121,52.094418347969075,52.608049943823104,19369600
2022-01-12,52.70382308959961,52.834405394099285,52.399124403906214,52.695115610074716,15753800
2022-01-13,53.01722717285156,53.13910532160494,52.573238692758004,52.70382432123975,14318000
2022-01-14,53.44379806518555,53.49603297819549,52.547120311228575,53.05204451993676,19729600
2022-01-18,53.01722717285156,53.2696876291562,52.6254736083368,53.1565169601312,21976700
2022-01-19,53.104278564453125,53.26097997998987,52.72123250476901,52.808287370764866,18654700
2022-01-20,52.886634826660156,53.487321335329376,52.86051903265325,53.10427529919785,23002400
2022-01-21,52.62546157836914,53.36543778146219,52.58193415246891,53.17391644331524,26643200
2022-01-24,52.19890213012695,52.53842081394795,50.98882135612667,52.146670530111926,30185100
2022-01-25,52.07701873779297,52.27724759990982,51.09328274484453,51.676561013559265,19027100
2022-01-26,51.885494232177734,52.53841573671485,51.54597558116731,52.05090313872266,19190200
2022-01-27,51.92902755737305,53.04334591752722,51.798441921635316,52.12925643015508,18893800
2022-01-28,52.964988708496094,53.00851614143008,51.31091968956265,51.70267322782902,19101500
2022-01-31,53.11298370361328,53.22615768824229,52.36430320780306,52.49488550920854,22045300
2022-02-01,52.72123718261719,53.2261614278685,52.37301104587586,53.02593256156793,20841700
2022-02-02,53.260986328125,53.33933704523193,52.72123878857206,52.77347038602291,20225600
2022-02-03,53.63532257080078,53.783316509081885,52.74734897832321,53.052044334155084,19440500
2022-02-04,53.069454193115234,53.696259842310596,52.72993557344448,53.53085427196413,17403700
2022-02-07,53.626617431640625,53.73108726185344,52.982403416647244,53.43509605144472,17846400
2022-02-08,53.974849700927734,54.262136785318184,53.74850501823018,53.82685573934295,18771700
2022-02-09,53.139102935791016,54.253421183998,53.017224792509666,54.122835561379226,23595600
2022-02-10,53.43509292602539,54.236008318561986,52.40782956886393,52.54711934673683,23561500
2022-02-11,52.486183166503906,53.957431733855366,52.364305019270475,53.77461451300521,22781400
2022-02-14,52.825706481933594,52.921468840635654,51.60691825997589,52.37301380866161,23641300
2022-02-15,53.02592849731445,53.78331646760554,52.78217221283693,53.06945593083825,13408700
2022-02-16,53.01722717285156,53.45250817321674,52.72123595976601,52.98240389579903,15484700
2022-02-17,54.07930374145508,54.21859351118405,52.59064370480235,52.71252183819894,21468700
2022-02-18,54.444950103759766,54.688706409240524,53.96614165188089,54.07931232460804,21975000
2022-02-22,54.21860122680664,54.532004083528385,53.7310886238444,54.34918685741754,21731400
2022-02-23,53.61791229248047,54.26212961662435,53.40027179824584,54.18377890586267,19248500
2022-02-24,52.677703857421875,52.773466206405004,51.55468142907258,52.207602912942576,27207400
2022-02-25,54.71481704711914,54.75834780121857,53.03463222353385,53.05204386098757,21487800
2022-02-28,54.18378829956055,54.27084318397471,53.46122013938528,53.67015651128264,25879100
2022-03-01,53.948734283447266,54.627771657286175,53.54827319440274,54.09672824608155,15871100
2022-03-02,54.34918212890625,54.74093566572492,53.78331554006481,54.17506907688348,17319100
2022-03-03,54.384010314941406,54.86281876054774,54.22730888606216,54.50588846608514,21262800
2022-03-04,54.471065521240234,54.4884771602144,53.278396479419904,53.50474114422289,17163000
2022-03-07,53.1739387512207,54.03579343677763,52.8605358397705,53.98355851122556,29151400
2022-03-08,51.06716537475586,53.574384795272145,51.006226302115735,53.49603408460194,30242100
2022-03-09,51.32833480834961,52.09443029948437,51.06716687210132,52.07701866094375,23022700
2022-03-10,50.388118743896484,51.067155896384655,50.05730432458671,50.910454504128964,20887300
2022-03-11,50.42294692993164,51.232569815207235,50.37071533793342,50.45777020521733,19855600
2022-03-14,51.35280990600586,51.79142289800177,50.852791362838644,50.852791362838644,17799400
2022-03-15,52.300209045410156,52.53706044823439,51.73878498524219,51.82650958611303,18607200
2022-03-16,52.15985870361328,52.580926794537355,51.41421792004285,52.44057076422933,17347300
2022-03-17,52.71250915527344,52.75636978490596,51.95809427872854,52.15985585211937,15586200
2022-03-18,52.721282958984375,52.89672883390372,52.3791653433851,52.89672883390372,30197800
2022-03-21,53.142356872558594,53.59851148370292,52.85287066350543,53.07217718078138,17440100
2022-03-22,53.33534622192383,53.466931475492245,52.68620078174471,53.449386551926324,17559500
2022-03-23,52.98444747924805,53.49323677824486,52.63355576891474,53.29147521602618,15529200
2022-03-24,53.49323654174805,53.52832638189652,53.03707865887199,53.194979593188755,13151300
2022-03-25,53.975711822509766,54.04589150500529,53.554643766590964,53.61604931559883,12259800
2022-03-28,54.31782913208008,54.335374052614576,53.69499951168676,53.9757115475359,11485200
2022-03-29,54.52836608886719,54.85293876035735,54.15993278820564,54.572226718038586,14720600
2022-03-30,54.57222366333008,54.57222366333008,54.00202882331583,54.39677781011365,13641000
2022-03-31,54.38801574707031,54.94943989033345,54.38801574707031,54.58100655119897,16822900
2022-04-01,55.15119934082031,55.221379029178635,54.4669641110853,54.67749982980854,12644900
2022-04-04,54.86171340942383,55.08101990369269,54.14238837593007,54.91434482638337,11505800
2022-04-05,54.80031204223633,55.47577649771212,54.712587430020896,54.738906486861424,15721200
2022-04-06,55.35295867919922,55.49331470386874,54.651178555851594,55.063475842347145,19267400
2022-04-07,55.651214599609375,55.852976172116996,55.010840039993504,55.37927668926723,13960800
2022-04-08,55.99333190917969,56.17754854869387,55.40558880446845,55.68630083030473,12703500
2022-04-11,55.97578430175781,56.40562645300461,55.82665416286972,56.06350555073823,12720100
2022-04-12,56.63370895385742,56.853015455931164,56.04596913454859,56.475808004656194,18089900
2022-04-13,56.782833099365234,56.90564418486117,56.34422016753628,56.52843679578017,11883000
2022-04-14,57.0372314453125,57.51970842129499,56.86178892279335,56.9846000270974,16388400
2022-04-18,56.528446197509766,57.17759157062492,56.30036556106805,56.81792569420901,11679400
2022-04-19,57.08109664916992,57.2389975999123,56.5284466679233,56.58107808726963,11993800
2022-04-20,57.86182403564453,58.10744623580743,57.370579635318734,57.40566947715672,14827100
2022-04-21,58.08112335205078,58.774132584152355,57.651284554869555,57.87936515228706,15120400
2022-04-22,57.23899459838867,58.19516769412484,57.17758904813684,57.96709376044832,14902200
2022-04-25,57.84428787231445,58.949587876446486,56.82670244192843,58.774145343547204,25082000
2022-04-26,57.06355285644531,58.22149088599715,57.054778722660714,57.47584344647786,21982600
2022-04-27,57.51094055175781,58.14254440994957,57.01969608103264,57.01969608103264,16971000
2022-04-28,58.06357955932617,58.142526671162074,56.58106577185633,56.72142511650049,22010600
2022-04-29,56.67757034301758,57.92322961166119,56.57230081745641,57.78287693694931,20137100
2022-05-02,55.651214599609375,57.29162623441584,54.896803072718455,57.26531052602183,24970300
2022-05-03,55.335418701171875,56.08983026407339,54.975752822077574,55.89684281605285,21686300
2022-05-04,57.0460090637207,57.12496288856922,55.2126064820546,55.265241249836336,19780200
2022-05-05,56.589847564697266,57.046002111137064,56.15123459236166,56.7477485024462,20155200
2022-05-06,56.791603088378906,57.29162158539943,56.203863339595614,56.31790029761696,18984000
2022-05-09,56.67757034301758,57.33548981919311,56.1775518088323,56.554759242881055,20055300
2022-05-10,56.15122985839844,57.30039360736984,56.01087050658701,56.58106866109196,21322200
2022-05-11,56.414398193359375,57.1951287463924,56.107370452172695,56.431946460114496,19648400
2022-05-12,56.589847564697266,56.60738913880145,55.44945115954355,56.2828198226029,22574700
2022-05-13,57.65129852294922,57.72147821495847,56.24773814628325,56.85301958492757,16167000
2022-05-16,57.86182403564453,58.23025733588888,57.40566947715672,57.40566947715672,13223200
2022-05-17,57.70392990112305,57.98464197623985,57.02846877099015,57.98464197623985,21300600
2022-05-18,53.68622970581055,57.47584225903613,53.475694001900045,57.38812100111179,31437300
2022-05-19,52.6335563659668,53.47569246469793,52.335299412705595,53.47569246469793,31493900
2022-05-20,53.49323654174805,53.72131715636175,52.335298587659345,53.063397712159016,29133800
2022-05-23,55.142425537109375,55.35295789796648,54.02834814298991,54.080982906379965,19406900
2022-05-24,56.160011291503906,56.309144813138055,55.045937102896374,55.15997743148252,16154200
2022-05-25,56.20386505126953,56.55475676170942,55.791567793455364,56.14245950389525,15360500
2022-05-26,56.4056282043457,57.10740491068084,56.107367917308835,56.20386330199407,16159800
2022-05-27,56.738975524902344,56.87056075782418,56.26527270200549,56.37054222688356,17709000
2022-05-31,55.59858322143555,56.42317443308522,55.30909704349431,56.21264207308389,43159000
2022-06-01,55.32664489746094,55.861753305887405,54.50205364209905,55.633672666385124,15408300
2022-06-02,55.90561294555664,55.91438707957117,54.48450775320304,55.42313931165868,14586000
2022-06-03,55.238922119140625,55.817891143487024,55.09856609343094,55.76525637896404,13539900
2022-06-06,55.15119934082031,55.94070410309281,54.966982678407305,55.554725856177214,15112800
2022-06-07,55.484535217285156,55.589801382695384,54.580993659282655,54.72134966194665,17886300
2022-06-08,55.168739318847656,55.449451354420894,54.879256496191495,55.256463921433934,10211500
2022-06-09,54.21255874633789,55.57225819186042,54.195013827165525,55.151190170777056,13382200
2022-06-10,53.87044906616211,54.29151714882085,53.03708368853784,53.519557324104,14967600
2022-06-13,53.80903625488281,54.642401520093344,53.221293168169666,53.29147284565532,23064200
2022-06-14,52.333492279052734,53.800208299130055,51.82986109791666,53.658838202153774,24620000
2022-06-15,52.72225570678711,53.5793137587919,52.103763680112266,53.013833408387036,19684700
2022-06-16,52.192115783691406,52.58972018598402,51.46759370419312,51.81218306267053,15053800
2022-06-17,52.51019287109375,53.12868815770175,52.2451244255555,52.748755483236614,34781900
2022-06-21,53.6323356628418,53.791377453043815,52.13911034044836,52.56322402800652,17705000
2022-06-22,54.029937744140625,54.29500625922171,53.29657803620294,53.543974867541415,15207100
2022-06-23,54.67493438720703,54.70144022530402,54.100616511228104,54.16246571380691,17190900
2022-06-24,55.69987869262695,55.717550378144956,54.8781638539516,54.8781638539516,18147100
2022-06-27,55.58500671386719,55.920761951090114,55.3376098919813,55.64685591933866,12142100
2022-06-28,55.02836227416992,56.336036528698955,54.87815801903147,55.73521613761611,13150100
2022-06-29,55.425960540771484,55.76171575136455,55.16089205684166,55.258084620739275,11795500
2022-06-30,55.58500671386719,55.76172017401235,54.922333766219495,55.06370386022985,15514200
2022-07-01,56.88383865356445,56.94568785387594,55.50548119459003,55.77054967742907,15143200
2022-07-05,55.911922454833984,56.707131312212105,55.15205696234573,56.707131312212105,15921200
2022-07-06,56.02677917480469,56.62759944453123,55.832394064566834,56.19465507967389,13450500
2022-07-07,55.58500671386719,56.17699629977416,55.39945909745277,55.89425274122455,14828400
2022-07-08,55.78822326660156,56.035620076306806,55.55849813909366,55.691030699780576,11311500
2022-07-11,55.61151123046875,56.07096486770639,55.30226521046689,55.65569212235087,12702100
2022-07-12,55.372947692871094,56.0621298230685,55.19623761025877,55.66452539613322,14731100
2022-07-13,55.11671447753906,55.66452312646419,54.76328758566752,55.07253695868728,13145300
2022-07-14,54.940006256103516,55.00185546248327,54.16246904236368,54.18897825261855,14433000
2022-07-15,55.222740173339844,55.6380162580125,54.84280745130498,55.443631134033204,21968400
2022-07-18,54.47172164916992,55.27576474993467,54.348019858604516,55.2404213812017,10780800
2022-07-19,55.24925231933594,55.355282419357614,54.71911530134341,54.86048539751001,10998200
2022-07-20,54.33917999267578,55.293430625035136,54.02993397507533,55.13438885297524,11010500
2022-07-21,54.21548080444336,54.6749344314929,53.71184965702014,54.12712239316724,11959600
2022-07-22,54.418701171875,54.66609798728816,54.18013851249996,54.23315356031513,11644700
2022-07-25,54.94884490966797,55.046037490656076,54.17131100282156,54.38336447904177,14941700
2022-07-26,55.850067138671875,56.371369916889364,55.24924348342025,55.44362859851002,20118000
2022-07-27,55.67335510253906,55.83239686060227,54.595409528534354,55.55849423212669,12142900
2022-07-28,56.601097106933594,56.76897639270398,55.567329037947395,55.59383487442544,10837000
2022-07-29,56.69828414916992,56.804314225818445,56.22116228636444,56.29184563360191,13734200
2022-08-01,57.00753402709961,57.46699098306552,56.57458964790846,56.62760131934418,12831500
2022-08-02,56.230003356933594,57.07822385128091,56.044455755769235,57.0693863252091,15241900
2022-08-03,56.47740173339844,56.636443501839636,55.938430596490754,56.15048404072653,11317000
2022-08-04,56.25651168823242,56.309526735427795,55.59383876566976,56.23000584989912,11795600
2022-08-05,56.000274658203125,56.22116560848103,55.37294179781227,56.22116560848103,10445400
2022-08-08,55.638023376464844,56.3802172341736,55.44363822761547,56.1063111944794,9165200
2022-08-09,55.708702087402344,55.93843058422424,55.53198863689214,55.82356633581329,7910900
2022-08-10,56.23884201049805,56.362540413754225,55.75287918266491,56.22117032852878,8857300
2022-08-11,55.85891342163086,56.539258060579584,55.7352150091909,56.27418618188944,8507800
2022-08-12,56.283016204833984,56.336027877081044,55.74404173346553,56.04445356813671,9489300
2022-08-15,56.989871978759766,57.15775127816122,56.16815727593534,56.23000647975836,9863300
2022-08-16,57.458152770996094,57.63486957543201,56.83966080811241,57.05171423237871,9569600
2022-08-17,57.32562255859375,57.62603778550695,57.219599206436435,57.2814484088807,8144000
2022-08-18,57.62603759765625,57.74089847580475,57.17541812928413,57.39630910030179,6532000
2022-08-19,57.581851959228516,57.8469237990167,57.39630436779955,57.61719532060407,8921100
2022-08-22,56.724796295166016,57.3609633437343,56.53925206670506,57.290276618102894,9087900
2022-08-23,56.786651611328125,56.87501339841344,56.26535212102593,56.38905053367587,8443800
2022-08-24,56.866172790527344,57.06055792589073,56.59227014036487,56.760142696404344,6844700
2022-08-25,57.14006805419922,57.17541141433805,56.45972690943254,56.8661654394441,7913900
2022-08-26,55.76171875,57.25494391103813,55.64685449825965,57.19309470714613,10089500
2022-08-29,55.425960540771484,55.691029024701315,55.14322037517585,55.39061717743987,9115900
2022-08-30,54.91349411010742,55.5850011467698,54.772124030255945,55.5850011467698,8456800
2022-08-31,54.52473068237305,55.24925285354852,54.51589652588363,55.116720283033395,14633600
2022-09-01,54.78096008300781,54.816303446826964,54.15363054259703,54.40986487449282,14939700
2022-09-02,54.029937744140625,55.46131042200173,53.80904675315154,55.1255551719502,11809800
2022-09-06,54.05644226074219,54.75445858410145,53.88856632509193,54.15363483368195,12181800
2022-09-07,55.054866790771484,55.21390855943366,54.180137063129514,54.180137063129514,13290700
2022-09-08,54.886985778808594,55.046027542495644,54.19780704985048,54.85164578617818,17193500
2022-09-09,55.06370162963867,55.55849862389548,54.657263047139566,54.93116569726651,11855900
2022-09-12,55.222740173339844,55.496646177989895,55.01952089396538,55.16089097398799,13026900
2022-09-13,53.42911148071289,54.97534834533587,53.261232178272486,54.957676662419566,18532800
2022-09-14,53.71185302734375,53.96808738032961,53.40260362426562,53.57931708737756,12881600
2022-09-15,52.98204040527344,53.756347840470944,52.83074105972372,53.756347840470944,11451900
2022-09-16,52.990943908691406,53.22234391307278,52.60824115924708,53.097743649551845,20493500
2022-09-19,53.391441345214844,53.489339116493724,52.715035138456024,52.857435909073324,12596200
2022-09-20,53.311344146728516,53.42704244620353,52.795139197923454,53.115541801305575,11984600
2022-09-21,52.8663444519043,54.02335128167203,52.857442492886925,53.52494682488015,14165300
2022-09-22,52.74174880981445,53.16005267455863,52.688350628002425,52.99985133891631,11657600
2022-09-23,52.15434265136719,52.599345586601046,51.620340487127734,52.47474530795204,14824000
2022-09-26,51.504634857177734,52.1276395981555,51.34443354106623,52.05644089938522,18670100
2022-09-27,50.17852783203125,51.949637468446525,50.11622769779168,51.691538367355164,23829300
2022-09-28,50.7125244140625,50.952826360642874,49.76021858600452,50.42772286147146,21480100
2022-09-29,50.34762954711914,50.988434831350936,49.8403264954699,50.810432986275124,14570700
2022-09-30,49.858131408691406,50.84603851048376,49.84033088310649,50.61463507298303,16124600
2022-10-03,50.418827056884766,50.59682549066629,49.89372352898326,50.16072457475805,16277600
2022-10-04,50.53453063964844,51.451238965892585,50.24972904171904,50.68583339829378,18861400
2022-10-05,50.05392074584961,50.41882293745167,49.40421361424139,50.28532072792073,14324900
2022-10-06,48.97700881958008,49.92931457376573,48.83460805433088,49.84031536864825,17192800
2022-10-07,48.51420974731445,49.03041468864717,48.28280975661167,48.94141547570818,11479800
2022-10-10,48.40741729736328,48.91472035668225,48.07811608581127,48.594317709722304,10239100
2022-10-11,48.487518310546875,49.14612413352742,48.273918807760616,48.46971778613087,14303900
2022-10-12,49.074920654296875,49.875927254952465,48.98592142982527,49.155021314362436,18377400
2022-10-13,49.72462463378906,49.91152843784968,48.29171470824019,48.48751707673093,16220700
2022-10-14,48.93251419067383,50.258624210367344,48.896913146967414,50.09842290879088,15997900
2022-10-17,49.564422607421875,50.03612799796855,49.457622860267215,49.511024431395924,13721400
2022-10-18,50.23192596435547,50.534528071163145,49.92932385754779,50.11622765521039,11823100
2022-10-19,49.80472183227539,50.320926806015365,49.600020913582746,50.11622588732272,10182300
2022-10-20,49.02151870727539,49.76912028358346,48.91471557200064,49.63562145714382,16905100
2022-10-21,49.80472183227539,49.93822405516747,48.94141854824165,48.950317112053256,15034100
2022-10-24,51.237632751464844,51.380033541206885,50.34762696680142,50.40992710011965,17416700
2022-10-25,52.465843200683594,52.60824399453964,51.39783554921189,52.54594385942154,28829900
2022-10-26,52.85744857788086,53.20455032725957,52.385746548735746,52.51924539344133,15831400
2022-10-27,52.98204040527344,53.25794340581418,52.84854158186529,53.19564327586989,16026100
2022-10-28,54.07675552368164,54.210257763102504,52.9286505240947,53.01764975363996,12888900
2022-10-31,53.266845703125,53.90765096472978,53.106644387723804,53.85424939456182,14016400
2022-11-01,53.079952239990234,53.65845744291888,52.839650235470785,53.42705400370617,10659500
2022-11-02,52.34123611450195,53.60504257101195,52.30563507189827,53.0799390754657,14549200
2022-11-03,52.31454086303711,52.51034322930809,51.70933663556568,51.71823859499768,9194000
2022-11-04,52.74174880981445,53.03545239019307,52.118747387986694,52.77734986109122,9725900
2022-11-07,52.94645309448242,53.195653662918794,52.723951616920495,52.74174874743471,8849700
2022-11-08,53.044349670410156,53.213452962326535,52.45694591898646,53.17785191191224,10081600
2022-11-09,52.305641174316406,53.07994526822069,52.2878406509378,53.03544565732553,10115200
2022-11-10,54.18355941772461,54.325960224015354,53.115551672992524,53.62285475759723,16804800
2022-11-11,54.57514572143555,54.69084740557842,53.58723891513574,54.61964532453601,18972100
2022-11-14,54.05005645751953,54.931163768856734,54.03225593258208,54.57516006031377,16361000
2022-11-15,53.9610481262207,54.69085255004357,53.400343568126694,54.406050989288424,13295800
2022-11-16,53.8631591796875,54.317060709203965,53.65845822362296,54.103461187703225,14199500
2022-11-17,54.032249450683594,54.058951932437935,53.51604786983493,53.569446043138456,11212600
2022-11-18,54.41495132446289,54.61965224072684,54.11234923191998,54.28145249825728,10415600
2022-11-21,55.25156021118164,55.367258517603375,54.46835417756727,54.65525457572786,15399400
2022-11-22,55.49186325073242,55.625365485939824,55.22486217542048,55.59866639693949,12319600
2022-11-23,55.741058349609375,55.88345912684755,55.44735483681059,55.61645809391377,8990400
2022-11-25,55.79446029663086,55.90126343311721,55.51856068179752,55.83006134212631,5165500
2022-11-28,55.80336380004883,56.159364079548816,55.6787635324687,55.7944618408773,12267500
2022-11-29,55.60755920410156,55.687659857912,55.16255632628855,55.64316024915121,10969600
2022-11-30,57.01477813720703,57.07752011223895,55.347626413944724,55.58066754703739,30433900
2022-12-01,57.176116943359375,57.4629383841889,56.85344196763083,57.0147794554951,12001400
2022-12-02,57.67804718017578,57.83041955999665,56.82654803330677,57.01477394456113,13643500
2022-12-05,56.8892936706543,57.185076776093524,56.70106432808625,56.835513370037546,9185100
2022-12-06,56.862403869628906,57.25678591673588,56.67417793942674,56.93411093971428,10099500
2022-12-07,56.95203399658203,57.11337147458105,56.69210101323017,56.871365257582525,12307600
2022-12-08,57.19403839111328,57.22988850349654,56.78172961648661,57.00580905999158,9946200
2022-12-09,56.593509674072266,57.22093286590344,56.54869446448032,57.01478016643544,13914900
2022-12-12,57.33746337890625,57.37331691940031,56.476995502957784,56.736928542767025,11647900
2022-12-13,57.35538101196289,57.99176244885168,57.185078431337615,57.893166937791,17521600
2022-12-14,57.35538101196289,57.94695065914571,56.97892573511131,57.534645266693104,12826700
2022-12-15,56.56662368774414,57.26575056143568,56.01090754248116,56.996855873029816,12212300
2022-12-16,56.24394607543945,56.593509496010626,55.86749421303398,56.24394607543945,33631500
2022-12-19,56.324615478515625,56.83551639442727,55.99297882168451,56.315653804193204,10919700
2022-12-20,56.27980041503906,56.60247539838769,56.243946879293354,56.30668885725766,10286500
2022-12-21,57.18507766723633,57.40916054704088,56.53076605251796,56.53076605251796,10411300
2022-12-22,56.77276611328125,56.996845549563666,56.154308100046876,56.84446975491758,9666700
2022-12-23,57.203006744384766,57.24782195448293,56.64729061696848,56.91618529673885,6463300
2022-12-27,57.55256652832031,57.624273595285146,57.10440761733352,57.30159863230568,7320700
2022-12-28,56.97892761230469,57.94695256823106,56.90722395955906,57.7766499819951,7159400
2022-12-29,57.31953048706055,57.49879475120403,57.09545101167656,57.185081434157574,7169300
2022-12-30,57.01477813720703,57.29263447829661,56.620396100799304,57.29263447829661,7650200
2023-01-03,56.42321014404297,56.96996458739039,55.733044979422566,56.96996458739039,12180500
2023-01-04,56.39630889892578,56.76380244391802,56.02881877311427,56.60246498193436,13387900
2023-01-05,55.75096893310547,56.28875825594044,55.6434117523747,56.10949400860174,9814700
2023-01-06,56.82655334472656,57.068556156569514,56.091572977548374,56.38735609156824,9990000
2023-01-09,56.11845397949219,57.11336721319248,56.09156554155893,56.73691198622281,9442600
2023-01-10,55.68822479248047,56.22601409438904,55.49999545954957,56.10949182527582,10134600
2023-01-11,55.58066940307617,56.07364696504812,55.042880050792085,55.912309475526634,10823000
2023-01-12,54.863616943359375,55.73304638631369,54.64850256561032,55.67030440787177,13907300
2023-01-13,55.06080627441406,55.087694716008215,54.30789913714643,54.40649464856667,13986400
2023-01-17,55.284881591796875,55.9123047289856,55.17732441430713,55.32969679748585,18327800
2023-01-18,53.60877227783203,55.204216969742,53.49224999900833,55.13250989994856,19679400
2023-01-19,53.528106689453125,54.35271752560184,53.5191415956098,53.537068364114965,14894500
2023-01-20,53.85078430175781,53.859745976855265,53.24128781968176,53.52810929134324,14237700
2023-01-23,53.985225677490234,54.289973894447584,53.82388818503156,54.03004088779956,12613400
2023-01-24,54.272037506103516,55.43724986350471,53.599799213081965,53.85077050085294,10103300
2023-01-25,54.612648010253906,54.621609684500605,53.680476606256526,53.95833637644267,11265800
2023-01-26,54.50509262084961,54.76502221275164,54.28997482084019,54.50509262084961,11884800
2023-01-27,54.21826934814453,54.63953642112638,54.11070874215734,54.53197923432052,14087000
2023-01-30,54.352718353271484,54.82776575875708,54.191380853449665,54.263087928562264,15632000
2023-01-31,54.96221160888672,54.980138376619145,54.23619290203948,54.65746339579815,14344400
2023-02-01,54.97117614746094,55.19525561308239,54.334787866518234,54.8008735653126,12535400
2023-02-02,54.03003692626953,54.69331361543221,53.69840029127875,54.49612260151174,16947200
2023-02-03,53.62668991088867,54.15551407422336,53.08889723658552,54.09277210843176,15404400
2023-02-06,53.93144226074219,54.08381807001657,53.528101972057264,53.59084394670519,11330900
2023-02-07,53.84181213378906,53.9941879438799,53.3667647748576,53.48328363172455,14922700
2023-02-08,53.528106689453125,53.70736753614181,53.41158440376029,53.70736753614181,11012000
2023-02-09,53.4384651184082,54.065888248622215,53.42053835249569,53.913515867137335,12515300
2023-02-10,53.4384651184082,53.6894364220024,52.775191875550156,53.52809894797077,14420700
2023-02-13,54.316864013671875,54.46027474259794,53.53706838883527,53.689444211608794,16191800
2023-02-14,53.41158676147461,54.58576450653282,53.38469831712069,53.96730293293944,20505700
2023-02-15,53.41158676147461,53.71633500115177,53.08891175250096,53.68944655679784,13171400
2023-02-16,53.079952239990234,53.61774166406881,52.83794597340034,53.088913915412775,16538300
2023-02-17,53.886634826660156,53.98523034938197,53.22336145064702,53.3309186485337,16814700
2023-02-21,53.59981155395508,53.98522853756068,53.52810789749766,53.770114149006865,14278300
2023-02-22,53.76114273071289,54.10174446156787,53.55499004127416,53.644620456097556,12409600
2023-02-23,53.8597412109375,54.155524331523296,53.608773300236656,53.78803413977649,12222800
2023-02-24,53.63566207885742,53.69840405692629,53.232318348999414,53.49225135481695,9736200
2023-02-27,53.61773681640625,54.04796900060751,53.546033161963436,53.94041180935256,8849800
2023-02-28,53.33987045288086,53.51017302213288,53.00823382624536,53.51017302213288,16082200
2023-03-01,52.757266998291016,53.04408842479715,52.31806976566413,52.999273218002024,13275800
2023-03-02,53.528106689453125,53.58188357578714,52.70349243412293,52.73934597113326,11758300
2023-03-03,53.277137756347656,53.49225556894607,53.070985037997566,53.37573327798936,13101800
2023-03-06,54.101749420166016,54.11967618860997,53.07994755313083,53.115797670837274,16282700
2023-03-07,53.78803634643555,54.28997560761067,53.55499519396442,54.218271952689356,13961200
2023-03-08,53.81492233276367,54.074855319232,53.53706257972706,53.81492233276367,10851600
2023-03-09,53.29505920410156,54.26308413536377,53.13372171555786,54.26308413536377,13900900
2023-03-10,53.070980072021484,53.90455596167052,52.87379246637102,53.510177331188274,13745800
2023-03-13,53.60877227783203,54.558867018326154,53.10683304682179,53.14268658171851,21956000
2023-03-14,53.80595397949219,54.19137088940282,53.19645762982797,53.77906554085965,19496900
2023-03-15,54.164485931396484,54.20930113839086,53.09786896053343,53.26816811478451,21089900
2023-03-16,54.46254348754883,54.498672038610415,53.9206290032581,54.2728737625879,15658300
2023-03-17,54.20964813232422,54.507700051928744,53.86643380317855,54.47157494786718,27351200
2023-03-20,54.733497619628906,54.733497619628906,54.16448847707834,54.33609391675752,12904100
2023-03-21,54.4806022644043,54.868975535597535,54.08319857906122,54.706400517637206,13716500
2023-03-22,54.23674011230469,54.97735811239456,54.21867583847226,54.55285973626028,10494200
2023-03-23,54.119327545166016,54.54382939408368,53.938691686008696,54.27287215993953,15479000
2023-03-24,55.004451751708984,55.11283394044025,54.110289219804976,54.417374959049944,12975600
2023-03-27,55.410892486572266,55.52830854831042,55.049617332205145,55.22122277212392,12777400
2023-03-28,55.47412109375,55.7631460687881,55.33864418977831,55.44702640203734,10925700
2023-03-29,55.871524810791016,55.952812326288516,55.627662264298515,55.74507833010784,9441000
2023-03-30,55.862483978271484,56.07925180767926,55.69087855382082,55.88958211032731,9870700
2023-03-31,56.025062561035156,56.22376613021063,55.8805518140188,56.05216069481871,14440900
2023-04-03,56.3592529296875,56.46763514103378,55.87152781051669,56.26893154905862,12300700
2023-04-04,56.18764114379883,56.66633582302859,56.07022852312333,56.35021617517374,11433400
2023-04-05,56.720523834228516,56.91922741120383,56.4495666036128,56.47666129305193,12789600
2023-04-06,56.75665283203125,56.93729213567117,56.34118484544514,56.77471710693606,9644200
2023-04-10,56.62117004394531,56.62117004394531,56.01603236514463,56.44053419352648,7952600
2023-04-11,56.521827697753906,56.63924032389457,56.35925265881167,56.58505094118606,9913000
2023-04-12,56.62117004394531,56.928255813228525,56.277959171823134,56.43150033376074,9593700
2023-04-13,57.03664779663086,57.04567821199218,56.431506605170945,56.6843995801885,9871400
2023-04-14,56.946319580078125,57.03664094989096,56.70245704969541,56.946319580078125,8946000
2023-04-17,57.31663513183594,57.379858375224885,57.027613606226964,57.19018864505806,9452400
2023-04-18,57.40694808959961,57.443073190944425,57.072764200249196,57.36178568345485,9035700
2023-04-19,57.51532745361328,57.65080777456368,57.289529215634396,57.56048641212752,9769500
2023-04-20,57.76823043823242,57.804358989498844,57.29856960799375,57.47017850380512,10706400
2023-04-21,57.849525451660156,58.04822216131252,57.623723713139476,57.8043630367109,12931100
2023-04-24,57.75920104980469,58.69851928157037,57.46114566467109,58.48175486093535,15532300
2023-04-25,57.66886901855469,57.957890489624496,57.47016891057402,57.957890489624496,12818900
2023-04-26,57.397918701171875,57.59662227838155,57.2534079483125,57.40695256126765,13179600
2023-04-27,57.51532745361328,57.58758109815452,57.000507746654044,57.379847132662874,13795800
2023-04-28,57.93983459472656,57.948868454508364,57.3346934694418,57.45210952874923,13687600
2023-05-01,58.075313568115234,58.427558292380255,57.858542283324574,57.93983323782503,9091500
2023-05-02,57.813392639160156,57.93080526223538,57.14502822480212,57.93080526223538,10948400
2023-05-03,57.48823928833008,57.96693050461157,57.42501605015735,57.82241630832183,11084600
2023-05-04,57.55146408081055,57.74113380045117,57.36179091576175,57.56952835583463,11938300
2023-05-05,57.82241439819336,57.994023277914394,57.47017311530147,57.47920352956723,9039000
2023-05-08,57.73208999633789,57.8585364543189,57.452102395210666,57.63274166892965,7240700
2023-05-09,57.25339889526367,57.57854889913577,57.15404712236858,57.47919712624068,9067700
2023-05-10,57.352752685546875,57.47919914807655,56.892125794130536,57.19017767789224,10134000
2023-05-11,57.67790985107422,57.74113309017672,56.910193676331104,57.42501689466422,9581500
2023-05-12,57.903709411621094,57.9759665124429,57.53340038342984,57.677911139665255,8740800
2023-05-15,57.75016403198242,58.03015512585488,57.54243003797698,58.003060436108825,8150000
2023-05-16,57.09986114501953,57.714032645405275,57.045668326018045,57.714032645405275,9129600
2023-05-17,57.03664779663086,57.28050691087871,56.65730488869615,57.26244608015607,11583000
2023-05-18,56.720523834228516,56.93729168596596,56.5127898425762,56.91019355111871,13595100
2023-05-19,56.74761962890625,56.9914787146184,56.54891606012511,56.9372893379748,14251400
2023-05-22,55.55540084838867,56.783743900313034,55.492177612957974,56.711490250709915,15055400
2023-05-23,55.4560546875,55.69991377921389,55.24831725389355,55.55540302892771,13932700
2023-05-24,54.986392974853516,55.48314845537731,54.84188222696645,55.4379894926766,11090100
2023-05-25,54.561893463134766,54.85091497118535,54.32706477987172,54.61608628792231,14463600
2023-05-26,54.426414489746094,54.76962883119747,54.29093759248956,54.5980233831759,12570300
2023-05-30,53.992881774902344,54.37222466401414,53.75805308766796,54.27287287292752,15634200
2023-05-31,53.884498596191406,54.444477336724944,53.62257177812915,54.11932727918671,59432200
2023-06-01,54.19158172607422,54.345122887168934,53.983847742906555,54.13738890400127,13402700
2023-06-02,55.23929214477539,55.38380290894098,54.263845348009745,54.43545080376626,15259800
2023-06-05,54.868980407714844,55.49218240162835,54.68834110000697,55.09477868099762,12915600
2023-06-06,54.47157287597656,55.08574441196782,54.29996399522702,55.04961586387234,10943500
2023-06-07,54.39028549194336,54.5167319651636,54.029006900964404,54.200612336705014,16817900
2023-06-08,54.5257682800293,54.56189683211846,54.17352351068092,54.30900385831108,15585900
2023-06-09,54.616085052490234,54.796720906879706,54.34512438008989,54.4354457526927,12581500
2023-06-12,54.381248474121094,54.778655590200984,54.2096430483461,54.724462771078876,14208900
2023-06-13,54.598018646240234,54.7967187673922,54.22770964654729,54.38125080586508,13397800
2023-06-14,54.96833419799805,55.16703778824284,54.733502055816324,54.85091812690718,14099700
2023-06-15,55.72368621826172,55.78739095546441,54.91372301241515,55.159442772331715,15271400
2023-06-16,56.12411880493164,56.579154644653734,55.95120643563051,56.060414065102385,26738000
2023-06-20,55.75099182128906,56.38804271712325,55.732793442010674,56.05131715410373,13971800
2023-06-21,55.90570068359375,56.169622290315175,55.49616775448253,55.79649305971335,13948700
2023-06-22,56.287925720214844,56.515443614753536,56.051308637419524,56.2515254955408,15193400
2023-06-23,55.696380615234375,56.39713613868006,55.67817876728997,56.3698316309397,25112100
2023-06-26,55.71459197998047,55.77829672284374,54.959230783675714,55.705489318629645,12856100
2023-06-27,55.59627151489258,55.84199125169861,55.49616308823299,55.7145817892764,9068500
2023-06-28,55.07754135131836,55.55077906609946,54.96833371610676,55.405167728601285,11173200
2023-06-29,54.622501373291016,54.92282321541347,54.39498345860969,54.804516399365646,17142300
2023-06-30,54.80451965332031,54.92282647639247,54.485992470865554,54.604302765585786,19739200
2023-07-03,55.132144927978516,55.17764781838115,54.63160271860542,54.78631671195201,9694500
2023-07-05,55.54167175292969,55.60537649077168,54.74991038857366,54.8591180146388,14716600
2023-07-06,55.11394119262695,55.53257332465114,55.05933564302246,55.26865170903454,12603900
2023-07-07,54.38589096069336,55.05934564151994,54.35858991675732,54.88643324384417,14574000
2023-07-10,53.97635269165039,54.74081304314757,53.8216387005038,54.57699986270904,15480600
2023-07-11,54.1674690246582,54.20387272654196,53.54861997922674,54.112863471832576,15967700
2023-07-12,54.45869827270508,54.64981252320105,54.1037708155987,54.37679166939988,14241300
2023-07-13,54.92283248901367,55.02294094384021,54.58610689049133,54.71351638876203,11269800
2023-07-14,55.42335891723633,55.550768379079805,54.6861997101666,54.73170259344677,11634200
2023-07-17,55.34145736694336,55.60537550260671,55.05023472151307,55.29595100788106,10014300
2023-07-18,55.123043060302734,55.74189209930028,54.97743172592967,55.477970470859084,11152900
2023-07-19,56.09681701660156,56.23332915535497,55.223149049193836,55.3050556381163,12936000
2023-07-20,56.779380798339844,56.79758265149923,56.12412797119596,56.133230633599915,11563000
2023-07-21,56.82487487792969,57.04329361030191,56.64286331787548,56.843076728264705,12815100
2023-07-24,56.84307861328125,57.16160579723499,56.78847653211347,56.806674911404,10251100
2023-07-25,56.6519660949707,56.779375583736645,56.46995105174156,56.69746898786594,13422700
2023-07-26,57.38002014160156,57.48922777382737,55.86930125449372,56.297036065546195,17145500
2023-07-27,56.82487487792969,57.58023604441697,56.77027279857262,57.38001916237977,11517100
2023-07-28,56.86128234863281,57.12520398851719,56.6246652218853,56.96139079628883,9721800
2023-07-31,56.36074447631836,56.83398220897081,56.178729429659995,56.83398220897081,15577900
2023-08-01,56.21512985229492,56.752072299191624,56.078617707356685,56.50635252129164,9281600
2023-08-02,56.38803482055664,56.961380893680975,56.02400826794964,56.02400826794964,11059400
2023-08-03,56.09681701660156,56.53365100030542,55.99670857773544,56.30613308348167,8037400
2023-08-04,55.25044631958008,56.324331091468956,55.16853973624457,56.13321688756864,9359300
2023-08-07,55.687278747558594,55.814691684981796,55.27774931375051,55.323252198435014,6982600
2023-08-08,55.441566467285156,55.83289757721465,55.1685456507792,55.68728624363494,7956100
2023-08-09,55.56897735595703,56.08771792952742,55.2868538887889,55.43246521695518,7904100
2023-08-10,55.441566467285156,56.17872579633449,55.323259645509665,55.83289757721465,7870300
2023-08-11,55.669090270996094,55.69639478568335,55.2322562241323,55.368768382623415,8483900
2023-08-14,55.40516662597656,55.95120826281584,55.28685633172376,55.80559692821549,7176300
2023-08-15,55.03203582763672,55.42336692938352,54.941026576272364,55.232249237342366,7187400
2023-08-16,55.041133880615234,55.35055838556998,54.968329952674765,55.0957394303065,8372300
2023-08-17,55.159446716308594,55.53257597730979,55.01383538205563,55.13214567602618,12873500
2023-08-18,55.46886444091797,55.596273908826326,54.94102124912889,55.095735225623066,11083800
2023-08-21,54.99563217163086,55.450668013877255,54.89552373087298,55.3869632736946,8648500
2023-08-22,54.658912658691406,55.132150403504774,54.5861052494978,54.91373164757231,9411500
2023-08-23,54.85002136230469,55.004731883747894,54.749912920595314,54.78631662151654,7749500
2023-08-24,54.70441818237305,55.405173907117934,54.68621632919998,54.8500295361091,8955100
2023-08-25,54.959228515625,55.12304169669838,54.61340030317586,54.97743036592737,7629200
2023-08-28,55.11394119262695,55.26865170903454,54.941025354703314,55.10483853186893,6254300
2023-08-29,55.05933380126953,55.17764408563115,54.74081011835104,55.113939349047456,8189600
2023-08-30,55.03203582763672,55.27775559884852,54.86822264682885,55.18674634748417,9447900
2023-08-31,54.449588775634766,55.032034079270495,54.43138692594017,54.87732009269033,14663500
2023-09-01,53.97635269165039,54.722611192915736,53.803436850271964,54.60430090223281,11262300
2023-09-05,53.53041076660156,53.98544656262616,53.39389863913514,53.92174182891453,12474600
2023-09-06,53.49401092529297,53.53951728549338,53.16638457307805,53.348399598936105,13923500
2023-09-07,53.08449172973633,53.839849546501654,53.057187214002454,53.648735294607256,17628600
2023-09-08,53.08449172973633,53.15729567118006,52.79326554901579,53.057187214002454,14312300
2023-09-11,53.58501434326172,53.68512277017287,52.993466441503536,53.14818041172463,14767400
2023-09-12,53.05717849731445,53.69422937061747,52.957070056583525,53.685130181300096,12292700
2023-09-13,53.18458938598633,53.40300812351468,53.093583603810885,53.14818915610499,12641400
2023-09-14,53.62489318847656,53.74414213649646,53.37722391144672,53.423091313971575,12311600
2023-09-15,53.14789581298828,53.79000089582424,52.973611597312015,53.57902416131365,55727500
2023-09-18,53.478126525878906,53.52399042915014,52.86354252382307,53.18459334591321,13617400
2023-09-19,53.36804962158203,53.56068010459745,53.12955173854179,53.44143116307733,11998900
2023-09-20,53.606544494628906,53.96429132245397,53.27632230609952,53.4781241714467,14766600
2023-09-21,52.780982971191406,53.58819741867701,52.67090541083229,53.542333518123044,15941800
2023-09-22,52.836021423339844,53.17542200603059,52.744293616726495,53.06534443906474,14644100
2023-09-25,52.28565216064453,52.735126850441844,52.04715774306494,52.65257041758894,12358800
2023-09-26,51.85451889038086,52.19391947107143,51.73527344232455,52.03797800171791,11194700
2023-09-27,51.322486877441406,51.85451440519013,51.074817623437426,51.75361172772282,13766300
2023-09-28,51.19406509399414,51.6618824498076,51.093162419417034,51.579326034170975,12484800
2023-09-29,51.350006103515625,51.6160216252042,51.01978042130792,51.49677268458668,12271600
2023-10-02,50.891357421875,51.37752103998788,50.52444273810361,51.28579324384282,11792500
2023-10-03,50.34098434448242,50.84549422865639,50.24925304787459,50.597824976602006,13604200
2023-10-04,50.487754821777344,50.7079029522678,50.18504676836366,50.35015961582722,12100500
2023-10-05,48.04775619506836,50.405196367658974,47.91933587425662,50.21256588644137,29878100
2023-10-06,48.74489212036133,48.882487308182895,47.286397826054795,47.73587240697308,30298900
2023-10-09,48.50640106201172,48.754070317432905,47.8000858148901,48.579782601104355,15704700
2023-10-10,49.561283111572266,49.83647349688469,49.130158273018935,49.653014406406776,20909700
2023-10-11,49.26774978637695,49.7906059178534,48.634819600692595,49.73557064034499,21138900
2023-10-12,48.44219207763672,49.37783034329401,48.09362013571938,49.3136166836431,19330400
2023-10-13,48.51557159423828,49.00173521720231,48.28624860239621,48.37797989864774,14494600
2023-10-16,49.01091003417969,49.130158969559645,48.46970763415207,48.634820468003966,12816800
2023-10-17,49.59798049926758,49.62549814082419,48.8091087821912,48.900840086032325,16457200
2023-10-18,49.579627990722656,50.01992769610131,49.46037906035208,49.625491887267955,12809500
2023-10-19,49.854820251464844,50.23090984244416,49.40534911792905,49.680536026100754,16202200
2023-10-20,50.05662155151367,50.469403629841025,49.937372617954416,50.01992903361988,15686400
2023-10-23,49.60715103149414,50.350155281934605,49.579629893158135,49.88233792051621,21212700
2023-10-24,51.038124084472656,51.524287703435704,50.726244678166466,51.047298963617884,25290800
2023-10-25,51.47842788696289,51.57015918973279,50.96474658821709,51.148202195374076,16701000
2023-10-26,51.16654586791992,51.94624615566542,51.11151058823308,51.70774827971834,16228400
2023-10-27,50.67121505737305,51.49677581386747,50.542791229339606,50.95557335718258,13626500
2023-10-30,51.505950927734375,51.62519637694777,50.83632463997775,50.84549952018896,15014300
2023-10-31,51.81783676147461,52.02881354286421,51.505957280465644,51.89121831625744,16639400
2023-11-01,51.77195739746094,52.1755681027327,51.60684456333907,52.10218306570468,14110800
2023-11-02,52.368202209472656,52.42324099106228,51.69857944649353,51.82699977101125,13087200
2023-11-03,52.047149658203125,52.826846459104246,52.01045713837003,52.65256223868399,13958700
2023-11-06,52.25812911987305,52.54248741540965,52.04715236863279,52.083841391185224,12673200
2023-11-07,52.45075607299805,52.652561429788456,52.037973979195506,52.21225819693826,10449300
2023-11-08,52.368202209472656,52.716774161157474,52.21226074456442,52.57917895677911,13744000
2023-11-09,51.97376251220703,52.414062234786336,51.7077470029848,52.31315955893024,12021100
2023-11-10,52.028804779052734,52.22143526450166,51.42339218250513,52.16639648329137,11678900
2023-11-13,52.22144317626953,52.37738116453686,51.91873508253849,51.93708134572145,12798200
2023-11-14,52.37736511230469,52.50578891522704,52.11135312565689,52.30398358125417,12697100
2023-11-15,52.478275299072266,52.597524240706605,52.05632181229396,52.56083172032814,10201900
2023-11-16,52.423240661621094,52.771809111924014,52.11136123295596,52.51496846450262,16010400
2023-11-17,52.52414321899414,52.59752826536634,52.01046189115512,52.45993305301426,14475800
2023-11-20,52.652565002441406,52.81767785116588,52.24895426147425,52.33151068583649,13051000
2023-11-21,53.23044967651367,53.239624555377596,52.58834812368006,52.707593555382864,13891600
2023-11-22,53.58820343017578,53.69828100288334,53.32219137744511,53.441436832424074,11320600
2023-11-24,53.72579574584961,53.89090859680493,53.51481899167148,53.62489305924452,4816000
2023-11-27,53.62489318847656,53.835869943163125,53.45060895613327,53.698278233163116,16246500
2023-11-28,53.73497009277344,53.96429310580332,53.533164721565875,53.56985724345661,13739600
2023-11-29,53.413909912109375,53.81751711103162,53.294660978649425,53.734964194625995,11263600
2023-11-30,54.03339385986328,54.05188620478315,53.25673300849935,53.58958816294877,22727500
2023-12-01,54.21831512451172,54.26454422442901,53.84847879811916,53.876215552658685,15371200
2023-12-04,54.15359115600586,54.514183056435385,54.033392680178,54.172083500522,14942200
2023-12-05,54.23680877685547,54.39399195282705,54.01490415402922,54.135102638354034,11891500
2023-12-06,54.18132400512695,54.30152247229372,53.82073213068048,54.14434284581349,14868500
2023-12-07,54.31077194213867,54.44945922935432,53.987161217861,54.24604697564,11587900
2023-12-08,54.19057083129883,54.32001370388161,53.96866624468996,54.31076929600587,11178700
2023-12-11,54.58815383911133,54.634382938064164,54.08887110549072,54.39398950727692,14524800
2023-12-12,54.93949890136719,54.93949890136719,54.458712030266405,54.73609015653354,12899000
2023-12-13,55.411041259765625,55.494255044898914,54.79156007553914,54.96723558140609,16196800
2023-12-14,54.58815383911133,55.51274992638467,54.33851247230102,55.448028482439874,22478300
2023-12-15,54.18132400512695,54.70834344117239,53.44164791305037,54.39398418821193,65177400
2023-12-18,54.56966018676758,55.004221466032384,54.199820349897,54.366247923783355,16717700
2023-12-19,54.393985748291016,54.73608528936563,54.218310246534756,54.551165379279325,14612200
2023-12-20,53.26597213745117,54.24604156678,53.228987453726496,54.0888619515305,17701000
2023-12-21,53.61732864379883,53.691294496699996,53.136538255251665,53.487882228877,11725100
2023-12-22,53.92243957519531,54.051882453596974,53.64506147475548,53.73751966588412,9029400
2023-12-26,54.144344329833984,54.283031616931794,53.68204631873345,53.68204631873345,6422500
2023-12-27,54.28303146362305,54.33850849453784,53.99640895486471,54.21831002441608,8560100
2023-12-28,54.32001495361328,54.43096548594346,54.11660270512976,54.227556764513764,8400100
2023-12-29,54.4864501953125,54.53267929637809,54.209072061864646,54.31077820044153,9244300
2024-01-02,55.3093376159668,55.36481465090001,54.246050705598975,54.36624918442719,16322600
2024-01-03,55.43877410888672,55.66067869596868,55.25385420749405,55.411037358146636,14830600
2024-01-04,55.25385665893555,55.71615466940107,55.16139846766401,55.52199035149849,12912900
2024-01-05,55.170650482177734,55.429539802127366,54.63438655017271,55.290848969045264,10412800
2024-01-08,55.57746887207031,55.64219031310582,54.939495343214546,55.179892290249875,11554600
2024-01-09,55.47575759887695,55.60520046894574,55.124410146509035,55.46651319118076,10493700
2024-01-10,55.660675048828125,55.854839345393714,55.45726281791931,55.67916739046107,12258000
2024-01-11,55.30009078979492,55.71615618891789,55.18913672477839,55.70691178036019,13754200
2024-01-12,55.83635330200195,55.901074741490945,55.35556294647378,55.54973079199468,13218000
2024-01-16,55.46651840209961,55.8733393929717,55.33707199281602,55.836354704604965,11826900
2024-01-17,55.46651840209961,55.669927134008645,55.30933524006797,55.34631992843471,8982100
2024-01-18,55.62369155883789,55.68841299241487,55.041195129591515,55.189130338775115,10397700
2024-01-19,55.318580627441406,55.734646007712165,55.142905129318876,55.71615366438064,14392600
2024-01-22,55.07818603515625,55.54048405695683,54.95798756191298,55.25385801370103,14314300
2024-01-23,55.33707046508789,55.475761279107225,54.97647858110232,55.0412000204303,14481600
2024-01-24,54.467952728271484,55.30009057742984,54.44946038417308,55.29084264185364,16370500
2024-01-25,54.69910430908203,54.70834871803861,54.23680626606171,54.560413485354275,14899700
2024-01-26,54.89326858520508,55.00422265489687,54.671367499929815,54.78231804256745,13025100
2024-01-29,55.22612380981445,55.281600844730306,54.708348731762314,54.86553190049682,14547100
2024-01-30,55.383296966552734,55.494247489273036,54.9672280975347,55.33706434895355,22061500
2024-01-31,55.004215240478516,55.8918265160403,54.81929534297306,55.568215813642325,22837000
2024-02-01,56.381874084472656,56.40961084094529,54.88402927502422,55.07819362444162,15870900
2024-02-02,55.97504425048828,56.28015910494548,55.688418212740295,56.233930009064565,17544900
2024-02-05,55.512752532958984,55.82711535847484,55.36481729313119,55.82711535847484,12759600
2024-02-06,55.4202766418457,55.52198275456054,55.17988326119979,55.43876898298053,12775200
2024-02-07,55.46651840209961,55.669927134008645,55.42028577811418,55.54048425177908,10259900
2024-02-08,55.318580627441406,55.44802350370821,54.930248471587156,55.37405413038212,12874800
2024-02-09,55.068946838378906,55.087439184247536,54.57890849049608,54.98573304549725,15235300
2024-02-12,55.19838333129883,55.253856835417366,54.51418072172078,55.16139864385052,13516800
2024-02-13,54.87477111816406,56.08599314633598,54.35699961614857,55.013461928806116,24195700
2024-02-14,54.81930160522461,55.09667971964208,54.58815258870103,54.70834753781435,15872500
2024-02-15,54.92100524902344,55.096677223884335,54.67136389923969,54.93949406570023,13695800
2024-02-16,54.91175842285156,55.124415089469565,54.51418184224495,54.87477373464304,13947100
2024-02-20,56.12297439575195,56.25241726332861,55.02270296724314,55.105916743121504,18339300
2024-02-21,56.62227249145508,56.65925365866601,56.243188192870115,56.39112344287755,14373000
2024-02-22,56.5390510559082,56.63150925202865,55.93806219996299,56.39111582588303,12982800
2024-02-23,56.58527374267578,56.97360235484771,56.400353844332805,56.48356762223446,13612900
2024-02-26,56.13222122192383,56.64999624159422,56.0859921282336,56.62225949079084,10336100
2024-02-27,55.790122985839844,56.196943957593554,55.58671073643606,55.97504289192929,9931100
2024-02-28,55.84560012817383,55.92881390972886,55.53123734530526,55.81785984961959,8076500
2024-02-29,55.4942512512207,56.06749977236514,55.38330072097908,55.799366091148606,18152700
2024-03-01,55.041202545166016,55.3833056282249,54.865530562796856,55.3833056282249,10927600
2024-03-04,55.30009078979492,55.42953367192687,54.754578981486,54.763823390043704,10150200
2024-03-05,55.031959533691406,55.57747136622456,54.9394978087384,55.39255144337272,12310000
2024-03-06,55.059696197509766,55.47576514148171,54.90251655592823,55.03195944359636,12378800
2024-03-07,54.9579963684082,55.26311480467482,54.773079951700076,55.18914541634792,13686900
2024-03-08,55.031959533691406,55.28160090048328,54.52343239113946,54.82854726584896,13239000
2024-03-11,55.69766616821289,55.74389526411046,55.08743293202473,55.27234931561502,14114300
2024-03-12,55.93806076049805,56.16920977190506,55.66992706077294,55.771633190120674,12684600
2024-03-13,56.51131057739258,56.59452436443101,56.215440118379064,56.28940949665949,13909500
2024-03-14,56.38549041748047,56.665087179571856,56.29229268187191,56.46005145017989,13996600
2024-03-15,55.807655334472656,56.33889023664507,55.583975796853174,55.93813358339,36849900
2024-03-18,56.04065704345703,56.292295207207765,55.73309810267306,55.81697749058997,15856700
2024-03-19,56.133853912353516,56.24569190941899,55.97541704611625,56.14317581934737,15030600
2024-03-20,56.61848449707031,56.67440526782719,56.0686093613902,56.087249618309166,15258800
2024-03-21,56.3575325012207,56.842168553932275,56.217732340822174,56.44141188640666,13067100
2024-03-22,56.37617492675781,56.655771703036955,56.32025414939562,56.404133537805954,11502800
2024-03-25,56.292293548583984,56.581208666578256,56.031333485383826,56.366851027165616,13144700
2024-03-26,56.422767639160156,56.58120449149631,56.273649137734445,56.38548712498735,13277400
2024-03-27,56.87944412231445,57.25224217073565,56.571888754342794,56.655768137474276,12551200
2024-03-28,57.019248962402344,57.09380644505074,56.85149018236098,56.98196844344516,13683500
2024-04-01,56.55324935913086,57.131083143259616,56.50665049118375,57.01924514913341,11668700
2024-04-02,56.059295654296875,56.599848928662084,56.022015137370786,56.338892420711005,13017300
2024-04-03,55.76105880737305,56.28297182494082,55.71445638343382,55.96609454058933,13672900
2024-04-04,55.26709747314453,56.059292413328635,55.14593757777227,56.00337164117246,14320700
2024-04-05,55.46281433105469,55.62125473973585,54.90362083571471,55.22049809781151,10157800
2024-04-08,55.2391471862793,55.425546232947994,55.05274813961059,55.360307099903864,10284500
2024-04-09,55.658546447753906,55.677186708716086,55.10867119280145,55.434866871473986,10779100
2024-04-10,54.91294479370117,55.350981994779126,54.698587146757845,55.285742865503586,11861900
2024-04-11,55.03410339355469,55.33234042180869,54.79178714132299,55.1273046869252,11109000
2024-04-12,54.316463470458984,54.996816838678626,54.17666687864875,54.940899624060705,12250900
2024-04-15,54.18598937988281,54.810425581315265,54.092791644870545,54.62402655602503,12425000
2024-04-16,54.11143493652344,54.40967197160132,53.99027503000245,54.28851206508033,11236800
2024-04-17,54.530826568603516,54.57742899248878,54.14871015749852,54.31646892874127,13805100
2024-04-18,54.90362548828125,54.9688646164238,54.55878958877551,54.63334706868164,11125900
2024-04-19,56.07793045043945,56.255011122183475,54.98750203192706,55.08069976580712,21207900
2024-04-22,56.432098388671875,56.506659433399165,55.65854710359083,56.049981922610236,15624500
2024-04-23,56.51597595214844,56.553256473302156,56.04066175087015,56.4134562966088,13689100
2024-04-24,57.36408996582031,57.457291271485154,55.77038496924744,56.21774057063985,19548300
2024-04-25,57.541160583496094,58.33335198883237,57.196321145876894,57.662316926725445,19048500
2024-04-26,57.541160583496094,57.71823770032291,57.17768088801107,57.36407991140362,10994300
2024-04-29,57.820762634277344,57.83008098643049,57.34544490334907,57.70892107684364,13409300
2024-04-30,57.569122314453125,58.557034703319054,57.28952554183548,57.91395821550603,19349200
2024-05-01,57.71824264526367,58.314716727009504,57.04720752566662,57.59708273638843,16729800
2024-05-02,57.7741584777832,58.15627487589394,57.522520329476286,57.951235594621856,10991300
2024-05-03,57.94191360473633,58.091035667458435,57.447959215399145,57.77415839470527,11628700
2024-05-06,58.109676361083984,58.13763852739769,57.69028297430335,58.06307749091568,9310700
2024-05-07,58.3613166809082,58.54771572372884,58.01648076261294,58.49179494430284,9807000
2024-05-08,58.57566833496094,58.68750988235521,58.23083245199276,58.57566833496094,10484400
2024-05-09,58.60363006591797,58.85526821279507,58.48247016810329,58.53839094138675,9113700
2024-05-10,58.95779037475586,59.050991673168504,58.51975671564746,58.64091307068489,8371700
2024-05-13,59.25602722167969,59.29330418341796,58.88322916217072,58.9391499376768,10137600
2024-05-14,58.80866241455078,59.42377666429252,58.529065674716435,59.25602146460426,10852200
2024-05-15,58.836631774902344,59.07894803099802,58.71547186922157,58.77139264613559,9838900
2024-05-16,59.01370620727539,59.39582261057322,58.78070831367267,58.93914873006069,10228000
2024-05-17,58.74342727661133,59.06030455131221,58.659547893447396,59.03234594201279,11539000
2024-05-20,58.3147087097168,58.724783695722145,58.21218907439909,58.6502262233873,11000900
2024-05-21,58.631591796875,58.69683092488,58.19355460432791,58.54771241011632,9796200
2024-05-22,58.71546936035156,58.73410961852642,58.398592081910465,58.44519094971474,7419400
2024-05-23,57.867366790771484,58.60364111242585,57.830086268221976,58.240164905733934,9834300
2024-05-24,57.783477783203125,58.17491253907792,57.7555191735737,57.98851706786081,8203100
2024-05-28,57.61572265625,57.90464134332154,57.22428787563624,57.58776404485357,12347000
2024-05-29,57.503883361816406,57.671642136953025,56.91672764883822,57.28952571697869,11861800
2024-05-30,57.75551986694336,57.85803951050298,57.41068041946723,57.64367831655154,9433800
2024-05-31,58.65023422241211,58.74343196435783,57.49456302384896,57.774163360218054,19816600
2024-06-03,58.65023422241211,58.799352742684846,58.202878661593914,58.44519492381237,9369000
2024-06-04,59.5915412902832,59.61950345570732,58.659549695504055,58.901869501095476,11895600
2024-06-05,59.572898864746094,59.71269902098394,59.041663959467314,59.638141544851905,9632500
2024-06-06,59.787261962890625,59.982979343665264,59.49834328989061,59.57290076840514,8658500
2024-06-07,59.56358337402344,59.85250205166648,59.47038563556611,59.73133859219346,9523100
2024-06-10,59.26534652709961,59.6381445926083,59.06030723554325,59.59154216797033,15685300
2024-06-11,59.228065490722656,59.32126678391641,58.78070994919008,59.26534600800016,8396000
2024-06-12,58.60363006591797,59.35854095128363,58.42654939481984,59.35854095128363,9569600
2024-06-13,58.70615768432617,58.75275655742917,58.2028813221751,58.58499777004548,9668900
2024-06-14,58.748416900634766,58.879907589830935,58.316375041032344,58.58875065885444,8179200
2024-06-17,58.81415939331055,59.077144341803205,58.40090244975408,58.5793535788882,10532700
2024-06-18,58.823551177978516,59.00200229966709,58.645096473437704,58.72962670641697,10651700
2024-06-20,58.400901794433594,58.926868102664606,58.18488087753131,58.60753205531941,13306300
2024-06-21,58.95505142211914,59.26499327143679,58.40090948996666,58.40090948996666,28278100
2024-06-24,60.082115173339844,60.1666418301343,59.086537193370106,59.16167677654633,13212500
2024-06-25,59.96001434326172,60.17603526773653,59.65006894106799,60.05393523812817,10235300
2024-06-26,60.15725326538086,60.21360436851371,59.387086888325065,59.54675670719048,9402500
2024-06-27,60.0257568359375,60.363874191112814,59.753381237765,60.15725109850004,8494100
2024-06-28,59.78155517578125,60.166632942694235,59.65945516258201,60.01636096424409,17358800
2024-07-01,59.43404769897461,60.392059452325576,59.28377211827989,60.13846515526595,10033400
2024-07-02,59.31195068359375,59.52797160484076,59.03957507655744,59.41526223326216,8878200
2024-07-03,59.48101043701172,59.80034290405582,59.10531970200913,59.349516171764144,9154200
2024-07-05,59.88486862182617,59.91304775367922,59.17106057860271,59.48100594902155,11735500
2024-07-08,59.13349914550781,59.725210838087065,59.020793350729306,59.725210838087065,11235100
2024-07-09,58.879905700683594,59.387087128041074,58.785984806514776,59.2274208913836,11657500
2024-07-10,59.01139831542969,59.03957386632056,58.50421690227986,58.90808318502668,11930400
2024-07-11,59.26498794555664,59.60310890195616,58.607534511282566,58.832946093647244,11431600
2024-07-12,59.828514099121094,60.213595439117,59.53735363898686,59.60309897146041,9201500
2024-07-15,59.5561408996582,60.05392803185199,59.49978621978923,59.91304670645762,8207500
2024-07-16,60.36387252807617,60.4014423163447,59.537358683281845,59.57492847155037,9025100
2024-07-17,61.246742248535156,61.41580270629529,60.49536800959334,60.55171910694534,12508200
2024-07-18,61.22797393798828,61.810287842807604,60.78653780646031,60.861677396019466,11128200
2024-07-19,61.32188415527344,61.65061084517416,60.8804481006763,61.65061084517416,13775700
2024-07-22,60.8334846496582,61.321884735593606,60.410837068029615,61.284314947005925,11794200
2024-07-23,61.01194381713867,62.026306686094834,60.908628682391004,61.45337990820506,11810300
2024-07-24,61.81028366088867,61.960562829839496,60.889848831032964,61.1340417320203,13244600
2024-07-25,62.054481506347656,62.82464430538982,61.85724547843862,62.02630595460421,16328600
2024-07-26,62.97492218017578,63.031273282509446,61.998129134065266,62.05448023639893,13530100
2024-07-29,62.768287658691406,62.95612943086225,62.35502716107041,62.815244518881975,12140200
2024-07-30,63.56663513183594,63.70752006419067,62.32686062538385,62.43957000440871,13258000
2024-07-31,62.68376159667969,63.500888454647566,62.56166514624066,63.39757331746639,15576800
2024-08-01,63.829612731933594,63.9704976559335,62.646189402321234,62.927959250321045,16495900
2024-08-02,65.11634826660156,65.43568072531698,63.576022742399324,64.36496681619359,22514800
2024-08-05,63.96110153198242,65.32297953624266,63.613593517488695,64.79700964652281,25484300
2024-08-06,63.914146423339844,64.65612650120913,63.651157888409664,64.00806731724818,12969100
2024-08-07,64.2992172241211,64.97545905162242,63.70750920790949,63.91413945139091,13365300
2024-08-08,64.5528335571289,64.67493003105447,63.72631230068952,63.86719725719228,15240900
2024-08-09,64.505859375,64.60917451581207,64.1019930515634,64.52464068891791,12080400
2024-08-12,64.02684020996094,64.37435535399752,63.707507779525116,64.28982154460313,11012300
2024-08-13,64.2992172241211,64.44010213246789,63.876569664784824,63.94231499991945,9877600
2024-08-14,64.41193389892578,64.70309082105825,63.98927912588632,64.08320718592059,14328000
2024-08-15,64.47767639160156,64.73126351165271,64.33679147348222,64.4495008411186,11285100
2024-08-16,64.97547149658203,65.08818087798787,64.46829002881395,64.65613183211822,12651200
2024-08-19,64.7876205444336,65.20087388648739,64.66551694039349,65.13512854804443,9843900
2024-08-20,65.16329956054688,65.172693798443,64.59037286585034,64.79700310534142,11957400
2024-08-21,65.34175109863281,65.86771374416948,65.1163395599319,65.25722445875883,8792400
2024-08-22,65.11634826660156,65.6704865328564,64.60916686243186,65.6704865328564,12509200
2024-08-23,65.54838562011719,65.60473671705626,64.75004736209598,65.18208915860505,11834700
2024-08-26,66.53457641601562,66.6097160012344,65.49204512535229,65.58596602402315,12912200
2024-08-27,67.15447235107422,67.18264790624706,66.73182469207005,66.98541185433139,16988400
2024-08-28,67.3892593383789,67.44561043295373,66.96661179766014,67.25776867390178,13272600
2024-08-29,67.67103576660156,67.83070199399494,66.90087301397558,67.53015085067027,17201700
2024-08-30,68.06550598144531,68.1594268676572,67.41743968488602,67.8119117063985,18624200
2024-09-03,68.57270050048828,68.83568189853564,67.85888873028424,68.03734346426167,14755800
2024-09-04,68.15003967285156,69.06108741124558,67.53955026652612,68.84507006720258,18140800
2024-09-05,66.84451293945312,68.26274196756489,66.66606540542624,68.20639086899895,23866100
2024-09-06,66.81633758544922,67.31412473278125,66.58153178646586,66.67545267291834,17485700
2024-09-09,67.48319244384766,67.91523430050327,66.6660727616598,66.90087858586644,12939300
2024-09-10,67.20143127441406,68.01855097508633,67.17324855567946,67.59590334823551,10277600
2024-09-11,66.7599868774414,67.03236246574075,66.28098103831469,67.02296822732922,11418200
2024-09-12,66.90087890625,67.04175666888457,66.36552191112328,66.68485439403513,12337800
2024-09-13,67.52975463867188,67.58649207324653,66.65028832860735,66.99072015088676,11073800
2024-09-16,68.18224334716797,68.31463547831193,67.72832953034013,67.87017308883006,10786500
2024-09-17,67.89855194091797,68.41866184572787,67.82289722991024,67.99311672226247,12974400
2024-09-18,67.85124969482422,68.44701416797704,67.39732875230638,67.98364179996929,10719700
2024-09-19,66.78266906738281,68.03094291841659,66.76375178253808,67.671586654669,13635600
2024-09-20,67.74723815917969,67.89854757145797,66.55570178939274,66.58407771531733,48578500
2024-09-23,67.83235168457031,68.27680685093212,67.31223459704174,67.66213220272732,11613000
2024-09-24,67.45409393310547,67.91746644230595,66.76375727607426,67.35007050239075,13330600
2024-09-25,67.56756591796875,68.012028336692,67.43517377811466,67.81344012691086,12329100
2024-09-26,67.52030181884766,67.7188900718204,66.9907259294216,67.00964321913257,10815200
2024-09-27,67.88909149169922,68.27680924934297,67.57702122821975,67.6526759372142,11175700
2024-09-30,67.95528411865234,68.27680579335896,67.79452328129904,68.08767624527621,18015300
2024-10-01,67.81343078613281,68.79692027160262,67.73777608382832,68.1822384413303,13294500
2024-10-02,67.1514892578125,67.54866573551665,66.58409325897348,67.51083837361651,11155500
2024-10-03,66.68809509277344,67.13255748063504,66.38548347771469,67.00962399211524,9374800
2024-10-04,66.35710906982422,66.4611324799613,65.93156400277574,66.15852089087964,12684800
2024-10-07,65.2601547241211,66.29092312663535,65.12776258462074,66.24364434243121,14512000
2024-10-08,65.42091369628906,65.66678789750544,65.1183020697267,65.28852156059493,13549700
2024-10-09,65.78970336914062,65.95046417347108,65.31687238123108,65.43035441566757,9037700
2024-10-10,65.48709869384766,66.11123912646654,65.24122453419515,66.03558442890746,8635200
2024-10-11,65.78970336914062,65.80861343413255,65.25067633151687,65.68567997461426,8786300
2024-10-14,66.51787567138672,66.64081637485299,65.69515417504483,65.78971895205964,7659300
2024-10-15,66.51787567138672,67.34060438255861,66.34766340165807,66.6313577327025,10358700
2024-10-16,66.73538208007812,66.85831557042424,66.16798619526743,66.2814610433315,7937300
2024-10-17,66.10179138183594,66.84886541001481,65.79917975654591,66.79212077007713,14674600
2024-10-18,66.6124496459961,66.71647306825771,65.827548265233,66.07342246465414,15087500
2024-10-21,65.67623901367188,66.508426393894,65.54384687860568,66.1963561263107,11981200
2024-10-22,65.67623901367188,65.95994056871673,64.94808227080776,65.25069389593483,18603300
2024-10-23,64.31448364257812,64.96698560782878,62.962186504697065,63.34990422725708,24655200
2024-10-24,63.643062591552734,64.3428505295307,63.312075082735845,63.97404288554033,17568800
2024-10-25,63.28370666503906,64.02132195641273,63.16077318808656,63.42555742449461,11138100
2024-10-28,63.047298431396484,63.737635026035115,62.98110236463635,63.32154134078278,10761400
2024-10-29,61.99761199951172,62.735227366805184,61.95978464544154,62.68794858534,16525900
2024-10-30,62.338050842285156,62.92436400691438,61.7706549620669,61.95033308982087,14177800
2024-10-31,61.761199951171875,62.4042505771827,61.71392116702475,62.23403108162599,13383700
2024-11-01,61.47749710083008,62.09217892838974,61.364015047874155,61.912500814916896,12163100
2024-11-04,61.572059631347656,61.86521257228423,61.13705593308302,61.543690922847894,10984500
2024-11-05,61.817935943603516,61.91250071349713,61.12759941520409,61.12759941520409,8780200
2024-11-06,60.23867416381836,61.33564201313417,59.746929457929966,60.91954839646696,22899300
2024-11-07,60.20085906982422,60.89119208378183,60.14411803579741,60.796627301152384,14856100
2024-11-08,60.44672393798828,60.749335542609344,60.27650806687695,60.437268903587885,14719300
2024-11-11,59.917152404785156,60.63585763499066,59.81312899456478,60.512920549510696,13980900
2024-11-12,59.76585388183594,60.285967388805346,59.690199171592674,60.21977132105006,15021000
2024-11-13,59.57672119140625,59.822591786838274,59.09443503569087,59.62400358197989,13177600
2024-11-14,59.15117645263672,59.680748642073766,59.037697986119994,59.680748642073766,15910800
2024-11-15,58.38518524169922,59.22682401424474,58.054201310501725,59.09443188473173,26284300
2024-11-18,58.49866485595703,58.763449120240146,58.2149669145944,58.48920621370975,16062100
2024-11-19,59.189002990722656,59.217371705105016,58.28116805633348,58.53649730802081,16254800
2024-11-20,59.56726837158203,59.58617844258263,58.64997480919533,59.29302544567452,18904900
2024-11-21,60.29541778564453,60.342703779616656,59.529433744138245,59.71856689778215,17292300
2024-11-22,60.44672393798828,60.976299657197465,60.19139832761385,60.749335542609344,19562200
2024-11-25,60.88172912597656,61.193799379882655,60.37107428558972,60.82499170338634,36805300
2024-11-26,61.04249954223633,61.127605679413215,60.57911985706146,60.81553541343754,14473300
2024-11-27,60.929019927978516,61.56261191298583,60.75880043194948,61.43021977327775,13263400
2024-11-29,61.05765151977539,61.21963167991691,60.7622714436175,61.000476492420894,10648400
2024-12-02,60.64792251586914,61.16245406179669,60.36206923383686,61.02905780206187,16500100
2024-12-03,60.52405548095703,61.05764417652095,60.05716491799165,60.71462313185669,24874500
2024-12-04,59.275848388671875,60.36207941227666,58.980471945101925,60.295381271162405,28137700
2024-12-05,59.95235824584961,60.142925914923495,59.17103407394502,59.52358553390331,21040400
2024-12-06,59.58075714111328,60.37161174671295,59.56170000949659,59.866610480587404,15581100
2024-12-09,59.64745330810547,59.96189051719839,58.98047189750124,59.73320858015117,22348300
2024-12-10,59.942832946777344,60.066702479885514,58.87565906285785,59.74273852506295,14949400
2024-12-11,59.68556594848633,60.6288739153604,59.45688765242812,60.02858702734963,32819000
2024-12-12,60.8289680480957,60.905192934832634,60.23821154547463,60.552645109775405,17542100
2024-12-13,60.14292526245117,60.828967409764125,60.13339851475001,60.57170160452176,13429000
2024-12-16,59.59981155395508,60.84802635708664,59.40924388125755,60.247739460261045,24559700
2024-12-17,60.40972137451172,60.552644398505635,59.38065815483112,59.504527683446575,21902400
2024-12-18,59.885658264160156,60.63839853471282,59.828490509540266,59.84754763933885,20946100
2024-12-19,59.50452423095703,60.19056270283047,59.45688322572322,59.742732891901795,21300600
2024-12-20,59.59981155395508,60.08575930107257,59.342545741029824,59.52358666574169,42458100
2024-12-23,59.43783187866211,59.79990646148149,58.627920171797975,59.55217102930107,13010800
2024-12-24,59.87613296508789,59.87613296508789,59.08527841580683,59.26631933588492,5019100
2024-12-26,59.61886978149414,59.78085357843862,59.456889619325764,59.66651079185095,7943800
2024-12-27,59.50452423095703,59.98094155284656,59.275842317148744,59.50452423095703,8542800
2024-12-30,59.10433578491211,59.39971585296543,58.77084509096155,59.39971585296543,8972200
2024-12-31,59.323490142822266,59.4854739409714,58.88518702863823,59.094811837498476,9256700
2025-01-02,58.92329406738281,59.790373441219025,58.71366928422163,59.40923813270337,12991000
2025-01-03,58.837547302246094,59.15198452240007,58.71367776387245,58.98047397227539,10403200
2025-01-06,57.94187545776367,58.666028180998566,57.798948808616,58.599330047336494,17924200
2025-01-07,57.970462799072266,58.808958345659605,57.76083800373146,58.22772860205165,17799600
2025-01-08,58.7994270324707,58.8565984215975,58.05621714770143,58.11338853682823,14412400
2025-01-10,58.18961715698242,58.74226304969694,57.86565320068193,58.675564908821194,22425000
2025-01-13,58.74225616455078,58.93282018198782,57.846589289583875,58.246781722708064,18016200
2025-01-14,59.113868713378906,59.142452592726876,58.40876939966149,58.751790490941524,16658300
2025-01-15,58.856597900390625,59.66650591458108,58.770842634847746,59.39018662318807,16187200
2025-01-16,59.313961029052734,59.36160203786385,58.427824453017344,58.52310647063956,12585500
2025-01-17,59.75226593017578,59.809437323341186,59.237734296015425,59.37113421340137,17948900
2025-01-21,59.4759407043457,60.24773812602943,59.36160155716973,59.93330456260151,19817100
2025-01-22,58.86612319946289,59.35207090384181,58.751784059810795,59.1900871241236,18191900
2025-01-23,58.6279182434082,59.056694587671075,58.475464835978734,58.88518404996592,16528400
2025-01-24,58.9995231628418,59.08527843164495,58.54216294081697,58.808959129746746,19244600
2025-01-27,60.85755157470703,61.15293164169917,59.523585168921244,59.90471686995607,20742900
2025-01-28,59.41876983642578,61.01953235216242,59.342541319116535,60.514527511928044,14956000
2025-01-29,59.866607666015625,60.37160890839901,59.599811470701354,59.609341853449735,11325600
2025-01-30,61.0290641784668,61.2577424662547,60.24773639665991,60.8384928806838,13201000
2025-01-31,60.4859504699707,60.914726841345676,60.400195195695716,60.695575281482064,12096800
2025-02-03,60.36207962036133,60.62887582051414,59.48547339996577,60.20009945846149,12067900
2025-02-04,59.71414566040039,60.62886968513869,59.4092388637462,60.60981255600083,15678000
2025-02-05,60.14292526245117,60.30490905157825,59.637924034443536,59.761793563214134,10686800
2025-02-06,60.37160110473633,60.73367927207585,59.94282480588369,60.61933650253143,13423400
2025-02-07,60.8289680480957,60.905192934832634,60.2858525540322,60.43830596228203,13184700
2025-02-10,61.5054817199707,61.60076373439831,60.657455798551176,61.07670175071887,16154300
2025-02-11,64.41162109375,64.47831922868296,63.277752799889456,64.31633908235311,30589100
2025-02-12,65.46926879882812,65.57408119328454,63.71605650892368,63.71605650892368,26033800
2025-02-13,66.22200775146484,66.32682014385861,65.51691215044882,65.74559042951186,24393100
2025-02-14,65.62173461914062,66.72701919562262,65.51692221065278,66.08862163087123,20779100
2025-02-18,65.79325103759766,66.09815790686663,65.19296041373302,65.31683360001782,15569100
2025-02-19,66.76513671875,66.82230448269675,65.9075839117842,65.94569817759968,16032300
2025-02-20,66.73654174804688,66.76512562527084,66.14578163039526,66.4221045594798,13398000
2025-02-21,67.98475646972656,68.2229651520098,66.82229693705602,67.00333786184794,21662300
2025-02-24,67.26058959960938,68.34682771019793,67.01285784256636,67.49879824491676,21418400
2025-02-25,68.11814880371094,68.3849413492828,67.39399968560207,67.51786557617426,21555600
2025-02-26,67.460693359375,67.91804990165723,67.20342394348397,67.90851952007392,14531200
2025-02-27,67.52740478515625,68.16580235544372,67.09862476410972,67.38447811147407,16789500
2025-02-28,67.85134887695312,68.19436990381628,67.23200495236405,68.08002713834495,22167400
2025-03-03,68.90900421142578,68.9471184712179,66.44116586368786,66.92710631954597,21717600
2025-03-04,66.87947082519531,69.22344334660016,66.58408712089883,68.67079746842167,25411900
2025-03-05,66.774658203125,67.40352533138501,66.54597263871051,66.6031476645901,23933600
2025-03-06,67.13672637939453,67.2034245119395,66.17436137877318,67.0890890101774,21694000
2025-03-07,68.06098175048828,68.43258669558361,66.36493717655542,66.36493717655542,28393300
2025-03-10,68.08003997802734,69.76656155643568,67.95617407756914,68.56598773599018,25251200
2025-03-11,67.68938446044922,68.64221925194842,67.27966520932246,68.48976219592332,28076400
2025-03-12,66.6412582397461,67.39399849115514,66.45068694660685,67.05097743305603,18923300
2025-03-13,66.33634948730469,66.93663268652976,66.01238193328149,66.93663268652976,15746600
2025-03-14,66.38434600830078,66.48033115802387,65.63564426478669,65.76043155030446,14205100
2025-03-17,67.3058090209961,67.35379792883553,66.30754746565758,66.46112222321914,15634800
2025-03-18,66.59550476074219,67.37300125091741,66.51872104139392,67.29621020837226,12657600
2025-03-19,66.49952697753906,66.59551212974313,65.78922806339173,65.79882877557145,14780000
2025-03-20,66.91226959228516,67.00825474430187,66.31714993266527,66.52832166102064,16295300
2025-03-21,65.91400909423828,67.16183806265164,65.44367671459847,66.91227080432941,47479500
2025-03-24,66.18276977539062,66.30755706487108,65.5876574342909,66.03879570783279,12575400
2025-03-25,66.04839324951172,66.3075612338059,65.84682221905969,66.18277393647973,12513900
2025-03-26,67.20982360839844,67.52658119078873,66.13477822311859,66.15397232362825,14478200
2025-03-27,67.90093231201172,68.14089885980118,67.25782372150344,67.36340958838663,11663400
2025-03-28,67.54578399658203,68.45765391499688,66.73949261792679,67.96812012521326,17412900
2025-03-31,68.74562072753906,69.05277762239639,67.66096722132563,67.89134038486716,24016900
2025-04-01,68.98558807373047,69.02398360142888,68.33287874925367,68.80321114796253,15309100
2025-04-02,68.46725463867188,69.4559156072594,68.19849328680702,69.07196768036779,14606500
2025-04-03,70.24300384521484,70.98209754477979,69.41751838569184,69.57110048197399,24959600
2025-04-04,67.1234359741211,70.07982528921842,66.98905530736185,69.51350048799272,26517300
2025-04-07,65.62606048583984,66.59552016016018,63.39917099946673,63.57194722354735,34258400
2025-04-08,65.6740493774414,67.17144575988546,65.04054143822162,66.19237804945682,22774400
2025-04-09,67.14263916015625,67.64177369555041,64.57979811030717,65.19411190525531,27918700
2025-04-10,67.92012786865234,68.35206468807569,66.21156736771948,67.37300447989072,22450200
2025-04-11,68.56324005126953,68.96638208060541,67.70895975535404,68.06411287064381,19988200
2025-04-14,69.54230499267578,69.74388334411029,68.08331155454655,68.43846469374293,13930200
2025-04-15,68.97599029541016,69.71508409625262,68.8416096043479,69.70549070631849,14965500
2025-04-16,68.80321502685547,69.75348059057009,68.52485292774743,69.45592438812982,15276200
2025-04-17,70.07023620605469,70.48297898622377,68.84160857853696,69.01438479635654,20754500
2025-04-21,69.84945678710938,70.52136748866185,68.93758687031378,70.43497572676047,16037200
2025-04-22,70.93412017822266,71.39485189566878,69.99344799337236,70.07023905401292,15613500
2025-04-23,70.35818481445312,70.98209189212163,69.47510247754985,70.34858410340068,16353900
2025-04-24,69.60948944091797,70.482971145841,69.39832504102648,70.08942251223019,16893900
2025-04-25,69.02398681640625,69.99344647395345,68.27528497621157,69.7342858039157,16316000
2025-04-28,68.90879821777344,69.35993652208475,68.44805920057088,69.18716030603358,15997500
2025-04-29,69.44631958007812,69.79187200527188,67.45939679681301,68.33287857249672,16244100
2025-04-30,69.63829040527344,70.53096619582608,68.81280495064638,70.40617891253758,21074700
2025-05-01,68.42886352539062,69.14876318852649,68.37127389576314,69.11036766104213,18034200
2025-05-02,68.7744140625,68.93758955743267,68.24648472807328,68.63043266918382,12629600
2025-05-05,68.82239532470703,68.91838779170817,68.16009270622091,68.79360051388551,11932700
2025-05-06,68.84160614013672,69.01438235183649,68.30408340293658,68.80321061273699,12705500
2025-05-07,69.49431610107422,69.77267818489344,68.79361053515714,68.8416067756494,15018200
2025-05-08,68.31366729736328,69.56149613322366,68.27527177530021,69.30232819009716,14371100
2025-05-09,67.68975830078125,68.29447866771115,67.63216867467273,68.14089656715828,11228900
2025-05-12,66.73949432373047,67.50739019701007,65.9428036367625,67.33461399168205,21539000
2025-05-13,66.19237518310547,66.89308076211634,66.10599073644292,66.79708827933806,14389100
2025-05-14,66.38434600830078,66.55711488388384,65.82762188743037,66.11557733659963,16286800
2025-05-15,68.73601531982422,68.85120189372702,66.80668231533818,66.90266746532508,19817100
2025-05-16,69.11036682128906,69.35993408530581,68.56324337688177,68.97598613832572,18441200
2025-05-19,69.04317474365234,69.27354057676844,68.7648126721714,69.13915989718423,13282800
2025-05-20,68.81281280517578,69.23514896925887,68.56324553330973,68.9183986769961,12137800
2025-05-21,68.96638488769531,69.18715733552574,68.70722423634456,68.81281010402026,12094400
2025-05-22,68.28488159179688,69.10076640563639,68.11210538107338,68.95678500950048,11101800
2025-05-23,68.88960266113281,69.09118103303146,67.85295259970519,68.66883750821351,12822100
2025-05-27,68.89920043945312,69.3215439462775,68.68802868604094,68.86080490945105,10666100
2025-05-28,68.29447174072266,69.01437128685143,68.19848659921152,68.82239368063229,8710900
2025-05-29,68.6208267211914,68.78400952687154,67.63216579142254,68.15049437389499,10291100
2025-05-30,69.20635223388672,69.56150536772003,68.73601984177081,68.73601984177081,28019500
2025-06-02,69.11036682128906,69.14876234830686,68.49605303540011,69.13916163575291,10202700
2025-06-03,68.3040771484375,68.89918946064469,67.64176717703543,68.83199912464718,20139800
2025-06-04,68.50565338134766,68.96638505669978,67.84334335943129,68.40006751341322,13565900
2025-06-05,68.0641098022461,68.59203177213975,67.987318755397,68.51524072529065,13531400
2025-06-06,68.4864501953125,68.61123748504335,68.09290887120181,68.22728954999062,9524000
2025-06-09,68.88960266113281,68.94719962018908,68.23689326968638,68.48646056373325,12281300
2025-06-10,69.44631958007812,69.77267790307138,68.88000202518718,69.01438271018496,12265000
2025-06-11,69.17755889892578,69.45592098439248,68.88000271106746,69.36952921563473,12718500
2025-06-12,69.34073638916016,69.49431850549063,68.72642257023503,69.35033710223041,12806900
2025-06-13,68.65437316894531,69.48572779608413,68.37403934433657,69.37939122457114,17467200
2025-06-16,68.17103576660156,69.23440160602148,67.90036350757319,68.828385842213,15045900
2025-06-17,67.30101776123047,68.11303451253002,67.26234924327349,68.03569747661606,15437000
2025-06-18,66.90467071533203,67.66835734757223,66.78866516192628,67.66835734757223,16227600
2025-06-20,66.54698944091797,67.24300797927467,66.48899035447668,66.78866213477708,40859400
2025-06-23,67.4170150756836,67.48468313742453,66.6726663965334,66.83700206429486,21822800
2025-06-24,67.8713607788086,68.00669690197547,67.36868480351244,67.61035750563408,15216100
2025-06-25,67.31068420410156,67.68769306223604,67.11734897566662,67.60069442202018,12540400
2025-06-26,67.15601348876953,67.59102141442149,66.84667271657428,67.37834825067493,14454100
2025-06-27,67.98736572265625,68.20970047647026,67.1560110447745,67.27200922058512,23470700
2025-06-30,68.39337921142578,68.43204773134757,67.75535969561551,67.7940282155373,15429000
2025-07-01,69.28273010253906,70.03674777083798,68.53838140762663,68.6253800423077,21729300
2025-07-02,68.54804992675781,69.43740371551085,68.38370688133973,69.30206759005999,13050200
2025-07-03,68.973388671875,69.02172616307934,68.10336545705684,68.67371687715206,9440500
2025-07-07,68.64472198486328,68.99273129437653,68.44171778352491,68.99273129437653,16984700
2025-07-08,67.90035247802734,68.32569874470323,67.55234323715884,68.32569874470323,17115500
2025-07-09,67.16567993164062,67.91002860144354,66.6726655592818,67.82302996969725,33704100
2025-07-10,67.44601440429688,67.52335143897223,66.85633979687755,66.98200694677584,14608400
2025-07-11,67.54269409179688,67.82303533058068,66.94334309419709,67.25268387918851,12916700
2025-07-14,67.15601348876953,67.74569548815201,66.9626708966064,67.47502323438938,13983200
2025-07-15,67.0496826171875,67.23335625156862,66.84667840957667,67.19468772984278,12639800
2025-07-16,66.96267700195312,67.18501915939642,66.49866948898708,67.04001404586961,13178300
2025-07-17,68.23870086669922,68.33537584809433,67.19468039512854,67.4846832135171,20464700
2025-07-18,67.52335357666016,68.34503931411889,67.50402300501212,68.09370500636545,14928000
2025-07-21,67.73603057861328,68.26771351987851,67.60069444361235,67.85203614087102,17811700
2025-07-22,67.33967590332031,67.91968883277382,66.40198476932598,67.13666437151028,22339900
2025-07-23,66.85633850097656,67.41701355334125,66.31498664400783,67.33968389543035,21030000
2025-07-24,66.79833984375,67.23335517474858,66.69200325452366,66.95301392817606,12511400
2025-07-25,66.86599731445312,66.92400377455274,66.45998897008134,66.82732879947508,12574800
2025-07-28,65.82197570800781,66.60500030302391,65.79297616287126,66.45032622860786,13668800
2025-07-29,67.06900024414062,67.10766875840231,65.87997477547003,66.0636409991318,16223400
2025-07-30,66.45999145507812,67.02067388032647,66.24731830237941,66.80800072762776,10448200
2025-07-31,65.6286392211914,66.36332630992939,65.48363412304677,65.87998089962439,17193400
2025-08-01,66.56632995605469,66.74033459736049,65.99597854139348,66.31498827966506,16107500
2025-08-04,66.66300201416016,66.77900757453297,66.03465146885642,66.43099826868063,10701500
2025-08-05,66.75000762939453,67.17534659768772,66.4599974178285,66.60500252361152,11993400
2025-08-06,67.1946792602539,67.47502047598066,66.34398664004432,66.81767044003028,10783000
2025-08-07,68.08403778076172,68.36437901608284,67.02067930644212,67.14634646354497,15790800
2025-08-08,67.99702453613281,68.50937683429015,67.74569024865774,68.0163624814864,9232700
2025-08-11,68.39337921142578,68.49971579739416,67.62969253731927,67.95837126902137,10909400
2025-08-12,68.35469818115234,68.69303844946194,67.88102180551893,68.46103474765889,11061100
2025-08-13,68.11302947998047,68.41270125292364,67.8906947372372,68.33537159798888,10356500
2025-08-14,67.23334503173828,68.11302978458437,67.07867097064678,68.03569275403862,10722400
2025-08-15,67.59101867675781,68.04536453085645,67.25267837325846,67.41701403849164,12381100
2025-08-18,66.82733917236328,67.716700404374,66.75000950566925,67.64903233647532,14094900
2025-08-19,67.79402923583984,67.88103525078981,66.93367493661356,66.99168140500225,13862200
2025-08-20,68.34503936767578,69.3213991801471,68.0647055145977,68.38370788626794,17530800
2025-08-21,68.3063735961914,68.54804628956838,67.98736387087015,68.24836713460053,8840400
2025-08-22,67.79402923583984,68.65438353506613,67.59102503464483,68.5963844419436,12999600
2025-08-25,66.63400268554688,67.8907037802594,66.4309984856809,67.77469821950766,13634600
2025-08-26,66.44066619873047,66.7790065254198,66.29566109435903,66.74033800590303,17964200
2025-08-27,66.5373306274414,66.5759991451087,66.1893213437015,66.52766165420819,11562700
2025-08-28,66.08299255371094,66.60500654085516,66.00565550925998,66.58566859210917,16209900
2025-08-29,66.6919937133789,66.83699880296693,66.15064924586653,66.38265296404823,14601100
2025-09-02,66.7596664428711,67.03033869556573,65.98631820306724,66.66299883480383,24770100
2025-09-03,66.6919937133789,66.79833028739245,65.1259593965709,66.37299136660353,33581500
2025-09-04,65.97665405273438,67.14634915896701,65.84131791649365,66.80800881836522,16736000
2025-09-05,65.69630432128906,66.29565525813736,65.60930569148456,65.74464181024622,23978000
2025-09-08,65.1839599609375,65.61896786430408,64.92295669397062,65.59963729371096,21671700
2025-09-09,65.59963989257812,65.84131259852624,65.03895744471473,65.03895744471473,14120600
2025-09-10,65.56098175048828,65.82198506910258,64.97129966462862,65.53198220122745,16041900
2025-09-11,65.36763000488281,65.89930548274634,65.32896149054028,65.65763279955428,15128700
2025-09-12,64.7779541015625,65.46430370072562,64.71028603897643,65.34829814689279,18712400
2025-09-15,64.4954605102539,65.05069979913367,64.38830841662555,64.95329083178821,15986100
2025-09-16,64.5246810913086,64.78769347258408,64.3493419810675,64.63183318266859,18555900
2025-09-17,65.30396270751953,65.39162854005477,64.69027958429156,64.69027958429156,17372300
2025-09-18,64.73897552490234,65.30395784302308,64.63182344967854,65.0701748751832,17722900
2025-09-19,64.70977020263672,65.00200456136253,64.33961312250204,64.7682141016505,31192900
2025-09-22,64.4954605102539,64.86561755889781,64.36882959588759,64.44675974249509,13298700
2025-09-23,64.98251342773438,65.03122162780743,64.19349112298063,64.6318351963265,15072800
2025-09-24,64.72924041748047,65.05069668296662,64.25193129807307,64.69028277787076,14759300
2025-09-25,64.27143096923828,65.18708432779945,64.24220158568686,65.02148831348646,14395000
2025-09-26,63.96944046020508,64.61235299475709,63.803844479545624,64.35908374491895,17821600
2025-09-29,64.3298568725586,64.38830075965024,63.657722443696954,63.96943556123061,14818500
2025-09-30,64.60261535644531,64.91432852432885,64.25193711359782,64.35908921179167,13815000
2025-10-01,65.05070495605469,65.0994131595027,64.57339577594355,64.78769998018932,14877500
2025-10-02,64.3883056640625,64.92406610930084,64.15452266606191,64.8071708943868,14350700
2025-10-03,64.92407989501953,65.2552719265254,64.32987543206693,64.38831933601993,12249200
2025-10-06,64.3883056640625,64.77794894861516,64.13503641432914,64.76820582274878,14333300
2025-10-07,65.0604476928711,65.51827804795397,64.16427323669905,64.50520836330489,13328300
2025-10-08,64.40779113769531,65.13836950047023,64.34933981503067,64.9435441446338,12606700
2025-10-09,64.65131378173828,65.07017898447619,64.4077876739099,64.57338364359471,12705200
2025-10-10,65.30396270751953,65.65464090131469,64.66105020828604,64.79742423567004,17991700
2025-10-13,65.07018280029297,65.07018280029297,64.29089623681274,64.51494353915723,13690000
2025-10-14,65.76180267333984,65.82024657030732,65.02148110716287,65.13837633292603,14245600
2025-10-15,65.34293365478516,65.96635995942698,65.18707336271082,65.52800846183872,11193700
2025-10-16,65.83972930908203,66.34626788569682,65.42087144679132,65.44035026966328,15707200
2025-10-17,66.66771697998047,66.72616087409403,66.04429067000962,66.23910860494007,15541800
2025-10-20,66.66771697998047,66.86253491491092,66.16117845823675,66.6579738536856,17786800
2025-10-21,69.375732421875,69.54132842410492,68.41137092625715,68.74256293071699,33651300
2025-10-22,68.97633361816406,69.76536327506938,68.68410674271855,69.51209403755489,18293000
2025-10-23,68.1288833618164,69.09324490935434,67.91457914417933,68.9763496728717,13989400
2025-10-24,67.90483093261719,68.23603036194066,67.84638703466588,68.09965631216875,15688200
2025-10-27,68.24576568603516,68.30421701549703,67.45674334066871,67.97301758797408,13800000
2025-10-28,68.34317779541016,69.06401307095246,68.13860930289444,68.23602570193157,12730500
2025-10-29,66.58003997802734,68.2165358080024,66.39496517975726,68.10938372024359,19789600
2025-10-30,67.19373321533203,67.495703239047,66.61900768264964,66.67745157580023,14751700
2025-10-31,67.11579895019531,67.2813949251758,66.14169448773043,66.77486387469806,16742700
2025-11-03,66.20987701416016,67.10605127523355,65.90790702945269,67.01838544683207,15660400
2025-11-04,66.88202667236328,66.950213698384,66.39497436312148,66.6969444166663,12743800
2025-11-05,66.73590087890625,67.04761401931171,66.41444461266163,66.88201803918358,12850100
2025-11-06,67.27165985107422,67.34959000103704,66.16118122550238,66.53134572191175,15906700
2025-11-07,68.72308349609375,69.0347966753263,67.61260483058852,68.0022407307579,25108300
2025-11-10,68.69384765625,68.8302291266806,67.64182042014589,68.19705970069418,15318000
2025-11-11,69.75562286376953,69.89199689731565,68.83022657444545,69.14193971281195,16160200
2025-11-12,69.65821075439453,70.02836776703528,69.49260735100397,69.63872450372406,13612600
2025-11-13,69.22960662841797,69.81406784298696,69.16141961058204,69.57054171759758,14002800
2025-11-14,69.3172836303711,69.78484965447049,68.7717800264845,69.56080976887269,13172000
2025-11-17,68.8497085571289,69.67769592221889,68.79126466344636,69.35623964330925,14772300
2025-11-18,69.375732421875,69.49262022023566,68.74256293071699,69.15168508863627,12838900
2025-11-19,69.2685775756836,69.59976956702774,68.97634322769791,69.3562434209824,12401500
2025-11-20,69.36598205566406,69.62899443818439,68.78152082937,69.11271279926648,15396500
2025-11-21,71.06092071533203,71.29471114760685,69.63872902888441,69.82381126314507,26492500
2025-11-24,70.71024322509766,71.26548993358325,69.71665988911998,71.26548993358325,39818600
2025-11-25,70.72972869873047,71.04144184304033,70.27189839231308,70.91481093285518,17451200
2025-11-26,70.99273681640625,71.1972978797638,70.515427668572,70.71998873192953,11795100
2025-11-28,71.22652435302734,71.3336764435327,70.87584613534212,71.10962913652307,7423000
2025-12-01,70.57909393310547,71.52080910903778,70.55947829711947,71.21671062104878,14388100
2025-12-02,69.323486328125,70.43196064642193,69.08806126715312,70.43196064642193,19871300
2025-12-03,69.46080780029297,70.03957003141849,69.26462152629966,69.52947374459329,17001700
2025-12-04,69.10767364501953,69.98071537714732,69.02920361774777,69.48043808167684,17710000
2025-12-05,68.66625213623047,69.36272322410035,68.53873179079882,68.98015470377784,13978200
2025-12-08,68.91149139404297,69.03901174436555,68.16596996101379,68.50929973805755,17775100
2025-12-09,68.75453186035156,69.28424383197529,68.49949117640585,69.02920314802958,13010600
2025-12-10,68.87224578857422,69.18614833695179,68.45043853756432,69.0488164397883,29789400
2025-12-11,67.793212890625,69.34311014940499,67.47931031148215,69.20577823878173,23124200
2025-12-12,69.17633819580078,69.2744388249522,67.72454168629756,67.7932076362872,18444500
2025-12-15,69.6177749633789,69.96110474483282,68.98015823551995,69.0880629502666,18660100
2025-12-16,69.02920532226562,69.94148583256967,68.98015500548561,69.94148583256967,17370000
2025-12-17,69.323486328125,69.5687229494788,68.97034499465332,69.22539317638903,13672700
2025-12-18,69.01939392089844,69.45101276066728,68.8330116975387,68.93110484729681,15524800
2025-12-19,68.72510528564453,69.42157636091521,68.69567808984861,68.72510528564453,36911100
2025-12-22,68.87224578857422,68.88205734809364,68.33272975943967,68.59758199424724,12828500
2025-12-23,68.53873443603516,68.9213029711228,68.36216376722332,68.86244109216697,9471000
2025-12-24,68.77415466308594,68.82320497809492,68.4210133502977,68.56815681129734,4515300
2025-12-26,68.53873443603516,68.82320981823354,68.40140252518461,68.61720446792987,5711400
2025-12-29,68.82321166992188,69.07825237749029,68.51911315854717,68.66625663385389,9686900
2025-12-30,68.73492431640625,68.90168343339319,68.47007204142865,68.66625835740997,8610900
2025-12-31,68.57797241210938,68.82320903355043,68.54853773095313,68.73491995813721,8127800
2026-01-02,67.80301666259766,68.5387264495806,67.66568476774967,68.51910333087262,12151300
2026-01-05,66.6455078125,67.60683119443907,66.62588469138326,67.60683119443907,21186600
2026-01-06,66.54740142822266,66.94959305207736,66.30216482363629,66.71416800720209,21019900
2026-01-07,66.25312805175781,66.77302850357967,65.98826830352877,66.69455098676899,20223400
2026-01-08,68.04826354980469,68.13654514526131,66.16484052242099,66.25312960190571,19237000
2026-01-09,69.16653442382812,69.31367788417414,67.80301949374109,68.10711049016953,19638600
2026-01-12,69.15672302246094,69.61776904005504,68.90167485621215,69.5491030896066,20582500
2026-01-13,69.88262176513672,69.88262176513672,68.93110252803984,69.07824598974003,18324800
2026-01-14,70.07881927490234,70.34367153284843,69.46081819964854,69.81395953292851,16739100
2026-01-15,69.1371078491211,70.23576306364107,69.02920314283398,70.22595150378933,15464100
2026-01-16,69.0978775024414,69.39215697755917,68.7054973849228,68.95073402286839,20027500
2026-01-20,70.38290405273438,70.41233124722847,68.46025001084048,68.66624785632622,22152200
2026-01-21,70.63795471191406,70.86356820037227,69.48043762200533,70.60852751637842,21660600
2026-01-22,70.50061798095703,70.66737706692139,70.0788107444416,70.4613792282548,13962800
2026-01-23,71.49137878417969,71.66794945492002,70.41233912255672,70.64776418886787,18307100
2026-01-26,71.17747497558594,71.90338076725783,71.15785933874271,71.47176191642889,14017400
2026-01-27,72.14861297607422,72.15841705188214,70.89299525811732,71.05976183920744,13239200
2026-01-28,71.6679458618164,72.21728096770514,71.18728419268787,71.81508932739423,14633700
2026-01-29,72.03089904785156,72.67831982147118,71.74642367561515,71.78566243220233,20862100
2026-01-30,73.38459777832031,73.47288684600143,72.13879914347542,72.30555823528441,26420500
2026-02-02,73.89469909667969,74.25764449940421,72.982418583732,73.58079652684971,19301500
2026-02-03,75.42496490478516,76.02334278217994,73.69849721833332,73.83582910979834,27007100
2026-02-04,75.87620544433594,76.62172683236868,75.61135319918118,75.79772793316883,28607300
2026-02-05,77.01410675048828,77.357436506125,76.1116303419223,76.33725131507063,21633500
2026-02-06,77.5241928100586,77.69095190192543,76.76886737487946,77.00429241539896,18512400
2026-02-09,76.48440551757812,77.60268401241686,76.06259819169836,77.17106512527614,23415600
2026-02-10,75.34649658203125,76.03316360706373,74.56174389002975,75.16992591662607,28848200
2026-02-11,77.1023941040039,77.54382452343293,75.12088544896557,75.41516491122366,22649700
2026-02-12,77.4947738647461,78.8779120285895,77.28877599685985,77.47515822762603,26043500
2026-02-13,77.18087005615234,77.88715272569758,76.64134649357536,76.95524907070349,16711900
2026-02-17,78.04409790039062,78.12257541329457,77.23972210319404,77.48495871799821,16260200
2026-02-18,77.97543334960938,78.3187631197028,77.41629415716362,77.98524490990567,16304900
2026-02-19,77.40648651123047,78.15200041075971,77.09257646844678,77.94600255820342,14924700
2026-02-20,78.31876373291016,78.31876373291016,77.38686756621337,77.81848641429748,17175100
2026-02-23,79.0250473022461,79.30952268409519,77.98524641164639,78.00486204858902,17157700
2026-02-24,79.18199920654297,79.5449446058556,78.32857309470242,79.00542854492173,16448500
2026-02-25,78.93675994873047,79.15256935948766,78.0440951104216,78.86809399840112,18086900
2026-02-26,78.96619415283203,79.34876269348376,78.4953365344764,79.21143078063585,12843200
2026-02-27,80.00598907470703,80.43760790224196,79.28009080623886,79.39780707302857,28483500
2026-03-02,78.6915283203125,79.8490454733882,78.62286236563969,79.70190200365282,18137200
2026-03-03,77.82829284667969,78.55419865571008,77.06315576302471,78.33838922513499,20549300
2026-03-04,76.6119155883789,77.95581490755454,76.2685858306413,77.77924424871415,21011800
2026-03-05,75.56230163574219,76.23915706133192,75.04240122989448,76.19991830639643,23165700
2026-03-06,75.5721206665039,75.71926414105175,74.89526517400058,75.33669559764414,15516000
2026-03-09,76.31764221191406,76.58249447921091,75.07183594107374,75.1601250195247,18554100
2026-03-10,76.39611053466797,76.91601846495098,75.63097346402618,76.00373792287166,17243900
2026-03-11,76.15087127685547,76.22934879011198,75.1404976167675,76.22934879011198,11546800
2026-03-12,76.13125610351562,76.67077965540057,75.43478500819083,75.9448738794049,16842200
2026-03-13,76.38804626464844,77.08931376238849,76.23989858884553,76.51645096432705,11974500
2026-03-16,76.86214447021484,77.46463682723909,76.78312734967358,77.039929223689,11761200
2026-03-17,76.62510681152344,77.33624588265866,76.49670209643693,77.039935424523,14900100
2026-03-18,75.03491973876953,76.18063788821625,74.91639405345256,76.1312578376166,13134600
2026-03-19,74.62008666992188,75.50900288230186,74.60032862247638,75.06454477611187,13023300
2026-03-20,73.8299331665039,75.11393501837722,73.47436365476938,74.63983982423535,33298700
2026-03-23,74.18550109863281,74.52131255507207,73.63239633015058,74.4126658990506,15054900
2026-03-24,73.75091552734375,74.75836498201754,73.71140696681856,73.93857930596654,15653700
2026-03-25,74.32377624511719,74.71885430368368,73.15830011686397,73.67189631815938,14787900
2026-03-26,73.77067565917969,74.81762616846487,73.73116709753849,74.26452137646328,11202100
2026-03-27,74.77812194824219,75.11394097394536,73.7805514314765,73.8990771232814,17461000
2026-03-30,75.33122253417969,76.05224059832382,74.78799676548425,74.99541106285753,18502800
2026-03-31,75.11393737792969,76.07199174940631,74.58058309357364,75.58802505147659,18301800
2026-04-01,75.14356231689453,75.42011469878683,74.33365568328682,75.21270041236761,15834300
2026-04-02,75.77568817138672,76.012732006077,75.18307481691718,75.63741197319341,14573400
2026-04-06,76.26953887939453,76.3287979580723,75.2818473788284,75.69667600054902,8259900
2026-04-07,74.97566223144531,76.64485567217139,74.69910229325674,76.24977758167553,12769200
2026-04-08,76.33866882324219,76.41768594335856,74.39291556942865,74.87688224303861,12331300
2026-04-09,77.21771240234375,77.32635905700035,75.4299934156097,75.7065457963766,14311000
2026-04-10,76.5164566040039,77.2078375936662,76.35842235751673,77.02018134532221,11081400
2026-04-13,75.4695053100586,76.4966977595879,74.89664247573404,76.36830058726864,12696200
2026-04-14,74.96578216552734,75.67692121144344,74.86701452814738,75.03492026524209,12397600
2026-04-15,74.38304138183594,74.80774901071625,73.80030703793551,74.80774901071625,16212100
2026-04-16,74.25464630126953,74.90651876429888,73.97809389056084,74.10649107110758,11501900
2026-04-17,74.80774688720703,75.12380784376332,73.87932206603473,74.0274697523208,15033900
2026-04-20,74.55094909667969,75.28183861204782,74.43242341763867,74.88676055073168,10141800
2026-04-21,73.78054809570312,74.60033380544128,73.70153850689346,74.55095375437119,11806900
2026-04-22,73.7114028930664,74.45217140712752,73.63239331187,73.97808377800114,9352300
2026-04-23,75.34109497070312,75.71642250640673,74.23488548143857,74.51143785375471,12060300
2026-04-24,75.6867904663086,76.0621180269568,75.23245331938115,75.76580758807532,12008700
2026-04-27,74.51144409179688,75.76580889567012,74.47193553023166,75.76580889567012,15812200
2026-04-28,77.3856201171875,79.33137339178496,77.11894675330538,78.5412172531557,30710700
2026-04-29,77.89922332763672,78.30417288264714,77.22759287510647,77.40537762829057,18294700
2026-04-30,77.79057312011719,78.1461426102551,77.36586553664618,77.83008167851996,15142200
2026-05-01,77.61279296875,78.65974345418515,77.07943870197528,78.31405296705915,12610400
2026-05-04,77.22759246826172,77.80044774951499,76.77325533151526,77.09918776439626,12672400
2026-05-05,77.51402282714844,77.81032571989103,76.78312578031152,77.22759142265622,11637500
2026-05-06,78.25479888916016,78.3535665295743,77.60291889854851,77.81033320406459,14060300
2026-05-07,77.46463775634766,78.17577677877368,77.13869778182115,77.82020726756068,16531400
2026-05-08,77.45476531982422,78.22516348114569,77.15846239227109,77.60292055134482,12447200
2026-05-11,77.69181060791016,77.76094870579604,76.88189641055054,77.197964898586,10967900
2026-05-12,79.0449447631836,79.3313761851351,77.31648474262246,78.02762378533136,19883100
2026-05-13,79.2721176147461,80.03263671302015,78.8572814801998,78.88691855340774,12357000
2026-05-14,79.45977020263672,79.92398636682198,78.92642347728277,79.73633012474832,10642000
2026-05-15,79.82522583007812,80.35858013833334,79.45977726641584,80.35858013833334,17527200
2026-05-18,80.2005386352539,80.38820241253838,79.40051101291462,79.87460620034847,12375500
2026-05-19,80.91167449951172,81.64257153233709,80.25980211958489,80.4079573308596,16595200
2026-05-20,80.54623413085938,81.3857702871484,80.5165970599895,81.15859795673538,16999700
2026-05-21,80.17091369628906,80.79316413644646,79.72645555516617,80.78328511194727,15708400
2026-05-22,80.47710418701172,80.67463946656079,79.92399184039613,80.18079373220023,8240200
2026-05-26,79.46965789794922,80.5956256152011,79.25236456032373,79.84497795853711,13004200
2026-05-27,80.6153793334961,81.4944241263008,79.80547264117644,80.10177555661761,13209600
2026-05-28,79.4202651977539,80.7536470152924,79.35111956907564,80.31906040924042,14691400
2026-05-29,78.0374984741211,79.34125080149192,77.93873084267382,79.05481939545376,32477000
2026-06-01,77.67205810546875,78.22516292804762,77.46464379700167,77.61279902747475,12776300
2026-06-02,77.44488525390625,78.22515481822813,77.28685101498868,77.90909387588026,12533200
2026-06-03,77.79057312011719,78.05724646997712,77.14857223317446,77.32635697824341,14964300
2026-06-04,75.87445831298828,79.05482604741398,75.86457928836613,78.79802415565302,19361600
2026-06-05,78.50172424316406,79.74621011565878,76.52634123039232,76.55597076990578,25708100
2026-06-08,78.56097412109375,78.9461731606305,78.12638749782673,78.33380178561673,12828900
2026-06-09,80.33881378173828,80.75364989114632,78.40293956795405,78.57085283067298,20591600
2026-06-10,82.56111907958984,82.8179209490803,81.1092190765359,81.66232383960407,20880500
2026-06-11,81.51416778564453,83.00558386840169,81.4746592264769,82.88705819089883,14264500
2026-06-12,81.60306549072266,81.86973885085317,80.86229694698676,81.69195409893706,11757700
2026-06-15,80.43006896972656,80.7183420997319,79.77398025805853,80.59905875880257,20055200
2026-06-16,79.80380249023438,80.90721891798076,79.36641000813258,80.66864464780673,17565100
2026-06-17,79.45587921142578,79.85350804669757,78.52145258615798,79.47575724032673,17055400
2026-06-18,78.91908264160156,79.53540772500882,78.27293672231222,79.39623876813289,46857900
2026-06-22,79.0582504272461,79.58510541106253,78.59103711431025,78.77991251761773,21205900
2026-06-23,79.8336181640625,80.84757201898508,79.3564696545662,80.84757201898508,16854000
2026-06-24,80.12190246582031,81.09609272471494,80.08213882421857,80.41018317932853,20632600
2026-06-25,79.9429702758789,80.89727492674004,79.4956425778356,80.05231839480312,16021400
2026-06-26,82.13985443115234,82.31878701442906,80.22130245985042,80.4797623210587,53357500
2026-06-29,82.15974426269531,83.12399170076121,81.72235179574442,82.33867685516257,15015800
2026-06-30,80.78792572021484,82.05039668202069,80.5294734281817,82.01063304075272,16422100
2026-07-01,80.80780792236328,81.49371743304293,80.47976358385225,81.21537195591496,21734800
2026-07-02,83.64089965820312,83.64089965820312,80.91715485133743,81.14578629545979,18308400
2026-07-06,82.46790313720703,84.05841085947863,81.8317000482984,83.60114036333422,18992600
2026-07-07,83.55143737792969,85.1717658550302,83.14386576513202,84.09817035141258,17835200
2026-07-08,82.9052963256836,84.32681427385329,82.77606259503419,83.67072556663383,14160000
2026-07-09,82.13985443115234,82.32872982020517,81.22531348735522,81.60305668132222,15782500
2026-07-10,82.99475860595703,83.2432756760538,81.92117062708472,82.23927217344301,10694600
2026-07-13,83.75025177001953,84.17770142960003,83.17369035307114,83.40232939225379,12085800
2026-07-14,82.58719635009766,84.12799766770932,82.58719635009766,83.67072715888746,13775400
2026-07-15,81.96092224121094,82.74623705024202,81.7422336020576,82.43807832695161,18383800
2026-07-16,84.41627502441406,84.44609585882439,82.7860036807783,83.00469991197266,17889900
2026-07-17,81.07620239257812,85.05247531163171,80.35053683196853,84.86360750519098,32903000
2026-07-20,81.63288879394531,81.88140586062717,80.8177531185944,81.06627018527625,14967200
2026-07-21,81.48377990722656,81.91122958034106,80.83763399426662,81.48377990722656,12949400
2026-07-22,81.71240997314453,82.42814035162986,81.47383570836246,82.35855587506262,11701300
2026-07-23,80.68852233886719,81.38437470149,80.40024162088422,81.18555649039521,13755600
2026-07-24,81.76211547851562,81.8416427605726,80.42012482639515,81.08614874930944,11980400
2026-07-27,83.57131958007812,83.64090405596605,82.01063269161537,82.58719411133768,19937600
2026-07-28,87.74639892578125,89.68483651594346,85.73838444733994,87.77622734322203,34982900
2026-07-29,88.55160522460938,90.38068724053291,88.1142127494367,88.1241555559104,21711700
2026-07-30,87.96509552001953,88.11420727129791,86.69268939950297,87.11019623577145,17616100
2026-07-31,87.0704345703125,87.47800619410351,86.3050053531352,87.14002662874023,14725900
2026-08-03,86.34477233886719,87.95516570012737,86.11613329497983,87.95516570012737,23197100
2026-08-04,86.04654693603516,86.16583785860287,84.65485742677355,85.28111770594127,17085700
2026-08-05,86.31494903564453,86.63305057621476,85.67874595450408,86.53364526681261,15868600
2026-08-06,86.33482360839844,87.44818274790256,85.90737396935245,87.33883463669507,13568500
2026-08-07,86.53364562988281,86.65292896801027,85.67874631398736,85.99684785589226,11221700
2026-08-10,86.3547134399414,87.01079455510899,85.91732097373699,86.59328770144425,13710800
2026-08-11,85.96702575683594,86.53364435702373,85.59921777336217,86.10619470536355,16018000
2026-08-12,86.1956558227539,86.77221721975558,85.15188872556685,85.27117206002322,12651900
2026-08-13,86.90144348144531,87.22948781993581,86.39447414102047,86.62310558847354,10140600
2026-08-14,87.18972778320312,87.44818765913077,86.68275083769021,86.7821637328356,9166400
2026-08-17,86.46405792236328,87.49788220680313,86.33482419870427,86.78215945237679,12056400
2026-08-18,88.29314422607422,88.43231317838521,87.35871761700973,87.87563736914123,12524500
2026-08-19,89.8140640258789,90.22163564493194,88.06450179877645,88.06450179877645,15993900
2026-08-20,89.96318054199219,91.32505683407821,89.19775129318654,89.64507899150762,14928000
2026-08-21,90.55961608886719,90.6590213970731,89.7842440670666,90.31109902628296,15595800
2026-08-24,91.4443359375,91.94137006110614,90.9075381739087,91.57356966348647,14787700
2026-08-25,91.0964126586914,91.53380511002422,90.7584330983988,91.02682818544653,11940100
2026-08-26,89.54566955566406,91.66303219256494,89.46614227567014,91.66303219256494,17133900
2026-08-27,88.5317153930664,89.49596280331046,88.43231008548368,88.87964534581421,13452600
2026-08-28,89.12816619873047,89.50590941727118,88.54166196600396,88.68083091936839,9887200
2026-08-31,88.14402770996094,88.99892699038024,88.07444323756117,88.97904896289688,23764800
2026-09-01,87.4780044555664,89.24744469586453,87.28912906447658,89.05856930477471,14824100
2026-09-02,87.71658325195312,88.42237082345903,87.20961388772017,87.37860367579782,18492800
2026-09-03,88.283203125,88.70071757413677,87.4879530370246,87.58735835000411,13763000
2026-09-04,87.54759216308594,88.38261345294723,87.32889593040467,88.064504326037,17290700
2026-09-08,87.83586883544922,88.02474422483915,87.03067600133623,87.03067600133623,19426900
2026-09-09,87.03067779541016,87.87563428597807,86.89150884798197,87.78616420026633,12337500
2026-09-10,87.30902099609375,88.43231544978137,87.27920016042388,88.05457222439757,12019900
2026-09-11,87.76628875732422,88.12415394243344,87.28913264913226,87.9154005151429,9988700
2026-09-14,88.81999969482422,89.82401078563296,88.34285116542739,89.46614559651577,14066100
2026-09-15,88.70999908447266,88.9000015258789,87.80000305175781,88.52999877929688,13148900
2026-09-16,87.87000274658203,88.66000366210938,87.73999786376953,88.4800033569336,17074800
2026-09-17,88.05999755859375,88.33000183105469,87.51000213623047,88.08000183105469,16563600
2026-09-18,88.25,88.29000091552734,87.5199966430664,87.80000305175781,28048200
2026-09-21,87.12000274658203,88.5,87.12000274658203,88.31999969482422,18100400
